code,size,rooms,price,url,image_url,type,neighborhood,street,bedrooms,floor,interior,bathrooms,year_built,description,central_heating,yard
A11071,50 m²,3,400 €,https://www.novelestate.com/estate_view.html?id=A11071,https://novelestate.com/images/estate/20306/11.jpg,rent,Козле,,2,високо приземје,Наместен,1,2011,"Се издава наместен стан во Скопје, Козле со површина од 50 m2.
 Екстра: Клима, Греење на струја, Паркинг.
 Цена: 400 EUR",,
A12152,125 m²,4,1300 €,https://www.novelestate.com/estate_view.html?id=A12152,https://novelestate.com/images/estate/22195/29.jpg,rent,Кисела Вода,,3,15,Наместен,2,,"Се издава наместен стан во Скопје, Кисела Вода со површина од 125 m2.
 Екстра: Клима, Лифт, Нова Зграда, Паркинг, Сопствено парно.
 Цена: 1300 EUR",,
A11907,84 m²,2,500 €,https://www.novelestate.com/estate_view.html?id=A11907,https://novelestate.com/images/estate/21776/viber_image_2024-11-04_13-03-31-433.jpg,rent,Карпош 1,ул.Мирка Гинова,1,2,Наместен,1,,"Се издава наместен стан во Скопје, Карпош 1 со површина од 84 m2.
 Екстра: Клима, Сопствено парно, Интернет, Кабловска ТВ, Нова Зграда, Паркинг.
 Цена: 500 EUR",,
A5587,115 m²,4,500 €,https://www.novelestate.com/estate_view.html?id=A5587,https://novelestate.com/images/estate/10277/DSC02845.JPG,rent,Центар,,3,1/3,Наместен,2,,"Се издава наместен стан во Скопје, Центар со површина од 115 m2.
 Екстра: Клима, Греење на струја, Лифт, Краток престој.
 Цена: 500 EUR",,
A11191,54 m²,2,400 €,https://www.novelestate.com/estate_view.html?id=A11191,https://novelestate.com/images/estate/20520/5.jpg,rent,Козле,,1,1,Наместен,1,2017,"Се издава наместен стан во Скопје, Козле со површина од 54 m2.
 Екстра: Клима, Сопствено парно, Нова Зграда, Гаража.
 Цена: 400 EUR",,
A14979,116 m²,5,850 €,https://ww    w.novelestate.com/estate_view.html?id=A14979,https://novelestate.com/images/estate/27071/se-izdava-stan-vo-karpos-4 (4).jpeg,rent,Карпош 4,,4,1,Наместен,2,,"Се издава наместен стан во Скопје, Карпош 4 со површина од 116 m2.
 Екстра: Клима, Централно Парно, Лифт, Нова Зграда.
 Цена: 850 EUR",Yes,
A15012,93 m²,4,1300 €,https://www.novelestate.com/estate_view.html?id=A15012,https://novelestate.com/images/estate/27124/viber_image_2024-08-30_12-23-40-068.jpg,rent,Водно,,3,3/3,Наместен,2,,"Целосно наместен стан со три спални соби (93м2+40м2 тераса), опремен со модерен мебел, во населбата Водно.Пространа распределба со отворен концепт на дневната соба и големи прозорци за обилна природна светлина;- Целосно опремена кујна со сите потребни апарати;- Кровна тераса (дополнителни 40м2) опремена со седечки сет и дрвена пергола, како и дополнителен тоалет;- Главна спална соба со кревет со димензии „king-size“;- 2 дополнителни спални соби (едната целосно опремена детска соба);- Неколку плакари со доволно простор за складирање во секоја од собите;- Приватен балкон на нивото на станот за уживање во утринското кафе или релаксирање со вечерни погледи кон градот;- 1 бања со туш кабина;- 1 тоалет со вклучена машина за перење и сушење;- Приватно паркинг место во затворена гаража.",,
A13907,85 m²,3,800 €,https://www.novelestate.com/estate_view.html?id=A13907,https://novelestate.com/images/estate/24998/viber_image_2021-11-29_12-06-03-378.jpg,rent,Капиштец,,,4/7,Наместен,2,,"Се издава наместен стан во Скопје, Капиштец со површина од 85 m2.
 Екстра: Централно Парно, Лифт, Нова Зграда, Гаража, Клима.
 Цена: 800 EUR",Yes,
A11696,50 m²,2,Please contact,https://www.novelestate.com/estate_view.html?id=A11696,https://novelestate.com/images/estate/21434/Se-izdava-namesten-stan-od-50m2-vo-Centar.jpeg,rent,Центар,,1,4,Наместен,1,,"Се издава наместен стан во Скопје, Центар со површина од 50 m2.
 Екстра: Клима, Централно Парно.
 Цена: 0 EUR",Yes,
A6298,53 m²,3,400 €,https://www.novelestate.com/estate_view.html?id=A6298,https://novelestate.com/images/estate/11285/45645056_492345747916023_8054759565016694784_n.jpg,rent,Тафталиџе 1,,2,2/3,Наместен,1,,"Се издава наместен стан во Скопје, Тафталиџе 1 со површина од 53 m2.
 Екстра: Клима, Сопствено парно, Интернет, Нова Зграда, Паркинг.
 Цена: 400 EUR",,
A12729,53 m²,2,Please contact,https://www.novelestate.com/estate_view.html?id=A12729,https://novelestate.com/images/estate/23208/Se-izdava-stan-vo-Adora-Flatiron (3).jpeg,rent,Кисела Вода,,1,2,Празен,1,,"Се издава празен стан во Скопје, Кисела Вода со површина од 53 m2.
 Екстра: Клима, Централно Парно, Лифт, Нова Зграда.
 Цена: 0 EUR",Yes,
A9979,66 m²,3,500 €,https://www.novelestate.com/estate_view.html?id=A9979,https://novelestate.com/images/estate/18305/2.jpeg,rent,Дебар Маало,,2,2/4,Наместен,1,,"Се издава наместен стан во Скопје, Дебар Маало со површина од 66 m2.
 Екстра: Клима, Централно Парно, Лифт, Паркинг.
 Цена: 500 EUR",Yes,
A9242,78 m²,3,400 €,https://www.novelestate.com/estate_view.html?id=A9242,https://novelestate.com/images/estate/17036/ImageHandler (1).jpg,rent,Карпош 2,,2,5,Наместен,2,,"Се издава наместен стан во Скопје, Карпош 2 со површина од 78 m2.
 Екстра: Клима, Централно Парно, Лифт, Нова Зграда, Студенти, Миленичиња.
 Цена: 400 EUR",Yes,
A15524,40 m²,2,370 €,https://www.novelestate.com/estate_view.html?id=A15524,https://novelestate.com/images/estate/27946/1.jpg,rent,Ново Лисиче,,1,4,Наместен,1,,"Се издава наместен стан во Скопје, Ново Лисиче со површина од 40 m2.
 Екстра: Клима, Сопствено парно, Лифт, Нова Зграда, Паркинг.
 Цена: 370 EUR",,
A15523,73 m²,3,400 €,https://www.novelestate.com/estate_view.html?id=A15523,https://novelestate.com/images/estate/27945/3.jpg,rent,Капиштец,,2,1,Празен,2,,"Се издава празен стан во Скопје, Капиштец со површина од 73 m2.
 Екстра: Клима, Централно Парно, Лифт, Нова Зграда.
 Цена: 400 EUR",Yes,
A15522,47 m²,2,400 €,https://www.novelestate.com/estate_view.html?id=A15522,https://novelestate.com/images/estate/27944/1.jpg,rent,Дебар Маало,,1,2,Наместен,1,,"Се издава наместен стан во Скопје, Дебар Маало со површина од 47 m2.
 Екстра: Клима, Греење на струја, Лифт.
 Цена: 400 EUR",,
A15521,110 m²,4,370 €,https://www.novelestate.com/estate_view.html?id=A15521,https://novelestate.com/images/estate/27943/1.jpg,rent,Црниче,,3,2,Наместен,1,,"Се издава наместен стан во Скопје, Црниче со површина од 110 m2.
 Екстра: Клима, Греење на струја.
 Цена: 370 EUR",,
A15520,47 m²,2,420 €,https://www.novelestate.com/estate_view.html?id=A15520,https://novelestate.com/images/estate/27942/2.jpg,rent,Аеродром - Нова Железничка,,1,8,Наместен,1,,"Се издава наместен стан во Скопје, Аеродром - Нова Железничка со површина од 47 m2.
 Екстра: Клима, Централно Парно, Лифт, Нова Зграда.
 Цена: 420 EUR",Yes,
A15519,73 m²,3,450 €,https://www.novelestate.com/estate_view.html?id=A15519,https://novelestate.com/images/estate/27941/1.jpg,rent,Центар,,2,1,Наместен,1,,"Се издава наместен стан во Скопје, Центар со површина од 73 m2.
 Екстра: Клима, Сопствено парно, Лифт, Нова Зграда.
 Цена: 450 EUR",,
A15518,75 m²,3,600 €,https://www.novelestate.com/estate_view.html?id=A15518,https://novelestate.com/images/estate/27940/8.jpg,rent,Карпош 3,,2,8,Наместен,1,,"Се издава наместен стан во Скопје, Карпош 3 со површина од 75 m2.
 Екстра: Клима, Централно Парно, Лифт, Нова Зграда, Гаража.
 Цена: 600 EUR",Yes,
A14494,44 m²,2,230 €,https://www.novelestate.com/estate_view.html?id=A14494,https://novelestate.com/images/estate/26319/f3c1c044-2331-4746-8501-e99e2fcf5a3d.jpg,rent,Аеродром,,1,9,Празен,1,,"Се издава празен стан во Скопје, Аеродром со површина од 44 m2.
 Екстра: Лифт, Нова Зграда, Кујнски елементи, Кујнски апарати.
 Цена: 230 EUR",,
A13299,60 m²,3,580 €,https://www.novelestate.com/estate_view.html?id=A13299,https://novelestate.com/images/estate/24116/Se-iznajmuva-Renoviran-Ekskluziven-stan-vo-centar.jpeg,rent,Центар - Универзална Сала,,2,3/7,Наместен,1,,"Се издава наместен стан во Скопје, Центар - Универзална Сала со површина од 60 m2.
 Екстра: Клима, Сопствено парно, Паркинг.
 Цена: 580 EUR",,
A9866,77 m²,3,550 €,https://www.novelestate.com/estate_view.html?id=A9866,https://novelestate.com/images/estate/18058/se-izdava-luksuzen-trosoben-stan-kompleks-mida (3).jpeg,rent,Карпош 2,,2,1,Наместен,2,,"Се издава наместен стан во Скопје, Карпош 2 со површина од 77 m2.
 Екстра: Клима, Централно Парно, Лифт, Нова Зграда, Гаража.
 Цена: 550 EUR",Yes,
A15517,54 m²,2,350 €,https://www.novelestate.com/estate_view.html?id=A15517,https://novelestate.com/images/estate/27934/1.jpeg,rent,Кисела Вода,,1,6,Наместен,1,,"Се издава наместен стан во Скопје, Кисела Вода со површина од 54 m2.
 Екстра: Клима, Централно Парно, Лифт.
 Цена: 350 EUR",Yes,
A12188,37 m²,1,330 €,https://www.novelestate.com/estate_view.html?id=A12188,https://novelestate.com/images/estate/22246/4.jpg,rent,Дебар Маало,,,3,Наместен,1,,"Се издава наместен стан во Скопје, Дебар Маало со површина од 37 m2.
 Екстра: Клима, Сопствено парно, Лифт.
 Цена: 330 EUR",,
A11220,50 m²,2,290 €,https://www.novelestate.com/estate_view.html?id=A11220,https://novelestate.com/images/estate/20567/3.jpg,rent,Кисела Вода,,1,1/4,Наместен,1,,"Се издава наместен стан во Скопје, Кисела Вода со површина од 50 m2.
 Екстра: Клима, Паркинг.
 Цена: 290 EUR",,
A9276,65 m²,3,400 €,https://www.novelestate.com/estate_view.html?id=A9276,https://novelestate.com/images/estate/17100/7.jpg,rent,Мичурин,,2,приземје,Наместен,1,,"Се издава наместен стан во Скопје, Мичурин со површина од 65 m2.
 Екстра: Клима, Греење на струја.
 Цена: 400 EUR",,
A3462,65 m²,3,400 €,https://www.novelestate.com/estate_view.html?id=A3462,https://novelestate.com/images/estate/6427/1.jpg,rent,Дебар Маало,,2,2/4,Наместен,1,,"Се издава наместен стан во Скопје, Дебар Маало со површина од 65 m2.
 Екстра: Клима, Сопствено парно, Нова Зграда.
 Цена: 400 EUR",,
A14566,40 m²,2,380 €,https://www.novelestate.com/estate_view.html?id=A14566,https://novelestate.com/images/estate/26420/3.jpg,rent,Аеродром,,1,приземје,Наместен,1,,"Се издава наместен стан во Скопје, Аеродром со површина од 40 m2.
 Екстра: Клима, Централно Парно, Лифт, Нова Зграда.
 Цена: 380 EUR",Yes,
A15516,50 m²,2,300 €,https://www.novelestate.com/estate_view.html?id=A15516,https://novelestate.com/images/estate/27933/2.jpg,rent,Карпош 4,,1,2,Наместен,1,,"Се издава наместен стан во Скопје, Карпош 4 со површина од 50 m2.
 Екстра: Клима, Централно Парно, Лифт, Нова Зграда, Паркинг.
 Цена: 300 EUR",Yes,
A5920,40 m²,2,300 €,https://www.novelestate.com/estate_view.html?id=A5920,https://novelestate.com/images/estate/10730/ImageHandler (1).jpg,rent,Центар - Универзална Сала,,1,високо приземје,Наместен,1,,"Се издава наместен стан во Скопје, Центар - Универзална Сала со површина од 40 m2.
 Екстра: Клима, Лифт, Нова Зграда.
 Цена: 300 EUR",,
A15441,81 m²,3,630 €,https://www.novelestate.com/estate_view.html?id=A15441,https://novelestate.com/images/estate/27813/0a622fe6-f88c-493b-9d45-856ca69a537f.jpg,rent,Центар,,2,12,Наместен,2,,"Се издава наместен стан во Скопје, Центар со површина од 81 m2.
 Екстра: Клима, Централно Парно, Лифт.
 Цена: 630 EUR",Yes,
A15440,55 m²,2,400 €,https://www.novelestate.com/estate_view.html?id=A15440,https://novelestate.com/images/estate/27812/d40d3fde-9f09-4bf7-b45a-fd39049adc84.jpg,rent,Дебар Маало,,1,1,Наместен,1,,"Се издава наместен стан во Скопје, Дебар Маало со површина од 55 m2.
 Екстра: Клима, Греење на струја.
 Цена: 400 EUR",,
A11152,66 m²,3,350 €,https://www.novelestate.com/estate_view.html?id=A11152,https://novelestate.com/images/estate/20452/Se-izdava-stan-vo-Karpos-sproti-gimnazija-Gjorgi (4).jpeg,rent,Тафталиџе 1,,2,3,Празен,1,,"Се издава празен стан во Скопје, Тафталиџе 1 со површина од 66 m2.
 Екстра: Сопствено парно.
 Цена: 350 EUR",,
A15479,77 m²,2,500 €,https://www.novelestate.com/estate_view.html?id=A15479,https://novelestate.com/images/estate/27874/5.jpg,rent,Центар,,1,4,Наместен,1,,"Се издава наместен стан во Скопје, Центар со површина од 77 m2.
 Екстра: Клима, Централно Парно, Лифт.
 Цена: 500 EUR",Yes,
A13876,44 m²,2,280 €,https://www.novelestate.com/estate_view.html?id=A13876,https://novelestate.com/images/estate/25151/4d2e5ef5-8663-4204-b272-27abe8e6eba5.jpg,rent,Кисела Вода,,1,3,Наместен,1,,"Се издава наместен стан во Скопје, Кисела Вода со површина од 44 m2.
 Екстра: Клима, Греење на струја, Лифт, Нова Зграда.
 Цена: 280 EUR",,
A15397,57 m²,2,350 €,https://www.novelestate.com/estate_view.html?id=A15397,https://novelestate.com/images/estate/27750/2.jpg,rent,Кисела Вода,,1,1,Наместен,1,,"Се издава наместен стан во Скопје, Кисела Вода со површина од 57 m2.
 Екстра: Клима, Централно Парно, Лифт, Нова Зграда.
 Цена: 350 EUR",Yes,
A15418,66 m²,3,600 €,https://www.novelestate.com/estate_view.html?id=A15418,https://novelestate.com/images/estate/27784/7.jpg,rent,Аеродром,,2,6,Наместен,1,,"Се издава наместен стан во Скопје, Аеродром со површина од 66 m2.
 Екстра: Клима, Централно Парно, Лифт, Нова Зграда, Паркинг.
 Цена: 600 EUR",Yes,
A2191,65 m²,3,470 €,https://www.novelestate.com/estate_view.html?id=A2191,https://novelestate.com/images/estate/4488/2.jpg,rent,Центар,Позади Универзална Сала,,3/5,Наместен,1,,"Се издава наместен стан во Скопје, Центар со површина од 65 m2.
 Екстра: Централно Парно, Лифт, Клима, Гаража.
 Цена: 470 EUR",Yes,
A9528,26 m²,1,230 €,https://www.novelestate.com/estate_view.html?id=A9528,https://novelestate.com/images/estate/17464/1.jpg,rent,Аеродром,,,6,Наместен,1,,"Се издава наместен стан во Скопје, Аеродром со површина од 26 m2.
 Екстра: Централно Парно, Лифт, Нова Зграда.
 Цена: 230 EUR",Yes,
A15391,70 m²,3,550 €,https://www.novelestate.com/estate_view.html?id=A15391,https://novelestate.com/images/estate/27737/1.jpg,rent,Центар,,2,4,Наместен,1,,"Се издава наместен стан во Скопје, Центар со површина од 70 m2.
 Екстра: Клима, Централно Парно, Лифт, Нова Зграда.
 Цена: 550 EUR",Yes,
A14852,65 m²,3,400 €,https://www.novelestate.com/estate_view.html?id=A14852,https://novelestate.com/images/estate/26879/7.jpeg,rent,Кисела Вода,,2,1,Наместен,1,,"Се издава наместен стан во Скопје, Кисела Вода со површина од 65 m2.
 Екстра: Клима, Централно Парно, Лифт, Нова Зграда, Гаража.
 Цена: 400 EUR",Yes,
A12562,52 m²,2,380 €,https://www.novelestate.com/estate_view.html?id=A12562,https://novelestate.com/images/estate/22903/4.jpg,rent,Тафталиџе 1,,1,2,Наместен,1,,"Се издава наместен стан во Скопје, Тафталиџе 1 со површина од 52 m2.
 Екстра: Клима, Сопствено парно, Лифт, Паркинг.
 Цена: 380 EUR",,
A15292,55 m²,2,450 €,https://www.novelestate.com/estate_view.html?id=A15292,https://novelestate.com/images/estate/27579/9.jpg,rent,Центар - Универзална Сала,,1,2,Наместен,1,,"Се издава наместен стан во Скопје, Центар - Универзална Сала со површина од 55 m2.
 Екстра: Клима, Сопствено парно, Лифт, Нова Зграда, Паркинг.
 Цена: 450 EUR",,
A14405,47 m²,2,300 €,https://www.novelestate.com/estate_view.html?id=A14405,https://novelestate.com/images/estate/26129/2.jpg,rent,Кисела Вода,,1,2,Празен,1,,"Се издава празен стан во Скопје, Кисела Вода со површина од 47 m2.
 Екстра: Централно Парно, Лифт.
 Цена: 300 EUR",Yes,
A15217,33 m²,1,270 €,https://www.novelestate.com/estate_view.html?id=A15217,https://novelestate.com/images/estate/27429/2.jpg,rent,Центар,,,1,Празен,1,,"Се издава празен стан во Скопје, Центар со површина од 33 m2.
 Екстра: Клима, Централно Парно, Лифт, Нова Зграда.
 Цена: 270 EUR",Yes,
A11816,34 m²,1,250 €,https://www.novelestate.com/estate_view.html?id=A11816,https://novelestate.com/images/estate/21625/Se-izdava-garsonjera-sproti-Olimpiko-vo-Taftalidze.jpeg,rent,Тафталиџе 2,,,7,Наместен,1,,"Се издава наместен стан во Скопје, Тафталиџе 2 со површина од 34 m2.
 Екстра: Клима, Централно Парно, Лифт, Паркинг.
 Цена: 250 EUR",Yes,
A15481,47 m²,2,400 €,https://www.novelestate.com/estate_view.html?id=A15481,https://novelestate.com/images/estate/27879/5.jpg,rent,Карпош 1,,1,4,Наместен,1,,"Се издава наместен стан во Скопје, Карпош 1 со површина од 47 m2.
 Екстра: Клима, Централно Парно, Лифт.
 Цена: 400 EUR",Yes,
A12510,66 m²,3,680 €,https://www.novelestate.com/estate_view.html?id=A12510,https://novelestate.com/images/estate/22812/Dnevna_01.jpg,rent,Аеродром,,2,18,Наместен,1,,"Се издава наместен стан во Скопје, Аеродром со површина од 66 m2.
 Екстра: Клима, Централно Парно, Лифт, Нова Зграда, Гаража.
 Цена: 680 EUR",Yes,
A15354,88 m²,3,500 €,https://www.novelestate.com/estate_view.html?id=A15354,https://novelestate.com/images/estate/27670/0.jpeg,rent,Аеродром - Нова Железничка,бул.Кузман Јосифовски Питу,2,7,Наместен,2,,"Се издава наместен стан во Скопје, Аеродром - Нова Железничка со површина од 88 m2.
 Екстра: Клима, Централно Парно, Лифт.
 Цена: 500 EUR",Yes,
A15086,176 m²,4,1200 €,https://www.novelestate.com/estate_view.html?id=A15086,https://novelestate.com/images/estate/27223/fb02c912-fe9c-4cde-962b-bc1eb2718eef.jpg,rent,Волково,Верина,3,2,Наместен,2,,"Се издава наместен стан во Скопје, Волково со површина од 176 m2.
 Екстра: Централно Парно, Нова Зграда, Паркинг.
 Цена: 1200 EUR",Yes,
A14394,64 m²,3,500 €,https://www.novelestate.com/estate_view.html?id=A14394,https://novelestate.com/images/estate/26107/izdavam-nov-stan-od-64m2-vo-crnice.jpeg,rent,Црниче,ул.Востаничка,2,4,Наместен,1,,"Се издава наместен стан во Скопје, Црниче со површина од 64 m2.
 Екстра: Клима, Лифт, Паркинг.
 Цена: 500 EUR",,
A14992,35 m²,2,250 €,https://www.novelestate.com/estate_view.html?id=A14992,https://novelestate.com/images/estate/27091/4.jpg,rent,Кисела Вода,,1,8/8,Наместен,1,,"Се издава наместен стан во Скопје, Кисела Вода со површина од 35 m2.
 Екстра: Клима, Лифт.
 Цена: 250 EUR",,
A15515,65 m²,3,450 €,https://www.novelestate.com/estate_view.html?id=A15515,https://novelestate.com/images/estate/27925/1.jpg,rent,Центар,ул. Афузпашина,2,5,Наместен,1,2023,"Се издава наместен стан во Скопје, Центар со површина од 65 m2.
 Екстра: Сопствено парно, Лифт, Нова Зграда, Клима.
 Цена: 450 EUR",,
A13989,90 m²,3,500 €,https://www.novelestate.com/estate_view.html?id=A13989,https://novelestate.com/images/estate/25372/258207109_936474757280783_2476484449614326279_n.jpg,rent,Козле,,2,1,Наместен,2,,"Се издава наместен стан во Скопје, Козле со површина од 90 m2.
 Екстра: Клима, Сопствено парно, Паркинг.
 Цена: 500 EUR",,
A15335,60 m²,3,800 €,https://www.novelestate.com/estate_view.html?id=A15335,https://novelestate.com/images/estate/27640/9.jpeg,rent,Карпош 3,,2,2,Наместен,1,,"Се издава наместен стан во Скопје, Карпош 3 со површина од 60 m2.
 Екстра: Клима, Централно Парно, Лифт, Нова Зграда, Паркинг.
 Цена: 800 EUR",Yes,
A14476,50 m²,2,480 €,https://www.novelestate.com/estate_view.html?id=A14476,https://novelestate.com/images/estate/26263/1.jpeg,rent,Центар,,1,3,Наместен,1,,"Се издава наместен стан во Скопје, Центар со површина од 50 m2.
 Екстра: Клима, Сопствено парно, Лифт, Нова Зграда.
 Цена: 480 EUR",,
A15021,45 m²,2,420 €,https://www.novelestate.com/estate_view.html?id=A15021,https://novelestate.com/images/estate/27136/2.jpeg,rent,Капиштец,ул.Елисие Поповски,1,4,Наместен,1,,"Се издава наместен стан во Скопје, Капиштец со површина од 45 m2.
 Екстра: Лифт, Нова Зграда, Клима, Централно Парно.
 Цена: 420 EUR",Yes,
A12644,40 m²,2,280 €,https://www.novelestate.com/estate_view.html?id=A12644,https://novelestate.com/images/estate/23048/Se-izdava-namesten-stan-vo-Novo-Lisice-.jpeg,rent,Ново Лисиче,,1,приземје,Празен,1,,"Се издава празен стан во Скопје, Ново Лисиче со површина од 40 m2.
 Екстра: Клима, Централно Парно, Лифт.
 Цена: 280 EUR",Yes,
A14674,50 m²,2,260 €,https://www.novelestate.com/estate_view.html?id=A14674,https://novelestate.com/images/estate/26590/izdavam-stan-vo-aerodrom-50m2.jpeg,rent,Аеродром - Нова Железничка,ул.Владимир Комаров,1,3,Наместен,1,,"Се издава наместен стан во Скопје, Аеродром - Нова Железничка со површина од 50 m2.
 Екстра: Клима, Централно Парно, Лифт.
 Цена: 260 EUR",Yes,
A14821,47 m²,2,600 €,https://www.novelestate.com/estate_view.html?id=A14821,https://novelestate.com/images/estate/26828/se-izdava-luksuzno-namesten-stan.jpeg,rent,Аеродром,Cevahir Sky City,1,16,Наместен,1,,"Се издава наместен стан во Скопје, Аеродром со површина од 47 m2.
 Екстра: Клима, Централно Парно, Лифт, Нова Зграда, Паркинг.
 Цена: 600 EUR",Yes,
A12029,40 m²,2,Please contact,https://www.novelestate.com/estate_view.html?id=A12029,https://novelestate.com/images/estate/21982/Stan-vo-blizina-na-City-Mall- (1).jpeg,rent,Карпош 3,,1,3,Наместен,1,,"Се издава наместен стан во Скопје, Карпош 3 со површина од 40 m2.
 Екстра: Клима, Централно Парно.
 Цена: 0 EUR",Yes,
A15206,80 m²,3,580 €,https://www.novelestate.com/estate_view.html?id=A15206,https://novelestate.com/images/estate/27405/2.jpeg,rent,Козле,,2,1,Наместен,1,,"Се издава наместен стан во Скопје, Козле со површина од 80 m2.
 Екстра: Клима, Греење на струја.
 Цена: 580 EUR",,
A0224,45 m²,2,300 €,https://www.novelestate.com/estate_view.html?id=A0224,https://novelestate.com/images/estate/1183/viber_image_2025-07-07_11-27-09-761.jpg,rent,Кисела Вода,,,високо  приземје,Наместен,1,,"Се издава наместен стан во Скопје, Кисела Вода со површина од 45 m2.
 Екстра: Греење на струја.
 Цена: 300 EUR",,
A15514,120 m²,4,450 €,https://www.novelestate.com/estate_view.html?id=A15514,https://novelestate.com/images/estate/27924/14.jpg,rent,Козле,,3,1 и 2,Наместен,2,,"Се издава наместен стан во Скопје, Козле со површина од 120 m2.
 Екстра: Клима, Греење на струја.
 Цена: 450 EUR",,
A15513,77 m²,3,450 €,https://www.novelestate.com/estate_view.html?id=A15513,https://novelestate.com/images/estate/27923/1.jpeg,rent,Центар,,2,1,Наместен,1,,"Се издава наместен стан во Скопје, Центар со површина од 77 m2.
 Екстра: Клима, Сопствено парно, Лифт, Нова Зграда, Паркинг.
 Цена: 450 EUR",,
A15512,63 m²,2,450 €,https://www.novelestate.com/estate_view.html?id=A15512,https://novelestate.com/images/estate/27922/1.jpeg,rent,Центар,,1,2,Наместен,1,,"Се издава наместен стан во Скопје, Центар со површина од 63 m2.
 Екстра: Клима, Централно Парно, Лифт.
 Цена: 450 EUR",Yes,
A15511,54 m²,2,350 €,https://www.novelestate.com/estate_view.html?id=A15511,https://novelestate.com/images/estate/27921/2.jpeg,rent,Карпош 3,,1,5,Наместен,1,,"Се издава наместен стан во Скопје, Карпош 3 со површина од 54 m2.
 Екстра: Клима, Централно Парно, Лифт.
 Цена: 350 EUR",Yes,
A15510,58 m²,2,380 €,https://www.novelestate.com/estate_view.html?id=A15510,https://novelestate.com/images/estate/27920/7.jpeg,rent,Капиштец,,1,10,Наместен,1,,"Се издава наместен стан во Скопје, Капиштец со површина од 58 m2.
 Екстра: Клима, Централно Парно, Лифт.
 Цена: 380 EUR",Yes,
A15509,55 m²,2,300 €,https://www.novelestate.com/estate_view.html?id=A15509,https://novelestate.com/images/estate/27919/3.jpeg,rent,Центар,,1,1,Наместен,1,,"Се издава наместен стан во Скопје, Центар со површина од 55 m2.
 Екстра: Клима, Централно Парно, Лифт.
 Цена: 300 EUR",Yes,
A15508,96 m²,3,600 €,https://www.novelestate.com/estate_view.html?id=A15508,https://novelestate.com/images/estate/27918/1.jpeg,rent,Тафталиџе 1,,2,4,Наместен,2,,"Се издава наместен стан во Скопје, Тафталиџе 1 со површина од 96 m2.
 Екстра: Клима, Централно Парно, Лифт, Нова Зграда, Паркинг.
 Цена: 600 EUR",Yes,
A15507,40 m²,2,350 €,https://www.novelestate.com/estate_view.html?id=A15507,https://novelestate.com/images/estate/27917/3.jpeg,rent,Центар,,1,4/5,Наместен,1,,"Се издава наместен стан во Скопје, Центар со површина од 40 m2.
 Екстра: Клима, Сопствено парно, Лифт, Нова Зграда.
 Цена: 350 EUR",,
A15506,50 m²,2,500 €,https://www.novelestate.com/estate_view.html?id=A15506,https://novelestate.com/images/estate/27916/4.jpeg,rent,Дебар Маало,,1,2,Наместен,1,,"Се издава наместен стан во Скопје, Дебар Маало со површина од 50 m2.
 Екстра: Клима, Централно Парно, Лифт, Нова Зграда.
 Цена: 500 EUR",Yes,
A15505,50 m²,2,880 €,https://www.novelestate.com/estate_view.html?id=A15505,https://novelestate.com/images/estate/27915/7.jpeg,rent,Центар,,1,11,Наместен,1,,"Се издава наместен стан во Скопје, Центар со површина од 50 m2.
 Екстра: Клима, Централно Парно, Лифт, Нова Зграда, Паркинг.
 Цена: 880 EUR",Yes,
A15504,55 m²,3,350 €,https://www.novelestate.com/estate_view.html?id=A15504,https://novelestate.com/images/estate/27914/1.jpeg,rent,11ти Октомври,,2,1,Наместен,1,,"Се издава наместен стан во Скопје, 11ти Октомври со површина од 55 m2.
 Екстра: Клима, Сопствено парно, Паркинг.
 Цена: 350 EUR",,
A15503,53 m²,3,380 €,https://www.novelestate.com/estate_view.html?id=A15503,https://novelestate.com/images/estate/27913/2.jpeg,rent,Центар,,2,1,Наместен,1,,"Се издава наместен стан во Скопје, Центар со површина од 53 m2.
 Екстра: Клима, Централно Парно, Лифт, Нова Зграда.
 Цена: 380 EUR",Yes,
A15502,47 m²,2,360 €,https://www.novelestate.com/estate_view.html?id=A15502,https://novelestate.com/images/estate/27912/1.jpeg,rent,Дебар Маало,,1,3,Наместен,1,,"Се издава наместен стан во Скопје, Дебар Маало со површина од 47 m2.
 Екстра: Клима, Централно Парно, Лифт, Нова Зграда.
 Цена: 360 EUR",Yes,
A15501,61 m²,2,400 €,https://www.novelestate.com/estate_view.html?id=A15501,https://novelestate.com/images/estate/27911/3.jpeg,rent,Карпош 2,,1,4,Наместен,1,,"Се издава наместен стан во Скопје, Карпош 2 со површина од 61 m2.
 Екстра: Клима, Централно Парно, Лифт, Нова Зграда.
 Цена: 400 EUR",Yes,
A15500,41 m²,2,350 €,https://www.novelestate.com/estate_view.html?id=A15500,https://novelestate.com/images/estate/27910/3.jpeg,rent,Аеродром,,1,високо  приземје,Наместен,1,,"Се издава наместен стан во Скопје, Аеродром со површина од 41 m2.
 Екстра: Клима, Греење на струја, Лифт.
 Цена: 350 EUR",,
A14898,50 m²,2,400 €,https://www.novelestate.com/estate_view.html?id=A14898,https://novelestate.com/images/estate/26950/1.jpg,rent,Дебар Маало,,1,1,Наместен,1,,"Се издава наместен стан во Скопје, Дебар Маало со површина од 50 m2.
 Екстра: Клима, Централно Парно, Лифт, Нова Зграда.
 Цена: 400 EUR",Yes,
A13931,50 m²,2,400 €,https://www.novelestate.com/estate_view.html?id=A13931,https://novelestate.com/images/estate/25249/Se-iznajmuva-namesten-stan-vo-Centar.jpeg,rent,Центар,,1,4,Наместен,1,,"Се издава наместен стан во Скопје, Центар со површина од 50 m2.
 Екстра: Клима, Централно Парно, Лифт.
 Цена: 400 EUR",Yes,
A15452,40 m²,2,350 €,https://www.novelestate.com/estate_view.html?id=A15452,https://novelestate.com/images/estate/27833/4.jpeg,rent,Центар - Универзална Сала,,1,6/6,Наместен,1,,"Се издава наместен стан во Скопје, Центар - Универзална Сала со површина од 40 m2.
 Екстра: Клима, Централно Парно, Лифт, Нова Зграда.
 Цена: 350 EUR",Yes,
A13812,43 m²,2,380 €,https://www.novelestate.com/estate_view.html?id=A13812,https://novelestate.com/images/estate/25055/4.jpeg,rent,Центар - Универзална Сала,ул.Рајко Жинзифов,1,приземје,Наместен,1,,"Се издава наместен стан во Скопје, Центар - Универзална Сала со површина од 43 m2.
 Екстра: Клима, Централно Парно.
 Цена: 380 EUR",Yes,
A15348,50 m²,2,400 €,https://www.novelestate.com/estate_view.html?id=A15348,https://novelestate.com/images/estate/27663/0.jpeg,rent,Дебар Маало,ул.Алберт Ајнштајн,1,2,Наместен,1,,"Се издава наместен стан во Скопје, Дебар Маало со површина од 50 m2.
 Екстра: Клима, Лифт.
 Цена: 400 EUR",,
A11490,51 m²,2,400 €,https://www.novelestate.com/estate_view.html?id=A11490,https://novelestate.com/images/estate/21071/4.jpg,rent,Центар - Универзална Сала,,1,4,Наместен,1,,"Се издава наместен стан во Скопје, Центар - Универзална Сала со површина од 51 m2.
 Екстра: Клима, Централно Парно, Лифт.
 Цена: 400 EUR",Yes,
A15468,31 m²,1,320 €,https://www.novelestate.com/estate_view.html?id=A15468,https://novelestate.com/images/estate/27857/5.jpg,rent,Кисела Вода,,,6,Наместен,1,,"Се издава наместен стан во Скопје, Кисела Вода со површина од 31 m2.
 Екстра: Клима, Централно Парно, Лифт, Нова Зграда.
 Цена: 320 EUR",Yes,
A8894,95 m²,3,800 €,https://www.novelestate.com/estate_view.html?id=A8894,https://novelestate.com/images/estate/4786/1.jpeg,rent,Центар,,2,1,Наместен,2,,"Се издава наместен стан во Скопје, Центар со површина од 95 m2.
 Екстра: Централно Парно, Паркинг, Употребна дозвола, Гаража.
 Цена: 800 EUR",Yes,
A15403,86 m²,3,650 €,https://www.novelestate.com/estate_view.html?id=A15403,https://novelestate.com/images/estate/27766/2.jpg,rent,Центар,,2,3/12,Наместен,2,,"Се издава наместен стан во Скопје, Центар со површина од 86 m2.
 Екстра: Клима, Централно Парно, Лифт.
 Цена: 650 EUR",Yes,
A15471,30 m²,1,250 €,https://www.novelestate.com/estate_view.html?id=A15471,https://novelestate.com/images/estate/27862/viber_image_2025-07-08_12-14-57-861.jpg,rent,Мичурин,,,6,Наместен,1,,"Се издава наместен стан во Скопје, Мичурин со површина од 30 m2.
 Екстра: Клима, Греење на струја, Лифт, Нова Зграда.
 Цена: 250 EUR",,
A15201,76 m²,3,600 €,https://www.novelestate.com/estate_view.html?id=A15201,https://novelestate.com/images/estate/27398/20241210_142948.jpg,rent,Карпош 1,,2,високо  приземје,Наместен,2,,"Се издава наместен стан во Скопје, Карпош 1 со површина од 76 m2.
 Екстра: Клима, Централно Парно, Реновиран.
 Цена: 600 EUR",Yes,
A11297,68 m²,2,350 €,https://www.novelestate.com/estate_view.html?id=A11297,https://novelestate.com/images/estate/20711/2.jpg,rent,Центар,,1,2,Наместен,2,,"Се издава наместен стан во Скопје, Центар со површина од 68 m2.
 Екстра: Централно Парно, Лифт, Паркинг, Клима.
 Цена: 350 EUR",Yes,
A14943,56 m²,2,350 €,https://www.novelestate.com/estate_view.html?id=A14943,https://novelestate.com/images/estate/27018/9.jpeg,rent,Козле,,1,1,Наместен,1,,"Се издава наместен стан во Скопје, Козле со површина од 56 m2.
 Екстра: Клима, Сопствено парно, Нова Зграда, Гаража, Аларм, Камера.
 Цена: 350 EUR",,
A5248,54 m²,2,350 €,https://www.novelestate.com/estate_view.html?id=A5248,https://novelestate.com/images/estate/9543/Fotografija1352.jpg,rent,Козле,,1,високо приземје,Наместен,1,2012,"Се издава наместен стан во Скопје, Козле со површина од 54 m2.
 Екстра: Лифт, Паркинг, Сопствено парно, Клима, Интернет, Кабловска ТВ, Нова Зграда.
 Цена: 350 EUR",,
A3661,60 m²,2,500 €,https://www.novelestate.com/estate_view.html?id=A3661,https://novelestate.com/images/estate/6797/Se-izdava-namesten-stan-.jpeg,rent,Карпош 3,,1,5,Наместен,1,2003,"Се издава наместен стан во Скопје, Карпош 3 со површина од 60 m2.
 Екстра: Клима, Централно Парно, Лифт.
 Цена: 500 EUR",Yes,
A14187,50 m²,2,450 €,https://www.novelestate.com/estate_view.html?id=A14187,https://novelestate.com/images/estate/25769/izdavam-stan-vo-kapishtecz-apartment-for-rent-in-center (4).jpeg,rent,Капиштец,,1,7/7,Наместен,1,,"Се издава наместен стан во Скопје, Капиштец со површина од 50 m2.
 Екстра: Клима, Централно Парно, Лифт, Нова Зграда.
 Цена: 450 EUR",Yes,
A15361,42 m²,2,350 €,https://www.novelestate.com/estate_view.html?id=A15361,https://novelestate.com/images/estate/27682/se-izdava-luksuzen-stan-na-vodno (1).jpeg,rent,Водно,Panorama Residence,1,4,Наместен,1,,"Се издава наместен стан во Скопје, Водно со површина од 42 m2.
 Екстра: Сопствено парно, Лифт.
 Цена: 350 EUR",,
A15073,45 m²,2,390 €,https://www.novelestate.com/estate_view.html?id=A15073,https://novelestate.com/images/estate/27208/1.jpeg,rent,Дебар Маало,,1,1,Наместен,1,,"Се издава наместен стан во Скопје, Дебар Маало со површина од 45 m2.
 Екстра: Клима, Греење на струја.
 Цена: 390 EUR",,
A14662,118 m²,3,1200 €,https://www.novelestate.com/estate_view.html?id=A14662,https://novelestate.com/images/estate/26570/1.jpeg,rent,Водно,,2,1,Наместен,3,,"Се издава наместен стан во Скопје, Водно со површина од 118 m2.
 Екстра: Клима, Сопствено парно, Лифт, Нова Зграда, Гаража.
 Цена: 1200 EUR",,
A11020,135 m²,5,1000 €,https://www.novelestate.com/estate_view.html?id=A11020,https://novelestate.com/images/estate/20181/viber_image_2024-02-13_11-19-34-357.jpg,rent,Дебар Маало,ул. Коста Веселинов,3,4-5,Наместен,3,,"Се издава наместен стан во Скопје, Дебар Маало со површина од 135 m2.
 Екстра: Клима, Сопствено парно, Лифт, Нова Зграда, Паркинг, Гаража, Базен.
 Цена: 1000 EUR",,
A15046,64 m²,2,330 €,https://www.novelestate.com/estate_view.html?id=A15046,https://novelestate.com/images/estate/27173/1.jpeg,rent,Капиштец,,1,6,Наместен,1,,"Се издава наместен стан во Скопје, Капиштец со површина од 64 m2.
 Екстра: Клима, Централно Парно, Лифт, Реновиран.
 Цена: 330 EUR",Yes,
A14352,80 m²,3,500 €,https://www.novelestate.com/estate_view.html?id=A14352,https://novelestate.com/images/estate/26044/se-iznajmuva-namesten-stan-vo-centar (2).jpeg,rent,Центар,,2,7,Наместен,2,,"Се издава наместен стан во Скопје, Центар со површина од 80 m2.
 Екстра: Клима, Централно Парно, Лифт, Нова Зграда, Паркинг.
 Цена: 500 EUR",Yes,
A7574,61 m²,3,Please contact,https://www.novelestate.com/estate_view.html?id=A7574,https://novelestate.com/images/estate/13791/izdavam-dvoipolsoben-stan-vo-reonski-czentar-aerodrom.jpeg,rent,Ново Лисиче,,2,1,Наместен,1,,"Се издава наместен стан во Скопје, Ново Лисиче со површина од 61 m2.
 Екстра: Клима, Централно Парно, Лифт, Нова Зграда.
 Цена: 0 EUR",Yes,
A15196,45 m²,2,600 €,https://www.novelestate.com/estate_view.html?id=A15196,https://novelestate.com/images/estate/27390/1.jpeg,rent,Аеродром,,1,31,Наместен,1,,"Се издава наместен стан во Скопје, Аеродром со површина од 45 m2.
 Екстра: Клима, Централно Парно, Лифт, Нова Зграда.
 Цена: 600 EUR",Yes,
A15122,77 m²,3,900 €,https://www.novelestate.com/estate_view.html?id=A15122,https://novelestate.com/images/estate/27270/apartment-for-rent-cevahir-sky-city-djevahir-dzevahir.jpeg,rent,Аеродром,Cevahir Sky City,2,36,Наместен,1,,"Се издава наместен стан во Скопје, Аеродром со површина од 77 m2.
 Екстра: Клима, Централно Парно, Лифт, Нова Зграда, Паркинг.
 Цена: 900 EUR",Yes,
A13320,51 m²,3,350 €,https://www.novelestate.com/estate_view.html?id=A13320,https://novelestate.com/images/estate/24140/3.jpeg,rent,Аеродром,,2,2,Наместен,1,,"Се издава наместен стан во Скопје, Аеродром со површина од 51 m2.
 Екстра: Клима, Централно Парно, Лифт, Реновиран, Гаража.
 Цена: 350 EUR",Yes,
A14449,68 m²,3,650 €,https://www.novelestate.com/estate_view.html?id=A14449,https://novelestate.com/images/estate/26217/namesten-stan-so-garaza-vo-cevahir-sky-city-17ti-kat.jpeg,rent,Аеродром,,2,17,Наместен,1,,"Се издава наместен стан во Скопје, Аеродром со површина од 68 m2.
 Екстра: Клима, Сопствено парно, Лифт, Нова Зграда, Паркинг.
 Цена: 650 EUR",,
A14377,43 m²,2,450 €,https://www.novelestate.com/estate_view.html?id=A14377,https://novelestate.com/images/estate/26088/se-izdava-nov-stan (2).jpeg,rent,Тафталиџе 1,,1,5,Наместен,1,,"Се издава наместен стан во Скопје, Тафталиџе 1 со површина од 43 m2.
 Екстра: Клима, Сопствено парно, Лифт, Нова Зграда.
 Цена: 450 EUR",,
A12835,54 m²,2,Please contact,https://www.novelestate.com/estate_view.html?id=A12835,https://novelestate.com/images/estate/23410/1.jpeg,rent,Карпош 3,,1,1,Наместен,1,,"Се издава наместен стан во Скопје, Карпош 3 со површина од 54 m2.
 Екстра: Клима, Централно Парно, Лифт, Нова Зграда.
 Цена: 0 EUR",Yes,
A14697,40 m²,2,320 €,https://www.novelestate.com/estate_view.html?id=A14697,https://novelestate.com/images/estate/26628/5.jpeg,rent,Центар,ул.Водњанска,1,1,Наместен,1,,"Се издава наместен стан во Скопје, Центар со површина од 40 m2.
 Екстра: Централно Парно, Нова Зграда, Паркинг.
 Цена: 320 EUR",Yes,
A14587,78 m²,4,800 €,https://www.novelestate.com/estate_view.html?id=A14587,https://novelestate.com/images/estate/26475/9.jpeg,rent,Аеродром,,3,9/10,Наместен,2,,"Се издава наместен стан во Скопје, Аеродром со површина од 78 m2.
 Екстра: Клима, Централно Парно, Лифт, Нова Зграда, Паркинг.
 Цена: 800 EUR",Yes,
A15216,80 m²,4,650 €,https://www.novelestate.com/estate_view.html?id=A15216,https://novelestate.com/images/estate/27421/1.jpeg,rent,Влае,,3,3,Наместен,2,,"Се издава наместен стан во Скопје, Влае со површина од 80 m2.
 Екстра: Клима, Сопствено парно, Нова Зграда, Паркинг.
 Цена: 650 EUR",,
A14305,80 m²,3,500 €,https://www.novelestate.com/estate_view.html?id=A14305,https://novelestate.com/images/estate/25965/se-izdava-renoviran-stan-na-ul-bihacka-pavel-satev-10 (8).jpeg,rent,Центар,,2,2,Наместен,2,,"Се издава наместен стан во Скопје, Центар со површина од 80 m2.
 Екстра: Клима, Централно Парно, Лифт, Паркинг.
 Цена: 500 EUR",Yes,
A0949,65 m²,2,300 €,https://www.novelestate.com/estate_view.html?id=A0949,https://novelestate.com/images/estate/2347/2.jpg,rent,Кисела Вода,,1,1,Наместен,1,,"Се издава наместен стан во Скопје, Кисела Вода со површина од 65 m2.
 Екстра: Лифт, Реновиран, Централно Парно, Клима.
 Цена: 300 EUR",Yes,
A15410,68 m²,3,460 €,https://www.novelestate.com/estate_view.html?id=A15410,https://novelestate.com/images/estate/27774/7.jpeg,rent,Центар,,2,1,Наместен,1,,"Се издава наместен стан во Скопје, Центар со површина од 68 m2.
 Екстра: Клима, Централно Парно, Лифт.
 Цена: 460 EUR",Yes,
A15302,42 m²,2,400 €,https://www.novelestate.com/estate_view.html?id=A15302,https://novelestate.com/images/estate/27594/stan-42m2-vo-kapishtecz.jpeg,rent,Капиштец,ул.Козара,1,1,Наместен,1,,"Се издава наместен стан во Скопје, Капиштец со површина од 42 m2.
 Екстра: Централно Парно, Лифт.
 Цена: 400 EUR",Yes,
A14762,64 m²,3,450 €,https://www.novelestate.com/estate_view.html?id=A14762,https://novelestate.com/images/estate/26738/3.jpeg,rent,Карпош 2,,2,3,Наместен,1,,"Се издава наместен стан во Скопје, Карпош 2 со површина од 64 m2.
 Екстра: Клима, Централно Парно, Лифт.
 Цена: 450 EUR",Yes,
A9109,45 m²,2,400 €,https://www.novelestate.com/estate_view.html?id=A9109,https://novelestate.com/images/estate/16801/stan-vo-debar-maalo-43m2-so-parking.jpeg,rent,Дебар Маало,,1,2,Наместен,1,,"Се издава наместен стан во Скопје, Дебар Маало со површина од 45 m2.
 Екстра: Централно Парно, Лифт, Клима, Нова Зграда, Паркинг.
 Цена: 400 EUR",Yes,
A15472,62 m²,2,350 €,https://www.novelestate.com/estate_view.html?id=A15472,https://novelestate.com/images/estate/27866/1.jpeg,rent,Капиштец,,1,11,Наместен,1,,"Се издава наместен стан во Скопје, Капиштец со површина од 62 m2.
 Екстра: Клима, Централно Парно, Лифт.
 Цена: 350 EUR",Yes,
A5162,80 m²,3,480 €,https://www.novelestate.com/estate_view.html?id=A5162,https://novelestate.com/images/estate/9403/Dnevnasoba1a.jpg,rent,Тафталиџе 2,,2,2/2,Наместен,1,,"Се издава наместен стан во Скопје, Тафталиџе 2 со површина од 80 m2.
 Екстра: Клима, Греење на струја, Паркинг.
 Цена: 480 EUR",,
A14445,43 m²,2,300 €,https://www.novelestate.com/estate_view.html?id=A14445,https://novelestate.com/images/estate/26210/12.jpg,rent,Црниче,,1,приземје,Наместен,1,,"Се издава наместен стан во Скопје, Црниче со површина од 43 m2.
 Екстра: Клима, Сопствено парно.
 Цена: 300 EUR",,да
A15493,50 m²,2,400 €,https://www.novelestate.com/estate_view.html?id=A15493,https://novelestate.com/images/estate/27898/5.jpg,rent,Карпош 3,,1,8,Наместен,1,,"Се издава наместен стан во Скопје, Карпош 3 со површина од 50 m2.
 Екстра: Клима, Централно Парно, Нова Зграда, Паркинг.
 Цена: 400 EUR",Yes,
A15416,60 m²,2,800 €,https://www.novelestate.com/estate_view.html?id=A15416,https://novelestate.com/images/estate/27781/3.jpg,rent,Центар - Универзална Сала,,1,2/7,Наместен,1,,"Се издава наместен стан во Скопје, Центар - Универзална Сала со површина од 60 m2.
 Екстра: Клима, Централно Парно, Лифт, Нова Зграда.
 Цена: 800 EUR",Yes,
A8780,86 m²,3,600 €,https://www.novelestate.com/estate_view.html?id=A8780,https://novelestate.com/images/estate/16127/se-izdava-namesten-stan-na-vodno-so-pogled-na-celo-skopje (6).jpeg,rent,Водно,,2,4,Наместен,1,2015,"Се издава наместен стан во Скопје, Водно со површина од 86 m2.
 Екстра: Клима, Сопствено парно, Лифт, Нова Зграда, Гаража.
 Цена: 600 EUR",,
A15172,90 m²,3,800 €,https://www.novelestate.com/estate_view.html?id=A15172,https://novelestate.com/images/estate/27351/1.jpeg,rent,Центар,,2,5,Наместен,2,,"Се издава наместен стан во Скопје, Центар со површина од 90 m2.
 Екстра: Клима, Централно Парно, Лифт.
 Цена: 800 EUR",Yes,
A15476,90 m²,3,550 €,https://www.novelestate.com/estate_view.html?id=A15476,https://novelestate.com/images/estate/27871/1.jpeg,rent,Центар,,2,7,Наместен,2,,"Се издава наместен стан во Скопје, Центар со површина од 90 m2.
 Екстра: Клима, Централно Парно, Лифт.
 Цена: 550 EUR",Yes,
A13163,130 m²,4,900 €,https://www.novelestate.com/estate_view.html?id=A13163,https://novelestate.com/images/estate/23906/2.jpg,rent,Црниче,,3,2,Наместен,2,,"Се издава наместен стан во Скопје, Црниче со површина од 130 m2.
 Екстра: Клима, Сопствено парно, Нова Зграда.
 Цена: 900 EUR",,
A13621,66 m²,3,450 €,https://www.novelestate.com/estate_view.html?id=A13621,https://novelestate.com/images/estate/24706/23.jpg,rent,Центар,,2,3,Наместен,1,,"Се издава наместен стан во Скопје, Центар со површина од 66 m2.
 Екстра: Клима, Централно Парно, Лифт, Паркинг, Миленичиња.
 Цена: 450 EUR",Yes,
A15498,50 m²,2,400 €,https://www.novelestate.com/estate_view.html?id=A15498,https://novelestate.com/images/estate/27903/nov-stan-kaj-drzavna-bolnica (2).jpeg,rent,Центар,,1,4,Наместен,1,,"Се издава наместен стан во Скопје, Центар со површина од 50 m2.
 Екстра: Клима, Лифт, Нова Зграда.
 Цена: 400 EUR",,
A15497,50 m²,2,600 €,https://www.novelestate.com/estate_view.html?id=A15497,https://novelestate.com/images/estate/27902/izdavam-nov-stan-na-ruzveltova (5).jpeg,rent,Центар,ул.Франклин Рузвелт,1,5,Наместен,1,,"Се издава наместен стан во Скопје, Центар со површина од 50 m2.
 Екстра: Клима, Лифт, Нова Зграда, Паркинг.
 Цена: 600 EUR",,
A15490,38 m²,2,330 €,https://www.novelestate.com/estate_view.html?id=A15490,https://novelestate.com/images/estate/27894/se-izdava-ednosoben-namesten-stan.jpeg,rent,Аеродром,ул.Васко Карангелески,1,високо приземје,Наместен,1,,"Се издава наместен стан во Скопје, Аеродром со површина од 38 m2.
 Екстра: Клима, Централно Парно, Нова Зграда, Паркинг.
 Цена: 330 EUR",Yes,
A15492,63 m²,2,300 €,https://www.novelestate.com/estate_view.html?id=A15492,https://novelestate.com/images/estate/27896/se-izdava-stan-svetol-golema-dnevna-spalna-i-terasa-namest (4).jpeg,rent,Карпош 4,ул. Разловечко востание,1,4,Наместен,1,2008,"Се издава наместен стан во Скопје, Карпош 4 со површина од 63 m2.
 Екстра: Клима, Централно Парно, Лифт.
 Цена: 300 EUR",Yes,
A15491,50 m²,2,700 €,https://www.novelestate.com/estate_view.html?id=A15491,https://novelestate.com/images/estate/27895/se-izdava-stan-vo-limak-diamond (2).jpeg,rent,Центар,Diamond Limak,1,15,Наместен,1,,"Се издава наместен стан во Скопје, Центар со површина од 50 m2.
 Екстра: Клима, Сопствено парно, Лифт, Нова Зграда, Паркинг.
 Цена: 700 EUR",,
A15496,83 m²,3,500 €,https://www.novelestate.com/estate_view.html?id=A15496,https://novelestate.com/images/estate/27901/3.jpeg,rent,Центар,,2,2,Наместен,1,2014,"Се издава наместен стан во Скопје, Центар со површина од 83 m2.
 Екстра: Клима, Централно Парно, Лифт, Гаража.
 Цена: 500 EUR",Yes,
A15495,55 m²,2,450 €,https://www.novelestate.com/estate_view.html?id=A15495,https://novelestate.com/images/estate/27900/prekrasen-stan-vo-blizina-na-diamond-mall (1).jpeg,rent,Центар,ул.50 Дивизија,1,5ж6,Наместен,1,,"Се издава наместен стан во Скопје, Центар со површина од 55 m2.
 Екстра: Клима, Централно Парно, Лифт, Паркинг.
 Цена: 450 EUR",Yes,
A13592,43 m²,2,360 €,https://www.novelestate.com/estate_view.html?id=A13592,https://novelestate.com/images/estate/24627/4.jpeg,rent,Центар,,1,3,Наместен,1,,"Се издава наместен стан во Скопје, Центар со површина од 43 m2.
 Екстра: Клима, Централно Парно, Лифт, Нова Зграда, Паркинг.
 Цена: 360 EUR",Yes,
A15373,50 m²,2,300 €,https://www.novelestate.com/estate_view.html?id=A15373,https://novelestate.com/images/estate/27707/viber_image_2025-05-21_09-52-09-476.jpg,rent,Карпош 1,,1,2,Наместен,1,,"Се издава наместен стан во Скопје, Карпош 1 со површина од 50 m2.
 Екстра: Клима, Греење на струја.
 Цена: 300 EUR",,
A14840,60 m²,3,550 €,https://www.novelestate.com/estate_view.html?id=A14840,https://novelestate.com/images/estate/26865/luxury-2-bedroom-apartment-in-centar-univerzalna-hall.jpeg,rent,Центар - Универзална Сала,,2,1,Наместен,1,,"Се издава наместен стан во Скопје, Центар - Универзална Сала со површина од 60 m2.
 Екстра: Клима, Централно Парно, Лифт, Нова Зграда, Паркинг.
 Цена: 550 EUR",Yes,
A15291,52 m²,2,550 €,https://www.novelestate.com/estate_view.html?id=A15291,https://novelestate.com/images/estate/27578/1.jpeg,rent,Водно,,1,2/3,Наместен,1,,"Се издава наместен стан во Скопје, Водно со површина од 52 m2.
 Екстра: Клима, Сопствено парно, Лифт, Нова Зграда, Гаража.
 Цена: 550 EUR",,
A15088,55 m²,2,450 €,https://www.novelestate.com/estate_view.html?id=A15088,https://novelestate.com/images/estate/27226/luksuzen-stan-vo-centar-debar-maalo-zooloska.jpeg,rent,Дебар Маало,ул.Ф.Рузвелт,1,2,Наместен,1,,"Се издава наместен стан во Скопје, Дебар Маало со површина од 55 m2.
 Екстра: Централно Парно, Лифт.
 Цена: 450 EUR",Yes,
A12234,63 m²,3,450 €,https://www.novelestate.com/estate_view.html?id=A12234,https://novelestate.com/images/estate/22319/Ekskluziven-stan-Debar-Maalo (2).jpeg,rent,Дебар Маало,,2,2/8,Наместен,1,,"Се издава наместен стан во Скопје, Дебар Маало со површина од 63 m2.
 Екстра: Клима, Централно Парно, Лифт.
 Цена: 450 EUR",Yes,
A13284,58 m²,2,450 €,https://www.novelestate.com/estate_view.html?id=A13284,https://novelestate.com/images/estate/24094/Izdavam-nov-stan-vo-Kozle-58m2-luksuzno-opremen (10).jpeg,rent,Козле,,1,1,Наместен,1,,"Се издава наместен стан во Скопје, Козле со површина од 58 m2.
 Екстра: Клима, Сопствено парно, Лифт, Нова Зграда, Паркинг.
 Цена: 450 EUR",,
A15233,60 m²,2,450 €,https://www.novelestate.com/estate_view.html?id=A15233,https://novelestate.com/images/estate/27453/4.jpeg,rent,Тафталиџе 1,,1,5,Наместен,1,,"Се издава наместен стан во Скопје, Тафталиџе 1 со површина од 60 m2.
 Екстра: Клима, Централно Парно, Лифт, Нова Зграда.
 Цена: 450 EUR",Yes,
A3813,52 m²,2,Please contact,https://www.novelestate.com/estate_view.html?id=A3813,https://novelestate.com/images/estate/7035/4.jpg,rent,Кисела Вода,,,4,Наместен,1,,"Се издава наместен стан во Скопје, Кисела Вода со површина од 52 m2.
 Екстра: Лифт, Греење на струја.
 Цена: 0 EUR",,
A15097,50 m²,2,380 €,https://www.novelestate.com/estate_view.html?id=A15097,https://novelestate.com/images/estate/27236/se-iznajmuva-novoopremen-stan (2).jpeg,rent,Автокоманда,,1,2,Наместен,1,2022,"Се издава наместен стан во Скопје, Автокоманда со површина од 50 m2.
 Екстра:.
 Цена: 380 EUR",,
A15409,67 m²,2,450 €,https://www.novelestate.com/estate_view.html?id=A15409,https://novelestate.com/images/estate/27773/3.jpeg,rent,Дебар Маало,,1,приземје,Наместен,1,,"Се издава наместен стан во Скопје, Дебар Маало со површина од 67 m2.
 Екстра: Клима, Греење на струја.
 Цена: 450 EUR",,
A0164,56 m²,2,Please contact,https://www.novelestate.com/estate_view.html?id=A0164,https://novelestate.com/images/estate/987/1.jpeg,rent,Карпош 3,,1,5,Наместен,1,,"Се издава наместен стан во Скопје, Карпош 3 со површина од 56 m2.
 Екстра: Греење на струја, Лифт.
 Цена: 0 EUR",,
A13726,51 m²,2,500 €,https://www.novelestate.com/estate_view.html?id=A13726,https://novelestate.com/images/estate/24915/d678a436-cb65-4cde-b249-fbbc5f41e4d2.jpg,rent,Тафталиџе 1,,1,8,Наместен,1,,"Се издава наместен стан во Скопје, Тафталиџе 1 со површина од 51 m2.
 Екстра: Клима, Централно Парно, Лифт, Нова Зграда.
 Цена: 500 EUR",Yes,
A15359,72 m²,2,500 €,https://www.novelestate.com/estate_view.html?id=A15359,https://novelestate.com/images/estate/25054/1.jpeg,rent,Центар,ул.Пиринска,1,4,Наместен,1,,"Се издава наместен стан во Скопје, Центар со површина од 72 m2.
 Екстра: Клима, Лифт, Нова Зграда.
 Цена: 500 EUR",,
A14838,73 m²,4,650 €,https://www.novelestate.com/estate_view.html?id=A14838,https://novelestate.com/images/estate/26862/nov-nevseluvan-stan-73m2 (7).jpeg,rent,Аеродром,,3,3,Наместен,1,,"Се издава наместен стан во Скопје, Аеродром со површина од 73 m2.
 Екстра: Централно Парно, Лифт, Нова Зграда, Паркинг.
 Цена: 650 EUR",Yes,
A15043,70 m²,3,350 €,https://www.novelestate.com/estate_view.html?id=A15043,https://novelestate.com/images/estate/27170/7.jpeg,rent,Карпош 4,,,4,Празен,1,,"Се издава празен стан во Скопје, Карпош 4 со површина од 70 m2.
 Екстра: Клима, Централно Парно.
 Цена: 350 EUR",Yes,
A4144,77 m²,3,500 €,https://www.novelestate.com/estate_view.html?id=A4144,https://novelestate.com/images/estate/7685/IMG_0881.JPG,rent,Центар,,2,1,Наместен,1,,"Се издава наместен стан во Скопје, Центар со површина од 77 m2.
 Екстра: Централно Парно.
 Цена: 500 EUR",Yes,
A15488,75 m²,3,400 €,https://www.novelestate.com/estate_view.html?id=A15488,https://novelestate.com/images/estate/27889/viber_image_2025-07-16_11-28-17-807.jpg,rent,Хром,ул.Исаија Мажоски,2,4,Наместен,2,,"Се издава наместен стан во Скопје, Хром со површина од 75 m2.
 Екстра: Клима, Централно Парно, Реновиран, Паркинг.
 Цена: 400 EUR",Yes,
A15423,67 m²,3,550 €,https://www.novelestate.com/estate_view.html?id=A15423,https://novelestate.com/images/estate/27789/1.jpg,rent,Аеродром,,2,6,Наместен,1,,"Се издава наместен стан во Скопје, Аеродром со површина од 67 m2.
 Екстра: Клима, Централно Парно, Лифт, Нова Зграда, Паркинг.
 Цена: 550 EUR",Yes,
A13066,98 m²,4,700 €,https://www.novelestate.com/estate_view.html?id=A13066,https://novelestate.com/images/estate/23775/IMG_0920.JPG,rent,Тафталиџе 1,,3,9,Наместен,2,,"Се издава наместен стан во Скопје, Тафталиџе 1 со површина од 98 m2.
 Екстра: Клима, Сопствено парно, Лифт, Нова Зграда, Паркинг, Гаража.
 Цена: 700 EUR",,
A15415,75 m²,3,700 €,https://www.novelestate.com/estate_view.html?id=A15415,https://novelestate.com/images/estate/27780/1.jpg,rent,Тафталиџе 1,,2,8,Наместен,1,,"Се издава наместен стан во Скопје, Тафталиџе 1 со површина од 75 m2.
 Екстра: Клима, Централно Парно, Лифт, Нова Зграда.
 Цена: 700 EUR",Yes,
A14915,75 m²,3,700 €,https://www.novelestate.com/estate_view.html?id=A14915,https://novelestate.com/images/estate/26971/viber_image_2024-06-05_11-19-30-892.jpg,rent,Тафталиџе 1,,2,пр,Наместен,1,,"Се издава наместен стан во Скопје, Тафталиџе 1 со површина од 75 m2.
 Екстра: Клима, Сопствено парно, Нова Зграда, Паркинг.
 Цена: 700 EUR",,да
A15489,100 m²,3,500 €,https://www.novelestate.com/estate_view.html?id=A15489,https://novelestate.com/images/estate/27890/viber_image_2025-07-16_11-33-24-050.jpg,rent,Чаир,Џон Кенеди,2,7,Наместен,2,,"Се издава наместен стан во Скопје, Чаир со површина од 100 m2.
 Екстра: Клима, Лифт, Паркинг.
 Цена: 500 EUR",,
A15487,80 m²,4,500 €,https://www.novelestate.com/estate_view.html?id=A15487,https://novelestate.com/images/estate/27888/viber_image_2025-07-16_11-25-47-556.jpg,rent,Ѓорче Петров,ул.Македонска Војска,3,7,Наместен,2,,"Се издава наместен стан во Скопје, Ѓорче Петров со површина од 80 m2.
 Екстра: Клима, Лифт, Нова Зграда, Гаража.
 Цена: 500 EUR",,
A15360,45 m²,2,500 €,https://www.novelestate.com/estate_view.html?id=A15360,https://novelestate.com/images/estate/27681/se-izdava-nevseluvan-stan-vo-cevahir-sky-city-kula-d (1).jpeg,rent,Аеродром,Cevahir Sky City,1,1,Наместен,1,,"Се издава наместен стан во Скопје, Аеродром со површина од 45 m2.
 Екстра: Клима, Централно Парно, Лифт, Нова Зграда, Гаража.
 Цена: 500 EUR",Yes,
A10003,42 m²,2,350 €,https://www.novelestate.com/estate_view.html?id=A10003,https://novelestate.com/images/estate/18390/Se-iznajmuva-ubav-dvosoben-stan (2).jpeg,rent,Аеродром,,1,,Наместен,1,,"Се издава наместен стан во Скопје, Аеродром со површина од 42 m2.
 Екстра: Клима, Централно Парно, Лифт, Нова Зграда, Паркинг.
 Цена: 350 EUR",Yes,
A15316,85 m²,4,500 €,https://www.novelestate.com/estate_view.html?id=A15316,https://novelestate.com/images/estate/27613/1.jpeg,rent,Центар,,3,8/12,Наместен,2,,"Се издава наместен стан во Скопје, Центар со површина од 85 m2.
 Екстра: Клима, Централно Парно, Лифт.
 Цена: 500 EUR",Yes,
A14991,202 m²,5,2000 €,https://www.novelestate.com/estate_view.html?id=A14991,https://novelestate.com/images/estate/27089/viber_image_2024-08-13_14-28-11-461.jpg,rent,Карпош 2,,3,7 и 8,Наместен,3,,"Се издава наместен стан во Скопје, Карпош 2 со површина од 202 m2.
 Екстра: Клима, Сопствено парно, Лифт, Нова Зграда, Паркинг.
 Цена: 2000 EUR",,
A15235,128 m²,4,950 €,https://www.novelestate.com/estate_view.html?id=A15235,https://novelestate.com/images/estate/27460/8.jpeg,rent,Капиштец,,3,3,Наместен,2,,"Се издава наместен стан во Скопје, Капиштец со површина од 128 m2.
 Екстра: Клима, Централно Парно, Лифт, Нова Зграда, Гаража.
 Цена: 950 EUR",Yes,
A15486,57 m²,2,450 €,https://www.novelestate.com/estate_view.html?id=A15486,https://novelestate.com/images/estate/27886/6.jpg,rent,Мичурин,,1,4,Наместен,1,,"Се издава наместен стан во Скопје, Мичурин со површина од 57 m2.
 Екстра: Клима, Централно Парно, Лифт, Нова Зграда, Паркинг.
 Цена: 450 EUR",Yes,
A15485,50 m²,3,350 €,https://www.novelestate.com/estate_view.html?id=A15485,https://novelestate.com/images/estate/27885/2.jpg,rent,Карпош 2,,2,3,Наместен,1,,"Се издава наместен стан во Скопје, Карпош 2 со површина од 50 m2.
 Екстра: Клима, Греење на струја, Реновиран.
 Цена: 350 EUR",,
A15484,63 m²,2,600 €,https://www.novelestate.com/estate_view.html?id=A15484,https://novelestate.com/images/estate/27884/9.jpg,rent,Центар,,1,високо приземје,Наместен,1,,"Се издава наместен стан во Скопје, Центар со површина од 63 m2.
 Екстра: Клима, Централно Парно, Лифт, Нова Зграда.
 Цена: 600 EUR",Yes,
A15483,65 m²,3,350 €,https://www.novelestate.com/estate_view.html?id=A15483,https://novelestate.com/images/estate/27882/2.jpg,rent,Центар,,2,6,Наместен,1,,"Се издава наместен стан во Скопје, Центар со површина од 65 m2.
 Екстра: Клима, Централно Парно, Лифт, Нова Зграда.
 Цена: 350 EUR",Yes,
A15482,60 m²,2,500 €,https://www.novelestate.com/estate_view.html?id=A15482,https://novelestate.com/images/estate/27880/3.jpg,rent,Капиштец,,1,3,Наместен,1,,"Се издава наместен стан во Скопје, Капиштец со површина од 60 m2.
 Екстра: Клима, Сопствено парно, Лифт, Паркинг.
 Цена: 500 EUR",,
A15480,45 m²,2,500 €,https://www.novelestate.com/estate_view.html?id=A15480,https://novelestate.com/images/estate/27878/5.jpg,rent,Центар,,1,3,Наместен,1,,"Се издава наместен стан во Скопје, Центар со површина од 45 m2.
 Екстра: Клима, Централно Парно, Лифт, Нова Зграда, Паркинг.
 Цена: 500 EUR",Yes,
A7317,80 m²,3,550 €,https://www.novelestate.com/estate_view.html?id=A7317,https://novelestate.com/images/estate/13359/5.jpg,rent,Водно,,2,3,Наместен,2,2014,"Се издава наместен стан во Скопје, Водно со површина од 80 m2.
 Екстра: Клима, Сопствено парно, Нова Зграда, Паркинг.
 Цена: 550 EUR",,
A9660,77 m²,3,450 €,https://www.novelestate.com/estate_view.html?id=A9660,https://novelestate.com/images/estate/17681/1.jpg,rent,Центар,,2,2,Наместен,1,,"Се издава наместен стан во Скопје, Центар со површина од 77 m2.
 Екстра: Централно Парно, Лифт, Клима, Интернет, Кабловска ТВ, Нова Зграда.
 Цена: 450 EUR",Yes,
A11489,50 m²,3,330 €,https://www.novelestate.com/estate_view.html?id=A11489,https://novelestate.com/images/estate/21070/Se-izdava-stan-vo-Aerodrom-pozadi-Tobako-2.jpeg,rent,Аеродром,,2,7,Наместен,1,,"Се издава наместен стан во Скопје, Аеродром со површина од 50 m2.
 Екстра: Клима, Централно Парно, Лифт, Нова Зграда.
 Цена: 330 EUR",Yes,
A2978,77 m²,2,Please contact,https://www.novelestate.com/estate_view.html?id=A2978,https://novelestate.com/images/estate/5683/f536fe8f-cfb8-4c79-8e71-3b49147dc8ce.jpg,rent,Центар,,1,6,Празен,1,,"Се издава празен стан во Скопје, Центар со површина од 77 m2.
 Екстра: Централно Парно, Лифт, Клима.
 Цена: 0 EUR",Yes,
A14247,74 m²,3,450 €,https://www.novelestate.com/estate_view.html?id=A14247,https://novelestate.com/images/estate/25870/viber_image_2023-02-02_10-04-01-623.jpg,rent,Аеродром,ТЦ Бисер,2,5,Наместен,2,,"Се издава наместен стан во Скопје, Аеродром со површина од 74 m2.
 Екстра: Клима, Централно Парно, Лифт, Реновиран.
 Цена: 450 EUR",Yes,
A13457,57 m²,2,405 €,https://www.novelestate.com/estate_view.html?id=A13457,https://novelestate.com/images/estate/24341/8.jpeg,rent,Тафталиџе 1,,1,5/9,Наместен,1,,"Се издава наместен стан во Скопје, Тафталиџе 1 со површина од 57 m2.
 Екстра: Клима, Централно Парно, Лифт, Нова Зграда.
 Цена: 405 EUR",Yes,
A15064,40 m²,2,280 €,https://www.novelestate.com/estate_view.html?id=A15064,https://novelestate.com/images/estate/27197/5c1e5c68-26cf-41c7-9ab7-8337f143a713.jpg,rent,Аеродром,,1,4,Наместен,1,,"Се издава наместен стан во Скопје, Аеродром со површина од 40 m2.
 Екстра: Клима, Греење на струја, Лифт, Нова Зграда.
 Цена: 280 EUR",,
A5259,45 m²,2,300 €,https://www.novelestate.com/estate_view.html?id=A5259,https://novelestate.com/images/estate/9580/viber_image_2023-04-26_11-30-57-163.jpg,rent,Капиштец,,,4,Наместен,1,,"Се издава наместен стан во Скопје, Капиштец со површина од 45 m2.
 Екстра: Лифт, Реновиран, Греење на струја, Клима.
 Цена: 300 EUR",,
A14965,50 m²,2,450 €,https://www.novelestate.com/estate_view.html?id=A14965,https://novelestate.com/images/estate/27052/82286155-21a4-4a00-92f6-5f22a2b1205e.jpg,rent,Капиштец,ул.Васил Ѓоргов,1,3,Наместен,1,,"Се издава наместен стан во Скопје, Капиштец со површина од 50 m2.
 Екстра: Клима, Лифт, Нова Зграда, Паркинг.
 Цена: 450 EUR",,
A14887,47 m²,2,600 €,https://www.novelestate.com/estate_view.html?id=A14887,https://novelestate.com/images/estate/26931/se-iznajmuva-stan-chevahir-sky-city (1).jpeg,rent,Аеродром,Chevahir Sky City,1,10,Наместен,1,,"Се издава наместен стан во Скопје, Аеродром со површина од 47 m2.
 Екстра: Клима, Сопствено парно, Нова Зграда, Паркинг.
 Цена: 600 EUR",,
A8769,45 m²,2,300 €,https://www.novelestate.com/estate_view.html?id=A8769,https://novelestate.com/images/estate/16111/Se-izdava-namesten-stan-od-45m2- (3).jpeg,rent,Кисела Вода,,1,1/4,Наместен,1,,"Се издава наместен стан во Скопје, Кисела Вода со површина од 45 m2.
 Екстра: Греење на струја, Нова Зграда, Клима, Лифт, Паркинг.
 Цена: 300 EUR",,
A14484,60 m²,2,350 €,https://www.novelestate.com/estate_view.html?id=A14484,https://novelestate.com/images/estate/26305/cd06f809-7a2b-4c6d-9a8a-d54adbaebeed.jpg,rent,Аеродром,,1,4,Наместен,1,,"Се издава наместен стан во Скопје, Аеродром со површина од 60 m2.
 Екстра: Клима, Централно Парно, Лифт, Нова Зграда, Паркинг.
 Цена: 350 EUR",Yes,
A13806,40 m²,2,350 €,https://www.novelestate.com/estate_view.html?id=A13806,https://novelestate.com/images/estate/25040/696e138b-8f9e-46e0-83ce-7ca120511480.jpg,rent,Тафталиџе 1,,1,1,Наместен,1,2019,"Се издава наместен стан во Скопје, Тафталиџе 1 со површина од 40 m2.
 Екстра: Клима, Централно Парно, Лифт, Нова Зграда, Паркинг.
 Цена: 350 EUR",Yes,
A15433,62 m²,3,700 €,https://www.novelestate.com/estate_view.html?id=A15433,https://novelestate.com/images/estate/27805/1.jpg,rent,Аеродром,,2,15,Наместен,1,,"Се издава наместен стан во Скопје, Аеродром со површина од 62 m2.
 Екстра: Клима, Централно Парно, Лифт, Нова Зграда, Паркинг.
 Цена: 700 EUR",Yes,
A15273,40 m²,2,350 €,https://www.novelestate.com/estate_view.html?id=A15273,https://novelestate.com/images/estate/27548/1.jpeg,rent,Водно,,1,приземје,Наместен,1,,"Се издава наместен стан во Скопје, Водно со површина од 40 m2.
 Екстра: Клима, Сопствено парно, Нова Зграда, Паркинг.
 Цена: 350 EUR",,+20м2
A13101,85 m²,3,500 €,https://www.novelestate.com/estate_view.html?id=A13101,https://novelestate.com/images/estate/23821/94c5708e-7d7f-474a-bdfb-1aa7424c8ea3.jpg,rent,Центар,,2,9,Наместен,1,,"Се издава наместен стан во Скопје, Центар со површина од 85 m2.
 Екстра: Централно Парно, Лифт, Реновиран.
 Цена: 500 EUR",Yes,
A15366,55 m²,2,406 €,https://www.novelestate.com/estate_view.html?id=A15366,https://novelestate.com/images/estate/27687/se-izdava-namesten-renoviran-stan-vo-centar-do-katolicka (3).jpeg,rent,Центар,,1,3,Наместен,1,,"Се издава наместен стан во Скопје, Центар со површина од 55 m2.
 Екстра: Централно Парно, Лифт.
 Цена: 406 EUR",Yes,
A7680,74 m²,3,850 €,https://www.novelestate.com/estate_view.html?id=A7680,https://novelestate.com/images/estate/13997/4.jpg,rent,Центар,,2,6,Наместен,2,2014,"Се издава наместен стан во Скопје, Центар со површина од 74 m2.
 Екстра: Сопствено парно, Лифт, Нова Зграда, Клима.
 Цена: 850 EUR",,
A15478,56 m²,2,400 €,https://www.novelestate.com/estate_view.html?id=A15478,https://novelestate.com/images/estate/27873/9.jpeg,rent,Тафталиџе 1,,1,8,Наместен,1,,"Се издава наместен стан во Скопје, Тафталиџе 1 со површина од 56 m2.
 Екстра: Клима, Централно Парно, Лифт, Нова Зграда, Паркинг.
 Цена: 400 EUR",Yes,
A15477,88 m²,3,650 €,https://www.novelestate.com/estate_view.html?id=A15477,https://novelestate.com/images/estate/27872/1.jpeg,rent,Аеродром,,2,5,Наместен,2,,"Се издава наместен стан во Скопје, Аеродром со површина од 88 m2.
 Екстра: Клима, Сопствено парно, Лифт, Нова Зграда.
 Цена: 650 EUR",,
A15475,80 m²,3,1000 €,https://www.novelestate.com/estate_view.html?id=A15475,https://novelestate.com/images/estate/27870/10.jpeg,rent,Мичурин,,2,5,Наместен,1,,"Се издава наместен стан во Скопје, Мичурин со површина од 80 m2.
 Екстра: Клима, Централно Парно, Лифт, Нова Зграда, Паркинг.
 Цена: 1000 EUR",Yes,
A15474,47 m²,2,400 €,https://www.novelestate.com/estate_view.html?id=A15474,https://novelestate.com/images/estate/27868/2.jpeg,rent,Капиштец,,1,5,Наместен,1,,"Се издава наместен стан во Скопје, Капиштец со површина од 47 m2.
 Екстра: Клима, Сопствено парно, Лифт, Нова Зграда, Паркинг.
 Цена: 400 EUR",,
A15473,67 m²,3,480 €,https://www.novelestate.com/estate_view.html?id=A15473,https://novelestate.com/images/estate/27867/2.jpeg,rent,Кисела Вода,,2,5/6,Наместен,1,,"Се издава наместен стан во Скопје, Кисела Вода со површина од 67 m2.
 Екстра: Клима, Греење на струја, Лифт.
 Цена: 480 EUR",,
A14374,54 m²,3,400 €,https://www.novelestate.com/estate_view.html?id=A14374,https://novelestate.com/images/estate/26084/se-izdava-nov-stan-vo-aerodrom-urban-garden (1).jpeg,rent,Аеродром,,2,6,Празен,1,,"Се издава празен стан во Скопје, Аеродром со површина од 54 m2.
 Екстра: Клима, Сопствено парно, Лифт, Нова Зграда, Паркинг.
 Цена: 400 EUR",,
A15467,80 m²,3,660 €,https://www.novelestate.com/estate_view.html?id=A15467,https://novelestate.com/images/estate/27856/1.jpg,rent,Дебар Маало,,2,2,Наместен,2,,"Се издава наместен стан во Скопје, Дебар Маало со површина од 80 m2.
 Екстра: Клима, Централно Парно, Лифт, Нова Зграда, Гаража.
 Цена: 660 EUR",Yes,
A15315,56 m²,2,400 €,https://www.novelestate.com/estate_view.html?id=A15315,https://novelestate.com/images/estate/27612/1.jpeg,rent,Дебар Маало,,1,2/6,Наместен,1,,"Се издава наместен стан во Скопје, Дебар Маало со површина од 56 m2.
 Екстра: Клима, Централно Парно, Лифт, Нова Зграда.
 Цена: 400 EUR",Yes,
A15430,67 m²,3,550 €,https://www.novelestate.com/estate_view.html?id=A15430,https://novelestate.com/images/estate/27802/5.jpg,rent,Аеродром,,2,4,Наместен,1,,"Се издава наместен стан во Скопје, Аеродром со површина од 67 m2.
 Екстра: Клима, Централно Парно, Лифт, Нова Зграда, Паркинг.
 Цена: 550 EUR",Yes,
A15256,50 m²,2,400 €,https://www.novelestate.com/estate_view.html?id=A15256,https://novelestate.com/images/estate/27511/1.jpeg,rent,Дебар Маало,,1,2,Наместен,1,,"Се издава наместен стан во Скопје, Дебар Маало со површина од 50 m2.
 Екстра: Клима, Сопствено парно, Лифт, Нова Зграда.
 Цена: 400 EUR",,
A14168,70 m²,3,1000 €,https://www.novelestate.com/estate_view.html?id=A14168,https://novelestate.com/images/estate/25710/1.jpg,rent,Водно,,2,5,Наместен,1,,"Се издава наместен стан во Скопје, Водно со површина од 70 m2.
 Екстра: Клима, Греење на струја, Лифт, Нова Зграда, Гаража, Аларм, Камера.
 Цена: 1000 EUR",,
A15446,75 m²,3,650 €,https://www.novelestate.com/estate_view.html?id=A15446,https://novelestate.com/images/estate/27821/1.jpg,rent,Автокоманда,,2,10,Наместен,2,,"Се издава наместен стан во Скопје, Автокоманда со површина од 75 m2.
 Екстра: Клима, Централно Парно, Лифт, Нова Зграда.
 Цена: 650 EUR",Yes,
A15321,90 m²,3,650 €,https://www.novelestate.com/estate_view.html?id=A15321,https://novelestate.com/images/estate/27624/64e89360-c6bd-45eb-8a47-c6cd62ccc37e.jpg,rent,Аеродром,,2,5,Наместен,2,,"Се издава наместен стан во Скопје, Аеродром со површина од 90 m2.
 Екстра: Клима, Централно Парно, Лифт.
 Цена: 650 EUR",Yes,
A15424,45 m²,2,350 €,https://www.novelestate.com/estate_view.html?id=A15424,https://novelestate.com/images/estate/27792/4.jpeg,rent,Ново Лисиче,,1,3,Наместен,1,,"Се издава наместен стан во Скопје, Ново Лисиче со површина од 45 m2.
 Екстра: Клима, Централно Парно, Лифт, Нова Зграда.
 Цена: 350 EUR",Yes,
A15093,50 m²,2,400 €,https://www.novelestate.com/estate_view.html?id=A15093,https://novelestate.com/images/estate/27232/se-izdava-ekskluzivno-namesten-luksuzen-50m2-stan (1).jpeg,rent,Карпош 4,ул.Никола Парапунов,1,8,Наместен,1,,"Се издава наместен стан во Скопје, Карпош 4 со површина од 50 m2.
 Екстра: Клима, Централно Парно, Лифт.
 Цена: 400 EUR",Yes,
A14567,62 m²,2,500 €,https://www.novelestate.com/estate_view.html?id=A14567,https://novelestate.com/images/estate/26425/se-izdava-moderno-namesten-stan-na-vodno (1).jpeg,rent,Водно,,1,2,Наместен,1,,"Се издава наместен стан во Скопје, Водно со површина од 62 m2.
 Екстра: Сопствено парно, Лифт, Нова Зграда.
 Цена: 500 EUR",,
A13863,50 m²,2,Please contact,https://www.novelestate.com/estate_view.html?id=A13863,https://novelestate.com/images/estate/25137/558f8149-0427-4adf-b7ad-31d25e1e049f.jpg,rent,Дебар Маало,ул.Дане Крапчев,1,3,Наместен,1,2020,"Се издава наместен стан во Скопје, Дебар Маало со површина од 50 m2.
 Екстра: Лифт, Нова Зграда, Гаража.
 Цена: 0 EUR",,
A15427,62 m²,3,350 €,https://www.novelestate.com/estate_view.html?id=A15427,https://novelestate.com/images/estate/27796/1.jpeg,rent,Мичурин,,2,2,Наместен,2,,"Се издава наместен стан во Скопје, Мичурин со површина од 62 m2.
 Екстра: Клима, Централно Парно, Лифт, Нова Зграда, Паркинг.
 Цена: 350 EUR",Yes,
A5032,42 m²,2,350 €,https://www.novelestate.com/estate_view.html?id=A5032,https://novelestate.com/images/estate/9163/izdavam-komplet-namesten-stan-vo-czentar (3).jpeg,rent,Центар,,,4,Наместен,1,,"Се издава наместен стан во Скопје, Центар со површина од 42 m2.
 Екстра: Централно Парно, Лифт, Клима.
 Цена: 350 EUR",Yes,
A15420,34 m²,1,330 €,https://www.novelestate.com/estate_view.html?id=A15420,https://novelestate.com/images/estate/27786/7.jpg,rent,Капиштец,,,5,Наместен,1,,"Се издава наместен стан во Скопје, Капиштец со површина од 34 m2.
 Екстра: Клима, Сопствено парно, Лифт, Нова Зграда.
 Цена: 330 EUR",,
A14854,47 m²,2,600 €,https://www.novelestate.com/estate_view.html?id=A14854,https://novelestate.com/images/estate/26884/se-izdava-nov-stan-vo-dhevahir (1).jpeg,rent,Аеродром,Cevahir Sky City,1,11,Наместен,1,,"Се издава наместен стан во Скопје, Аеродром со површина од 47 m2.
 Екстра: Сопствено парно, Лифт, Нова Зграда.
 Цена: 600 EUR",,
A14906,57 m²,2,Please contact,https://www.novelestate.com/estate_view.html?id=A14906,https://novelestate.com/images/estate/26958/5.jpeg,rent,Влае,ул.Ф.Прешерн,1,3,Празен,1,,"Се издава празен стан во Скопје, Влае со површина од 57 m2.
 Екстра: Клима, Кујнски елементи, Паркинг.
 Цена: 0 EUR",,
A15030,30 m²,1,350 €,https://www.novelestate.com/estate_view.html?id=A15030,https://novelestate.com/images/estate/27150/studio-vo-city-garden.jpeg,rent,Карпош 3,City Garden,,4,Наместен,1,,"Се издава наместен стан во Скопје, Карпош 3 со површина од 30 m2.
 Екстра: Клима, Централно Парно, Лифт, Нова Зграда, Паркинг.
 Цена: 350 EUR",Yes,
A15199,80 m²,3,700 €,https://www.novelestate.com/estate_view.html?id=A15199,https://novelestate.com/images/estate/27397/10.jpeg,rent,Центар,,2,1,Наместен,2,,"Се издава наместен стан во Скопје, Центар со површина од 80 m2.
 Екстра: Клима, Централно Парно, Лифт, Реновиран, Паркинг.
 Цена: 700 EUR",Yes,
A15469,72 m²,3,1100 €,https://www.novelestate.com/estate_view.html?id=A15469,https://novelestate.com/images/estate/27858/8.jpg,rent,Центар,,2,13,Наместен,2,,"Се издава наместен стан во Скопје, Центар со површина од 72 m2.
 Екстра: Клима, Централно Парно, Лифт, Нова Зграда, Гаража.
 Цена: 1100 EUR",Yes,
A15470,82 m²,3,650 €,https://www.novelestate.com/estate_view.html?id=A15470,https://novelestate.com/images/estate/27859/6.jpg,rent,Кисела Вода,,2,7,Наместен,2,,"Се издава наместен стан во Скопје, Кисела Вода со површина од 82 m2.
 Екстра: Клима, Сопствено парно, Лифт, Нова Зграда, Паркинг.
 Цена: 650 EUR",,
A7543,137 m²,4,850 €,https://www.novelestate.com/estate_view.html?id=A7543,https://novelestate.com/images/estate/13739/luxury-apartment-for-rent-vodno-137m2.jpeg,rent,Водно,,3,1,Наместен,2,,"Се издава наместен стан во Скопје, Водно со површина од 137 m2.
 Екстра: Клима, Сопствено парно, Лифт, Нова Зграда, Паркинг, Гаража.
 Цена: 850 EUR",,
A15466,57 m²,3,750 €,https://www.novelestate.com/estate_view.html?id=A15466,https://novelestate.com/images/estate/27855/1.jpg,rent,Центар - Универзална Сала,,2,3,Наместен,1,,"Се издава наместен стан во Скопје, Центар - Универзална Сала со површина од 57 m2.
 Екстра: Клима, Сопствено парно, Лифт, Нова Зграда, Паркинг.
 Цена: 750 EUR",,
A15465,46 m²,2,600 €,https://www.novelestate.com/estate_view.html?id=A15465,https://novelestate.com/images/estate/27854/2.jpg,rent,Центар - Универзална Сала,,1,3,Наместен,1,,"Се издава наместен стан во Скопје, Центар - Универзална Сала со површина од 46 m2.
 Екстра: Клима, Сопствено парно, Лифт, Нова Зграда, Паркинг.
 Цена: 600 EUR",,
A15464,60 m²,3,550 €,https://www.novelestate.com/estate_view.html?id=A15464,https://novelestate.com/images/estate/27853/5.jpg,rent,Капиштец,,2,7,Наместен,1,,"Се издава наместен стан во Скопје, Капиштец со површина од 60 m2.
 Екстра: Клима, Централно Парно, Лифт, Нова Зграда.
 Цена: 550 EUR",Yes,
A15463,27 m²,1,300 €,https://www.novelestate.com/estate_view.html?id=A15463,https://novelestate.com/images/estate/27852/5.jpg,rent,Аеродром - Нова Железничка,,,1,Наместен,1,,"Се издава наместен стан во Скопје, Аеродром - Нова Железничка со површина од 27 m2.
 Екстра: Клима, Греење на струја, Лифт.
 Цена: 300 EUR",,
A15386,60 m²,2,325 €,https://www.novelestate.com/estate_view.html?id=A15386,https://novelestate.com/images/estate/27731/slika 2 stan centar.jpg,rent,Капиштец,,1,2,Наместен,1,,"Се издава наместен стан во Скопје, Капиштец со површина од 60 m2.
 Екстра: Клима, Централно Парно, Лифт, Нова Зграда, Паркинг.
 Цена: 325 EUR",Yes,
A14372,56 m²,3,300 €,https://www.novelestate.com/estate_view.html?id=A14372,https://novelestate.com/images/estate/26081/viber_image_2023-03-28_14-57-51-534.jpg,rent,Центар - Универзална Сала,,2,2,Наместен,1,,"Се издава наместен стан во Скопје, Центар - Универзална Сала со површина од 56 m2.
 Екстра: Клима, Централно Парно, Лифт, Нова Зграда, Гаража.
 Цена: 300 EUR",Yes,
A15436,75 m²,3,560 €,https://www.novelestate.com/estate_view.html?id=A15436,https://novelestate.com/images/estate/27808/1.jpg,rent,Центар,,2,9,Наместен,1,,"Се издава наместен стан во Скопје, Центар со површина од 75 m2.
 Екстра: Клима, Централно Парно, Лифт.
 Цена: 560 EUR",Yes,
A15450,72 m²,3,650 €,https://www.novelestate.com/estate_view.html?id=A15450,https://novelestate.com/images/estate/27829/1.jpeg,rent,Центар,,2,8,Наместен,2,,"Се издава наместен стан во Скопје, Центар со површина од 72 m2.
 Екстра: Клима, Централно Парно, Лифт, Нова Зграда.
 Цена: 650 EUR",Yes,
A12633,90 m²,3,450 €,https://www.novelestate.com/estate_view.html?id=A12633,https://novelestate.com/images/estate/23016/SE-IZDAVA-STAN-VO-KAPISTEC-SPROTI-ZEBRA (5).jpeg,rent,Капиштец,,2,8,Наместен,2,,"Се издава наместен стан во Скопје, Капиштец со површина од 90 m2.
 Екстра: Клима, Централно Парно, Лифт, Реновиран.
 Цена: 450 EUR",Yes,
A15461,80 m²,3,850 €,https://www.novelestate.com/estate_view.html?id=A15461,https://novelestate.com/images/estate/27844/1.jpeg,rent,Автокоманда,,2,4,Наместен,2,,"Се издава наместен стан во Скопје, Автокоманда со површина од 80 m2.
 Екстра: Клима, Централно Парно, Лифт, Нова Зграда, Гаража.
 Цена: 850 EUR",Yes,
A15460,30 m²,1,325 €,https://www.novelestate.com/estate_view.html?id=A15460,https://novelestate.com/images/estate/27843/3.jpeg,rent,Дебар Маало,,,2,Наместен,1,,"Се издава наместен стан во Скопје, Дебар Маало со површина од 30 m2.
 Екстра: Клима, Греење на струја, Лифт, Нова Зграда.
 Цена: 325 EUR",,
A15459,61 m²,3,550 €,https://www.novelestate.com/estate_view.html?id=A15459,https://novelestate.com/images/estate/27842/1.jpeg,rent,Центар,,2,2,Наместен,1,,"Се издава наместен стан во Скопје, Центар со површина од 61 m2.
 Екстра: Клима, Централно Парно, Лифт, Нова Зграда, Паркинг.
 Цена: 550 EUR",Yes,
A15458,70 m²,3,600 €,https://www.novelestate.com/estate_view.html?id=A15458,https://novelestate.com/images/estate/27841/1.jpeg,rent,Козле,,2,2,Наместен,1,,"Се издава наместен стан во Скопје, Козле со површина од 70 m2.
 Екстра: Клима, Сопствено парно, Паркинг.
 Цена: 600 EUR",,
A15457,50 m²,2,350 €,https://www.novelestate.com/estate_view.html?id=A15457,https://novelestate.com/images/estate/27840/1.jpeg,rent,Аеродром,,1,3,Наместен,1,,"Се издава наместен стан во Скопје, Аеродром со површина од 50 m2.
 Екстра: Клима, Централно Парно, Лифт, Нова Зграда.
 Цена: 350 EUR",Yes,
A15456,65 m²,3,300 €,https://www.novelestate.com/estate_view.html?id=A15456,https://novelestate.com/images/estate/27838/10.jpg,rent,Кисела Вода,,2,приземје,Наместен,1,,"Се издава наместен стан во Скопје, Кисела Вода со површина од 65 m2.
 Екстра: Клима, Сопствено парно.
 Цена: 300 EUR",,
A14306,120 m²,5,850 €,https://www.novelestate.com/estate_view.html?id=A14306,https://novelestate.com/images/estate/25970/viber_image_2023-02-22_10-51-10-764.jpg,rent,Црниче,,4,3,Празен,2,,"Се издава празен стан во Скопје, Црниче со површина од 120 m2.
 Екстра: Клима, Нова Зграда, Кујнски елементи, Кујнски апарати, Паркинг.
 Цена: 850 EUR",,
A15455,70 m²,3,450 €,https://www.novelestate.com/estate_view.html?id=A15455,https://novelestate.com/images/estate/27837/5.jpg,rent,Центар - Универзална Сала,,2,5,Наместен,1,,"Се издава наместен стан во Скопје, Центар - Универзална Сала со површина од 70 m2.
 Екстра: Клима, Сопствено парно, Лифт, Нова Зграда.
 Цена: 450 EUR",,
A14712,70 m²,2,450 €,https://www.novelestate.com/estate_view.html?id=A14712,https://novelestate.com/images/estate/26649/ccfe9d5c-cb36-4687-ba05-f8243854ffea.jpg,rent,Водно,ул.Славејко Арсов,1,приземје,Наместен,1,,"Се издава наместен стан во Скопје, Водно со површина од 70 m2.
 Екстра: Клима, Греење на струја, Паркинг.
 Цена: 450 EUR",,да
A15438,54 m²,2,350 €,https://www.novelestate.com/estate_view.html?id=A15438,https://novelestate.com/images/estate/27810/3.jpg,rent,Аеродром,,1,4,Наместен,1,,"Се издава наместен стан во Скопје, Аеродром со површина од 54 m2.
 Екстра: Клима, Централно Парно, Лифт, Нова Зграда, Паркинг.
 Цена: 350 EUR",Yes,
A14795,163 m²,4,1200 €,https://www.novelestate.com/estate_view.html?id=A14795,https://novelestate.com/images/estate/26789/8.jpg,rent,Водно,,3,3,Наместен,3,2010,"Се издава наместен стан во Скопје, Водно со површина од 163 m2.
 Екстра: Клима, Сопствено парно, Лифт, Нова Зграда, Паркинг.
 Цена: 1200 EUR",,
A13340,57 m²,3,400 €,https://www.novelestate.com/estate_view.html?id=A13340,https://novelestate.com/images/estate/24170/1.jpeg,rent,Мичурин,,2,4,Наместен,1,,"Се издава наместен стан во Скопје, Мичурин со површина од 57 m2.
 Екстра: Клима, Сопствено парно, Лифт, Нова Зграда.
 Цена: 400 EUR",,
A15282,66 m²,3,500 €,https://www.novelestate.com/estate_view.html?id=A15282,https://novelestate.com/images/estate/27567/1.jpeg,rent,Центар,,2,6/8,Наместен,1,,"Се издава наместен стан во Скопје, Центар со површина од 66 m2.
 Екстра: Клима, Централно Парно, Лифт.
 Цена: 500 EUR",Yes,
A8514,70 m²,3,600 €,https://www.novelestate.com/estate_view.html?id=A8514,https://novelestate.com/images/estate/15716/1.jpeg,rent,Аеродром - Нова Железничка,,2,1,Наместен,1,,"Се издава наместен стан во Скопје, Аеродром - Нова Железничка со површина од 70 m2.
 Екстра: Клима, Централно Парно, Лифт, Реновиран.
 Цена: 600 EUR",Yes,
A15327,60 m²,3,400 €,https://www.novelestate.com/estate_view.html?id=A15327,https://novelestate.com/images/estate/27631/20ab6df4-d229-4bb0-9b64-bb40ddd76747.jpg,rent,Карпош 1,,2,приземје,Наместен,1,,"Се издава наместен стан во Скопје, Карпош 1 со површина од 60 m2.
 Екстра: Клима, Сопствено парно.
 Цена: 400 EUR",,
A15404,85 m²,3,1000 €,https://www.novelestate.com/estate_view.html?id=A15404,https://novelestate.com/images/estate/27768/1.jpeg,rent,Дебар Маало,,2,1,Наместен,2,,"Се издава наместен стан во Скопје, Дебар Маало со површина од 85 m2.
 Екстра: Клима, Централно Парно, Лифт, Нова Зграда, Паркинг.
 Цена: 1000 EUR",Yes,
A14738,85 m²,3,300 €,https://www.novelestate.com/estate_view.html?id=A14738,https://novelestate.com/images/estate/26689/8.jpeg,rent,Црниче,,2,1,Наместен,1,,"Се издава наместен стан во Скопје, Црниче со површина од 85 m2.
 Екстра: Клима, Греење на струја.
 Цена: 300 EUR",,
A11555,65 m²,2,250 €,https://www.novelestate.com/estate_view.html?id=A11555,https://novelestate.com/images/estate/21189/8.jpg,rent,Влае,,1,сутерен,Наместен,1,,"Се издава наместен стан во Скопје, Влае со површина од 65 m2.
 Екстра: Клима, Сопствено парно, Нова Зграда, Паркинг.
 Цена: 250 EUR",,
A13141,55 m²,2,300 €,https://www.novelestate.com/estate_view.html?id=A13141,https://novelestate.com/images/estate/23876/9b942f08-f340-45c0-b427-b716c590dbfb (1).jpg,rent,Црниче,,1,5,Наместен,1,,"Се издава наместен стан во Скопје, Црниче со површина од 55 m2.
 Екстра: Клима, Централно Парно, Лифт, Нова Зграда, Паркинг.
 Цена: 300 EUR",Yes,
A13176,87 m²,3,500 €,https://www.novelestate.com/estate_view.html?id=A13176,https://novelestate.com/images/estate/23920/1.jpeg,rent,Центар,ул.Мито Хаџивасилев Јасмин,2,12,Наместен,2,,"Се издава наместен стан во Скопје, Центар со површина од 87 m2.
 Екстра: Централно Парно, Лифт.
 Цена: 500 EUR",Yes,
A11625,25 m²,1,350 €,https://www.novelestate.com/estate_view.html?id=A11625,https://novelestate.com/images/estate/21308/1.jpeg,rent,Карпош 1,,,3,Наместен,1,,"Се издава наместен стан во Скопје, Карпош 1 со површина од 25 m2.
 Екстра: Клима, Централно Парно, Лифт.
 Цена: 350 EUR",Yes,
A10944,60 m²,2,350 €,https://www.novelestate.com/estate_view.html?id=A10944,https://novelestate.com/images/estate/20033/se-iznajmuva-dvsoben-stan-vo-centar (7).jpeg,rent,Центар,,1,5,Наместен,1,,"Се издава наместен стан во Скопје, Центар со површина од 60 m2.
 Екстра: Клима, Централно Парно, Лифт, Реновиран, Паркинг.
 Цена: 350 EUR",Yes,
A14941,60 m²,3,350 €,https://www.novelestate.com/estate_view.html?id=A14941,https://novelestate.com/images/estate/27015/2.jpeg,rent,Кисела Вода,,2,5,Наместен,2,,"Се издава наместен стан во Скопје, Кисела Вода со површина од 60 m2.
 Екстра: Клима, Централно Парно, Лифт, Нова Зграда.
 Цена: 350 EUR",Yes,
A15454,54 m²,2,450 €,https://www.novelestate.com/estate_view.html?id=A15454,https://novelestate.com/images/estate/27835/2.jpeg,rent,Центар,,1,4,Наместен,1,,"Се издава наместен стан во Скопје, Центар со површина од 54 m2.
 Екстра: Клима, Централно Парно, Лифт, Нова Зграда, Паркинг.
 Цена: 450 EUR",Yes,
A15453,54 m²,2,400 €,https://www.novelestate.com/estate_view.html?id=A15453,https://novelestate.com/images/estate/27834/1.jpeg,rent,Карпош 4,,1,1,Наместен,1,,"Се издава наместен стан во Скопје, Карпош 4 со површина од 54 m2.
 Екстра: Клима, Централно Парно, Лифт, Нова Зграда, Гаража.
 Цена: 400 EUR",Yes,
A15451,105 m²,4,850 €,https://www.novelestate.com/estate_view.html?id=A15451,https://novelestate.com/images/estate/27832/7.jpeg,rent,Црниче,,3,2,Наместен,2,,"Се издава наместен стан во Скопје, Црниче со површина од 105 m2.
 Екстра: Клима, Сопствено парно, Паркинг.
 Цена: 850 EUR",,
A6245,85 m²,3,400 €,https://www.novelestate.com/estate_view.html?id=A6245,https://novelestate.com/images/estate/11188/ImageHandler.jpg,rent,Аеродром,,2,2,Наместен,2,,"Се издава наместен стан во Скопје, Аеродром со површина од 85 m2.
 Екстра: Централно Парно, Интернет, Кабловска ТВ, Лифт, Гаража, Клима.
 Цена: 400 EUR",Yes,
A12518,65 m²,3,420 €,https://www.novelestate.com/estate_view.html?id=A12518,https://novelestate.com/images/estate/22823/Se-izdava-namesten-stan-nad-Palma-slatkarnica-Aero.jpeg,rent,Аеродром,,2,6,Наместен,1,,"Се издава наместен стан во Скопје, Аеродром со површина од 65 m2.
 Екстра: Клима, Централно Парно, Лифт, Нова Зграда.
 Цена: 420 EUR",Yes,
A13539,70 m²,3,500 €,https://www.novelestate.com/estate_view.html?id=A13539,https://novelestate.com/images/estate/24480/5190dd73-74ab-4fc4-b0cb-1aa7606d0f72.jpg,rent,Аеродром - Нова Железничка,,2,7,Наместен,1,,"Се издава наместен стан во Скопје, Аеродром - Нова Железничка со површина од 70 m2.
 Екстра: Клима, Централно Парно, Лифт, Нова Зграда, Паркинг.
 Цена: 500 EUR",Yes,
A15449,47 m²,2,350 €,https://www.novelestate.com/estate_view.html?id=A15449,https://novelestate.com/images/estate/27827/10.jpg,rent,Капиштец,,1,8,Наместен,1,,"Се издава наместен стан во Скопје, Капиштец со површина од 47 m2.
 Екстра: Клима, Централно Парно, Лифт, Паркинг.
 Цена: 350 EUR",Yes,
A15448,95 m²,4,1000 €,https://www.novelestate.com/estate_view.html?id=A15448,https://novelestate.com/images/estate/27825/6.jpg,rent,Тафталиџе 1,,3,4,Наместен,2,,"Се издава наместен стан во Скопје, Тафталиџе 1 со површина од 95 m2.
 Екстра: Клима, Централно Парно.
 Цена: 1000 EUR",Yes,
A14218,65 m²,3,400 €,https://www.novelestate.com/estate_view.html?id=A14218,https://novelestate.com/images/estate/25815/7.jpeg,rent,Ново Лисиче,,2,5/5,Наместен,1,,"Се издава наместен стан во Скопје, Ново Лисиче со површина од 65 m2.
 Екстра: Клима, Централно Парно, Лифт.
 Цена: 400 EUR",Yes,
A8893,59 m²,3,380 €,https://www.novelestate.com/estate_view.html?id=A8893,https://novelestate.com/images/estate/16327/dnevna.jpg,rent,Тафталиџе 1,,2,приземје,Наместен,1,,"Се издава наместен стан во Скопје, Тафталиџе 1 со површина од 59 m2.
 Екстра: Сопствено парно, Клима, Нова Зграда.
 Цена: 380 EUR",,
A12020,62 m²,3,450 €,https://www.novelestate.com/estate_view.html?id=A12020,https://novelestate.com/images/estate/21962/se-izdava-trosoben-stan-vo-kozle (5).jpeg,rent,Козле,,2,1,Наместен,1,,"Се издава наместен стан во Скопје, Козле со површина од 62 m2.
 Екстра: Клима, Греење на струја, Лифт, Нова Зграда.
 Цена: 450 EUR",,
A11074,55 m²,2,350 €,https://www.novelestate.com/estate_view.html?id=A11074,https://novelestate.com/images/estate/20314/se-iznajmuva-stan-vo-micurin-sproti-american-college.jpeg,rent,Аеродром,,1,7,Наместен,1,,"Се издава наместен стан во Скопје, Аеродром со површина од 55 m2.
 Екстра: Клима, Централно Парно, Лифт, Нова Зграда, Паркинг.
 Цена: 350 EUR",Yes,
A15426,110 m²,3,1600 €,https://www.novelestate.com/estate_view.html?id=A15426,https://novelestate.com/images/estate/27795/IMG_2013.jpg,rent,Водно,Панорама Резиденс,2,5,Наместен,2,,"Се издава наместен стан во Скопје, Водно со површина од 110 m2.
 Екстра:.
 Цена: 1600 EUR",,
A15406,47 m²,2,400 €,https://www.novelestate.com/estate_view.html?id=A15406,https://novelestate.com/images/estate/27770/9.jpeg,rent,Аеродром,,1,,Наместен,1,,"Се издава наместен стан во Скопје, Аеродром со површина од 47 m2.
 Екстра: Клима, Централно Парно, Лифт, Нова Зграда.
 Цена: 400 EUR",Yes,
A1479,46 m²,2,300 €,https://www.novelestate.com/estate_view.html?id=A1479,https://novelestate.com/images/estate/3115/16092010769.jpg,rent,Водно,,1,2,Наместен,1,,"Се издава наместен стан во Скопје, Водно со површина од 46 m2.
 Екстра: Клима, Сопствено парно, Лифт, Нова Зграда, Паркинг.
 Цена: 300 EUR",,
A6542,100 m²,3,Please contact,https://www.novelestate.com/estate_view.html?id=A6542,https://novelestate.com/images/estate/11996/7.jpg,rent,Дебар Маало,,2,2,Наместен,2,,"Се издава наместен стан во Скопје, Дебар Маало со површина од 100 m2.
 Екстра: Клима, Централно Парно, Лифт, Нова Зграда.
 Цена: 0 EUR",Yes,
A15447,65 m²,3,450 €,https://www.novelestate.com/estate_view.html?id=A15447,https://novelestate.com/images/estate/27822/3.jpg,rent,Капиштец,,2,1,Наместен,1,,"Се издава наместен стан во Скопје, Капиштец со површина од 65 m2.
 Екстра: Клима, Сопствено парно.
 Цена: 450 EUR",,
A11645,45 m²,2,300 €,https://www.novelestate.com/estate_view.html?id=A11645,https://novelestate.com/images/estate/21344/0ca582e5-d2e5-422f-ab0c-b54399b39dcc.jpg,rent,Капиштец,,1,1,Наместен,1,,"Се издава наместен стан во Скопје, Капиштец со површина од 45 m2.
 Екстра: Клима, Греење на струја, Нова Зграда.
 Цена: 300 EUR",,
A11318,60 m²,3,360 €,https://www.novelestate.com/estate_view.html?id=A11318,https://novelestate.com/images/estate/20741/6be4a651-96bc-45cf-8f11-f03dd7ce3c26.jpg,rent,Водно,,2,приземје,Наместен,1,2016,"Се издава наместен стан во Скопје, Водно со површина од 60 m2.
 Екстра: Клима, Греење на струја, Лифт, Реновиран, Паркинг.
 Цена: 360 EUR",,
A15413,54 m²,2,300 €,https://www.novelestate.com/estate_view.html?id=A15413,https://novelestate.com/images/estate/27777/1.jpeg,rent,Мичурин,,1,4,Наместен,1,,"Се издава наместен стан во Скопје, Мичурин со површина од 54 m2.
 Екстра: Клима, Централно Парно, Лифт.
 Цена: 300 EUR",Yes,
A11047,58 m²,2,450 €,https://www.novelestate.com/estate_view.html?id=A11047,https://novelestate.com/images/estate/20249/1.jpg,rent,Аеродром,,1,2,Наместен,1,,"Се издава наместен стан во Скопје, Аеродром со површина од 58 m2.
 Екстра: Клима, Централно Парно, Лифт, Нова Зграда, Паркинг.
 Цена: 450 EUR",Yes,
A15177,65 m²,2,550 €,https://www.novelestate.com/estate_view.html?id=A15177,https://novelestate.com/images/estate/27358/1.jpeg,rent,Центар - Универзална Сала,,1,2/4,Наместен,1,,"Се издава наместен стан во Скопје, Центар - Универзална Сала со површина од 65 m2.
 Екстра: Клима, Централно Парно.
 Цена: 550 EUR",Yes,
A13516,65 m²,3,400 €,https://www.novelestate.com/estate_view.html?id=A13516,https://novelestate.com/images/estate/24441/Se-izdava-stan-vo-Kapistec-kaj-Zebra (1).jpeg,rent,Капиштец,,2,5,Наместен,1,,"Се издава наместен стан во Скопје, Капиштец со површина од 65 m2.
 Екстра: Клима, Централно Парно, Лифт.
 Цена: 400 EUR",Yes,
A13703,85 m²,3,350 €,https://www.novelestate.com/estate_view.html?id=A13703,https://novelestate.com/images/estate/24848/5.jpg,rent,Црниче,,2,1,Празен,2,2002,"Се издава празен стан во Скопје, Црниче со површина од 85 m2.
 Екстра: Клима, Сопствено парно, Реновиран, Кујнски елементи, Кујнски апарати.
 Цена: 350 EUR",,
A15345,45 m²,2,350 €,https://www.novelestate.com/estate_view.html?id=A15345,https://novelestate.com/images/estate/27657/2.jpg,rent,Водно,,1,1,Наместен,1,,"Се издава наместен стан во Скопје, Водно со површина од 45 m2.
 Екстра: Клима, Сопствено парно, Лифт, Нова Зграда, Паркинг.
 Цена: 350 EUR",,
A7811,33 m²,2,230 €,https://www.novelestate.com/estate_view.html?id=A7811,https://novelestate.com/images/estate/14317/unnamed (3).jpg,rent,Тафталиџе 1,,1,високо приземје,Наместен,1,,"Се издава наместен стан во Скопје, Тафталиџе 1 со површина од 33 m2.
 Екстра: Клима, Централно Парно.
 Цена: 230 EUR",Yes,да
A15445,110 m²,3,1000 €,https://www.novelestate.com/estate_view.html?id=A15445,https://novelestate.com/images/estate/27820/1.jpeg,rent,Козле,,2,1,Наместен,2,,"Се издава наместен стан во Скопје, Козле со површина од 110 m2.
 Екстра: Клима, Сопствено парно.
 Цена: 1000 EUR",,
A15444,62 m²,2,500 €,https://www.novelestate.com/estate_view.html?id=A15444,https://novelestate.com/images/estate/27819/3.jpeg,rent,Тафталиџе 1,,1,приземје,Наместен,2,,"Се издава наместен стан во Скопје, Тафталиџе 1 со површина од 62 m2.
 Екстра: Клима, Централно Парно, Лифт, Нова Зграда, Паркинг.
 Цена: 500 EUR",Yes,
A15443,85 m²,4,650 €,https://www.novelestate.com/estate_view.html?id=A15443,https://novelestate.com/images/estate/27818/1.jpeg,rent,Аеродром,,3,10/10,Наместен,2,,"Се издава наместен стан во Скопје, Аеродром со површина од 85 m2.
 Екстра: Клима, Сопствено парно, Лифт, Нова Зграда, Гаража.
 Цена: 650 EUR",,
A15442,70 m²,3,350 €,https://www.novelestate.com/estate_view.html?id=A15442,https://novelestate.com/images/estate/27816/2.jpeg,rent,Аеродром,,2,3,Наместен,1,,"Се издава наместен стан во Скопје, Аеродром со површина од 70 m2.
 Екстра: Клима, Централно Парно, Лифт, Паркинг.
 Цена: 350 EUR",Yes,
A15439,72 m²,3,1200 €,https://www.novelestate.com/estate_view.html?id=A15439,https://novelestate.com/images/estate/27811/3d67e951-91e8-443a-987f-1ecdcaddbc79.jpg,rent,Центар,,2,17,Наместен,2,,"Се издава наместен стан во Скопје, Центар со површина од 72 m2.
 Екстра: Клима, Централно Парно, Лифт, Нова Зграда, Паркинг.
 Цена: 1200 EUR",Yes,
A15437,51 m²,2,500 €,https://www.novelestate.com/estate_view.html?id=A15437,https://novelestate.com/images/estate/27809/8645b2dc-b476-411d-ab02-26f0ce022d81.jpg,rent,Центар,,1,5,Наместен,1,,"Се издава наместен стан во Скопје, Центар со површина од 51 m2.
 Екстра: Клима, Сопствено парно, Лифт, Нова Зграда, Паркинг.
 Цена: 500 EUR",,
A15435,60 m²,3,320 €,https://www.novelestate.com/estate_view.html?id=A15435,https://novelestate.com/images/estate/27807/6385ec57-e779-403d-9a96-1c39a7ab869c.jpg,rent,Аеродром,,2,1,Празен,1,,"Се издава празен стан во Скопје, Аеродром со површина од 60 m2.
 Екстра: Клима, Централно Парно, Лифт, Нова Зграда.
 Цена: 320 EUR",Yes,
A15434,50 m²,2,350 €,https://www.novelestate.com/estate_view.html?id=A15434,https://novelestate.com/images/estate/27806/214f1e15-f242-4a0e-80c4-44b5d80acf7c.jpg,rent,Кисела Вода,,1,2,Наместен,1,,"Се издава наместен стан во Скопје, Кисела Вода со површина од 50 m2.
 Екстра: Клима, Греење на струја, Лифт.
 Цена: 350 EUR",,
A15432,70 m²,4,1300 €,https://www.novelestate.com/estate_view.html?id=A15432,https://novelestate.com/images/estate/27804/2.jpg,rent,Центар,,3,1,Наместен,2,,"Се издава наместен стан во Скопје, Центар со површина од 70 m2.
 Екстра: Клима, Сопствено парно, Лифт, Паркинг.
 Цена: 1300 EUR",,
A15431,50 m²,2,460 €,https://www.novelestate.com/estate_view.html?id=A15431,https://novelestate.com/images/estate/27803/5.jpg,rent,Тафталиџе 1,,1,5,Наместен,1,,"Се издава наместен стан во Скопје, Тафталиџе 1 со површина од 50 m2.
 Екстра: Клима, Централно Парно, Лифт, Нова Зграда.
 Цена: 460 EUR",Yes,
A14256,51 m²,2,500 €,https://www.novelestate.com/estate_view.html?id=A14256,https://novelestate.com/images/estate/25892/9dd985d8-d4dd-400e-8d1f-dc5b43eb5c29.jpg,rent,Аеродром,,1,14,Наместен,1,,"Се издава наместен стан во Скопје, Аеродром со површина од 51 m2.
 Екстра: Клима, Централно Парно, Лифт, Нова Зграда, Паркинг.
 Цена: 500 EUR",Yes,
A11055,63 m²,3,400 €,https://www.novelestate.com/estate_view.html?id=A11055,https://novelestate.com/images/estate/20262/2.jpg,rent,Аеродром,,2,2,Наместен,1,,"Се издава наместен стан во Скопје, Аеродром со површина од 63 m2.
 Екстра: Клима, Централно Парно, Лифт.
 Цена: 400 EUR",Yes,
A6937,46 m²,2,350 €,https://www.novelestate.com/estate_view.html?id=A6937,https://novelestate.com/images/estate/12753/viber_image_2025-06-20_12-01-46-634.jpg,rent,Капиштец,,1,2/3,Наместен,1,,"Се издава наместен стан во Скопје, Капиштец со површина од 46 m2.
 Екстра: Сопствено парно, Клима.
 Цена: 350 EUR",,
A13038,53 m²,2,450 €,https://www.novelestate.com/estate_view.html?id=A13038,https://novelestate.com/images/estate/23743/3513da84-b21b-4b19-85ab-c6992e857211 (1).jpg,rent,Карпош 1,,1,4,Наместен,1,,"Се издава наместен стан во Скопје, Карпош 1 со површина од 53 m2.
 Екстра: Клима, Централно Парно, Лифт, Нова Зграда.
 Цена: 450 EUR",Yes,
A14011,49 m²,2,400 €,https://www.novelestate.com/estate_view.html?id=A14011,https://novelestate.com/images/estate/25413/Se-izdava-nov-stan-od-49m2-so-parking-vo-podzemna-garaza.jpeg,rent,Аеродром,,1,1,Наместен,1,,"Се издава наместен стан во Скопје, Аеродром со површина од 49 m2.
 Екстра: Централно Парно, Лифт, Гаража, Клима, Нова Зграда.
 Цена: 400 EUR",Yes,
A11891,64 m²,2,400 €,https://www.novelestate.com/estate_view.html?id=A11891,https://novelestate.com/images/estate/21749/1.jpg,rent,Козле,,1,4,Наместен,1,,"Се издава наместен стан во Скопје, Козле со површина од 64 m2.
 Екстра: Централно Парно, Лифт.
 Цена: 400 EUR",Yes,
A15244,74 m²,3,600 €,https://www.novelestate.com/estate_view.html?id=A15244,https://novelestate.com/images/estate/27481/2.jpg,rent,Карпош 2,,2,6,Наместен,1,,"Се издава наместен стан во Скопје, Карпош 2 со површина од 74 m2.
 Екстра: Клима, Сопствено парно, Лифт.
 Цена: 600 EUR",,
A6538,80 m²,3,450 €,https://www.novelestate.com/estate_view.html?id=A6538,https://novelestate.com/images/estate/11992/ImageHandler.jpg,rent,Водно,,2,1,Наместен,2,,"Се издава комплетно наместен стан на Водно, на ул. Рилски Конгрес, на мирно место. Станот е на 1 кат, со површина од 80 м2, со 2 спални соби, 2 купатила, тераса од 5 м2, греење на струја+клима. Во нова зграда со гаражен простор+паркинг.",,
A1449,74 m²,3,500 €,https://www.novelestate.com/estate_view.html?id=A1449,https://novelestate.com/images/estate/3075/Se-izdava-nov-stan-76m2-Kozle-Kapistec.jpeg,rent,Козле,,2,2/3,Наместен,1,,"Се издава наместен стан во Скопје, Козле со површина од 74 m2.
 Екстра: Лифт, Клима, Сопствено парно.
 Цена: 500 EUR",,
A12842,86 m²,4,325 €,https://www.novelestate.com/estate_view.html?id=A12842,https://novelestate.com/images/estate/23422/548a8b19-048d-4741-b4d8-cfc895292150.jpg,rent,Аеродром,,3,2,Празен,2,,"Се издава празен стан во Скопје, Аеродром со површина од 86 m2.
 Екстра: Клима, Централно Парно, Лифт.
 Цена: 325 EUR",Yes,
A14109,55 m²,3,490 €,https://www.novelestate.com/estate_view.html?id=A14109,https://novelestate.com/images/estate/25610/2.jpg,rent,Центар,,2,4,Наместен,1,,"Се издава наместен стан во Скопје, Центар со површина од 55 m2.
 Екстра: Клима, Централно Парно, Лифт, Реновиран, Паркинг.
 Цена: 490 EUR",Yes,
A5290,75 m²,3,400 €,https://www.novelestate.com/estate_view.html?id=A5290,https://novelestate.com/images/estate/9638/Se-iznajmuva-stan-vo-Debar-Maalo.jpeg,rent,Дебар Маало,,2,в.приземје/4,Наместен,2,,"Се издава наместен стан во Скопје, Дебар Маало со површина од 75 m2.
 Екстра: Клима, Централно Парно, Паркинг.
 Цена: 400 EUR",Yes,
A11169,59 m²,2,Please contact,https://www.novelestate.com/estate_view.html?id=A11169,https://novelestate.com/images/estate/20485/26730616_10155974501542645_3181345309093825779_n.jpg,rent,Центар,,1,1,Наместен,1,,"Се издава наместен стан во Скопје, Центар со површина од 59 m2.
 Екстра: Клима, Сопствено парно, Лифт, Нова Зграда.
 Цена: 0 EUR",,
A15394,58 m²,2,430 €,https://www.novelestate.com/estate_view.html?id=A15394,https://novelestate.com/images/estate/27740/1.jpeg,rent,Кисела Вода,,1,2,Наместен,1,,"Се издава наместен стан во Скопје, Кисела Вода со површина од 58 m2.
 Екстра: Клима, Централно Парно, Лифт, Нова Зграда, Гаража.
 Цена: 430 EUR",Yes,
A15395,57 m²,2,406 €,https://www.novelestate.com/estate_view.html?id=A15395,https://novelestate.com/images/estate/27741/2.jpeg,rent,Тафталиџе 1,,1,4,Наместен,1,,"Се издава наместен стан во Скопје, Тафталиџе 1 со површина од 57 m2.
 Екстра: Клима, Централно Парно, Лифт, Нова Зграда.
 Цена: 406 EUR",Yes,
A15232,52 m²,2,380 €,https://www.novelestate.com/estate_view.html?id=A15232,https://novelestate.com/images/estate/27451/1.jpeg,rent,Водно,,1,6,Наместен,1,,"Се издава наместен стан во Скопје, Водно со површина од 52 m2.
 Екстра: Клима, Сопствено парно, Лифт.
 Цена: 380 EUR",,
A8985,71 m²,3,470 €,https://www.novelestate.com/estate_view.html?id=A8985,https://novelestate.com/images/estate/16551/luksuzen-stan-vo-rasadnik (7).jpeg,rent,Кисела Вода,,2,3/4,Наместен,2,2010,"Се издава наместен стан во Скопје, Кисела Вода со површина од 71 m2.
 Екстра: Клима, Лифт, Нова Зграда.
 Цена: 470 EUR",,
A15238,50 m²,2,700 €,https://www.novelestate.com/estate_view.html?id=A15238,https://novelestate.com/images/estate/27474/16.jpg,rent,Центар,,1,4,Наместен,1,,"Се издава наместен стан во Скопје, Центар со површина од 50 m2.
 Екстра: Клима, Централно Парно, Лифт, Нова Зграда.
 Цена: 700 EUR",Yes,
A13781,90 m²,4,1000 €,https://www.novelestate.com/estate_view.html?id=A13781,https://novelestate.com/images/estate/24997/18.jpg,rent,Центар,,3,5,Наместен,2,,"Се издава наместен стан во Скопје, Центар со површина од 90 m2.
 Екстра: Централно Парно, Лифт, Нова Зграда, Гаража, Клима.
 Цена: 1000 EUR",Yes,
A14555,65 m²,3,500 €,https://www.novelestate.com/estate_view.html?id=A14555,https://novelestate.com/images/estate/26404/7f0a0105-f50d-41d1-9eaa-a839809e0d77.jpg,rent,Дебар Маало,бул.Илинден,2,високо  приземје,Наместен,1,,"Се издава наместен стан во Скопје, Дебар Маало со површина од 65 m2.
 Екстра: Клима, Централно Парно, Лифт, Нова Зграда.
 Цена: 500 EUR",Yes,
A11259,50 m²,2,360 €,https://www.novelestate.com/estate_view.html?id=A11259,https://novelestate.com/images/estate/20648/Se-izdava-dvosoben-namesten-sproti-klinicki-centar (11).jpeg,rent,Водно,,1,2,Наместен,1,,"Се издава наместен стан во Скопје, Водно со површина од 50 m2.
 Екстра: Лифт, Нова Зграда, Клима, Сопствено парно, Паркинг.
 Цена: 360 EUR",,
A14771,80 m²,3,550 €,https://www.novelestate.com/estate_view.html?id=A14771,https://novelestate.com/images/estate/26749/1.jpeg,rent,Капиштец,ул.Загребска,2,1,Наместен,2,,"Се издава наместен стан во Скопје, Капиштец со површина од 80 m2.
 Екстра: Клима, Централно Парно, Лифт, Нова Зграда.
 Цена: 550 EUR",Yes,
A14826,50 m²,2,380 €,https://www.novelestate.com/estate_view.html?id=A14826,https://novelestate.com/images/estate/26837/8.jpeg,rent,Водно,,1,3/5,Наместен,1,,"Се издава наместен стан во Скопје, Водно со површина од 50 m2.
 Екстра: Клима, Сопствено парно, Лифт, Нова Зграда, Паркинг.
 Цена: 380 EUR",,
A15339,54 m²,3,380 €,https://www.novelestate.com/estate_view.html?id=A15339,https://novelestate.com/images/estate/27644/6.jpeg,rent,Капиштец,,2,5,Наместен,1,,"Се издава наместен стан во Скопје, Капиштец со површина од 54 m2.
 Екстра: Клима, Централно Парно, Лифт.
 Цена: 380 EUR",Yes,
A14981,90 m²,4,550 €,https://www.novelestate.com/estate_view.html?id=A14981,https://novelestate.com/images/estate/27074/izdavam-nov-trosoben-stan-vlae (4).jpeg,rent,Влае,,3,2,Наместен,2,,"Се издава наместен стан во Скопје, Влае со површина од 90 m2.
 Екстра: Клима, Сопствено парно, Лифт, Нова Зграда, Паркинг.
 Цена: 550 EUR",,
A15422,42 m²,2,330 €,https://www.novelestate.com/estate_view.html?id=A15422,https://novelestate.com/images/estate/27788/1.jpg,rent,Тафталиџе 1,,1,1,Наместен,1,,"Се издава наместен стан во Скопје, Тафталиџе 1 со површина од 42 m2.
 Екстра: Клима, Сопствено парно, Паркинг.
 Цена: 330 EUR",,
A15421,74 m²,3,400 €,https://www.novelestate.com/estate_view.html?id=A15421,https://novelestate.com/images/estate/27787/5.jpg,rent,Центар,,2,5,Празен,2,,"Се издава празен стан во Скопје, Центар со површина од 74 m2.
 Екстра: Клима, Централно Парно, Лифт, Нова Зграда, Паркинг.
 Цена: 400 EUR",Yes,
A15365,62 m²,3,400 €,https://www.novelestate.com/estate_view.html?id=A15365,https://novelestate.com/images/estate/27686/se-izdava-opremen-trosoben-stan-vo-hrom-so-sopstven-parking.jpeg,rent,Хром,ул.Воин Драшкоци,2,2,Наместен,1,,"Се издава наместен стан во Скопје, Хром со површина од 62 m2.
 Екстра: Централно Парно, Паркинг.
 Цена: 400 EUR",Yes,
A14400,45 m²,2,350 €,https://www.novelestate.com/estate_view.html?id=A14400,https://novelestate.com/images/estate/26122/2.jpg,rent,Карпош 3,,1,3,Наместен,1,,"Се издава наместен стан во Скопје, Карпош 3 со површина од 45 m2.
 Екстра: Клима, Централно Парно, Лифт, Нова Зграда, Паркинг.
 Цена: 350 EUR",Yes,
A14563,53 m²,2,450 €,https://www.novelestate.com/estate_view.html?id=A14563,https://novelestate.com/images/estate/26417/se-izdava-stan-pozadi-univerzalna-sala (5).jpeg,rent,Центар - Универзална Сала,,1,2,Наместен,1,,"Се издава наместен стан во Скопје, Центар - Универзална Сала со површина од 53 m2.
 Екстра: Клима, Централно Парно, Лифт, Нова Зграда, Гаража.
 Цена: 450 EUR",Yes,
A15417,66 m²,3,300 €,https://www.novelestate.com/estate_view.html?id=A15417,https://novelestate.com/images/estate/27782/9.jpeg,rent,Ѓорче Петров,,2,2,Празен,2,,"Се издава празен стан во Скопје, Ѓорче Петров со површина од 66 m2.
 Екстра: Клима, Сопствено парно, Нова Зграда, Паркинг.
 Цена: 300 EUR",,
A3280,45 m²,2,300 €,https://www.novelestate.com/estate_view.html?id=A3280,https://novelestate.com/images/estate/6118/ImageHandler (3).jpg,rent,Центар,,1,1,Наместен,1,,"Се издава наместен стан во Скопје, Центар со површина од 45 m2.
 Екстра: Лифт, Реновиран, Централно Парно.
 Цена: 300 EUR",Yes,
A15407,70 m²,3,600 €,https://www.novelestate.com/estate_view.html?id=A15407,https://novelestate.com/images/estate/27771/13.jpeg,rent,Црниче,,2,1,Наместен,2,,"Се издава наместен стан во Скопје, Црниче со површина од 70 m2.
 Екстра: Клима, Греење на струја, Нова Зграда, Паркинг.
 Цена: 600 EUR",,
A15192,74 m²,3,800 €,https://www.novelestate.com/estate_view.html?id=A15192,https://novelestate.com/images/estate/27378/se-izdava-nov-nevseluvan-trosoben-stan-vo-east-gate-living.jpeg,rent,Автокоманда,,2,6,Наместен,1,,"Се издава наместен стан во Скопје, Автокоманда со површина од 74 m2.
 Екстра: Клима, Централно Парно, Лифт, Нова Зграда, Паркинг.
 Цена: 800 EUR",Yes,
A15384,85 m²,3,300 €,https://www.novelestate.com/estate_view.html?id=A15384,https://novelestate.com/images/estate/27724/se-izdava-trosoben-stan-vo-karposh-4.jpeg,rent,Карпош 4,,2,5,Наместен,2,,"Се издава наместен стан во Скопје, Карпош 4 со површина од 85 m2.
 Екстра: Централно Парно, Лифт.
 Цена: 300 EUR",Yes,
A10898,56 m²,2,450 €,https://www.novelestate.com/estate_view.html?id=A10898,https://novelestate.com/images/estate/17734/IMG_20210519_142209.jpg,rent,Водно,,1,2,Наместен,1,2013,"Се издава наместен стан во Скопје, Водно со површина од 56 m2.
 Екстра: Клима, Сопствено парно, Интернет, Нова Зграда, Гаража.
 Цена: 450 EUR",,
A15414,120 m²,4,800 €,https://www.novelestate.com/estate_view.html?id=A15414,https://novelestate.com/images/estate/27778/2.jpeg,rent,Тафталиџе 1,,3,6,Наместен,2,,"Се издава наместен стан во Скопје, Тафталиџе 1 со површина од 120 m2.
 Екстра: Клима, Централно Парно, Лифт, Нова Зграда, Паркинг.
 Цена: 800 EUR",Yes,
A15412,49 m²,2,530 €,https://www.novelestate.com/estate_view.html?id=A15412,https://novelestate.com/images/estate/27776/2.jpeg,rent,Автокоманда,,1,1,Наместен,1,,"Се издава наместен стан во Скопје, Автокоманда со површина од 49 m2.
 Екстра: Клима, Централно Парно, Лифт, Нова Зграда, Паркинг.
 Цена: 530 EUR",Yes,
A15411,40 m²,2,350 €,https://www.novelestate.com/estate_view.html?id=A15411,https://novelestate.com/images/estate/27775/1.jpeg,rent,Аеродром,,1,1,Наместен,1,,"Се издава наместен стан во Скопје, Аеродром со површина од 40 m2.
 Екстра: Клима, Централно Парно, Лифт, Нова Зграда.
 Цена: 350 EUR",Yes,
A15405,100 m²,4,800 €,https://www.novelestate.com/estate_view.html?id=A15405,https://novelestate.com/images/estate/27769/1.jpeg,rent,Капиштец,,3,6,Наместен,2,,"Се издава наместен стан во Скопје, Капиштец со површина од 100 m2.
 Екстра: Клима, Централно Парно, Лифт, Паркинг.
 Цена: 800 EUR",Yes,
A14144,104 m²,4,1000 €,https://www.novelestate.com/estate_view.html?id=A14144,https://novelestate.com/images/estate/25675/brand-new-executive-penthouse-apartment-with-a-1-mio-usd-vie (2).jpeg,rent,Центар,,3,10/10,Наместен,2,,"Се издава наместен стан во Скопје, Центар со површина од 104 m2.
 Екстра: Клима, Централно Парно, Лифт, Нова Зграда, Паркинг.
 Цена: 1000 EUR",Yes,
A6880,56 m²,3,420 €,https://www.novelestate.com/estate_view.html?id=A6880,https://novelestate.com/images/estate/11839/9.jpeg,rent,Дебар Маало,,2,6/6,Наместен,1,,"Се издава наместен стан во Скопје, Дебар Маало со површина од 56 m2.
 Екстра: Централно Парно, Лифт, Нова Зграда, Клима.
 Цена: 420 EUR",Yes,
A15402,143 m²,4,680 €,https://www.novelestate.com/estate_view.html?id=A15402,https://novelestate.com/images/estate/27760/4.jpg,rent,Пржино,,3,1 и 2,Наместен,3,,"Се издава наместен стан во Скопје, Пржино со површина од 143 m2.
 Екстра: Клима, Сопствено парно.
 Цена: 680 EUR",,
A14630,96 m²,4,600 €,https://www.novelestate.com/estate_view.html?id=A14630,https://novelestate.com/images/estate/26527/6c0be8fd-8ffe-4982-85b7-27f7397d930e.jpg,rent,Центар,,3,2,Наместен,2,,"Се издава наместен стан во Скопје, Центар со површина од 96 m2.
 Екстра: Клима, Централно Парно, Лифт, Нова Зграда, Паркинг.
 Цена: 600 EUR",Yes,
A15368,106 m²,4,750 €,https://www.novelestate.com/estate_view.html?id=A15368,https://novelestate.com/images/estate/27689/izdavam-cetvorosoben-stan-karpos-1.jpeg,rent,Карпош 1,,3,5 и 6,Наместен,2,,"Се издава наместен стан во Скопје, Карпош 1 со површина од 106 m2.
 Екстра: Централно Парно, Лифт, Реновиран.
 Цена: 750 EUR",Yes,
A15220,62 m²,2,380 €,https://www.novelestate.com/estate_view.html?id=A15220,https://novelestate.com/images/estate/27437/1.jpeg,rent,Аеродром,,1,3,Наместен,1,,"Се издава наместен стан во Скопје, Аеродром со површина од 62 m2.
 Екстра: Клима, Централно Парно, Лифт.
 Цена: 380 EUR",Yes,
A12946,42 m²,2,300 €,https://www.novelestate.com/estate_view.html?id=A12946,https://novelestate.com/images/estate/23590/NOV-STAN-VO-AERODROM-POZADI-TOBAKO-2 (5).jpeg,rent,Аеродром,,1,3,Наместен,1,,"Се издава наместен стан во Скопје, Аеродром со површина од 42 m2.
 Екстра: Клима, Централно Парно, Лифт, Нова Зграда.
 Цена: 300 EUR",Yes,
A15381,44 m²,2,300 €,https://www.novelestate.com/estate_view.html?id=A15381,https://novelestate.com/images/estate/27720/1.jpeg,rent,Кисела Вода,,1,2,Наместен,1,,"Се издава наместен стан во Скопје, Кисела Вода со површина од 44 m2.
 Екстра: Централно Парно, Лифт, Нова Зграда.
 Цена: 300 EUR",Yes,
A13919,70 m²,3,380 €,https://www.novelestate.com/estate_view.html?id=A13919,https://novelestate.com/images/estate/25236/Se-iznajmuvaat-novi-stanovi-na-Vodno (1).jpeg,rent,Водно,,2,високо приземје,Наместен,1,,"Се издава наместен стан во Скопје, Водно со површина од 70 m2.
 Екстра: Клима, Сопствено парно.
 Цена: 380 EUR",,
A15311,55 m²,2,700 €,https://www.novelestate.com/estate_view.html?id=A15311,https://novelestate.com/images/estate/27608/1.jpeg,rent,Центар,,1,,Наместен,2,,"Се издава наместен стан во Скопје, Центар со површина од 55 m2.
 Екстра: Клима, Централно Парно, Лифт, Нова Зграда.
 Цена: 700 EUR",Yes,
A13354,56 m²,2,400 €,https://www.novelestate.com/estate_view.html?id=A13354,https://novelestate.com/images/estate/24192/Se-izdava-odlicen-stan.jpeg,rent,Центар,,1,3,Наместен,1,,"Се издава наместен стан во Скопје, Центар со површина од 56 m2.
 Екстра: Клима, Централно Парно, Лифт.
 Цена: 400 EUR",Yes,
A7905,56 m²,3,450 €,https://www.novelestate.com/estate_view.html?id=A7905,https://novelestate.com/images/estate/14496/043e580e-82a8-4534-be6e-91b9e3e8ded2.jpg,rent,Центар,,2,4,Наместен,1,,"Се издава наместен стан во Скопје, Центар со површина од 56 m2.
 Екстра: Сопствено парно, Лифт, Нова Зграда, Клима.
 Цена: 450 EUR",,
A11968,60 m²,3,550 €,https://www.novelestate.com/estate_view.html?id=A11968,https://novelestate.com/images/estate/21872/1.jpeg,rent,Центар,,2,2,Наместен,1,,"Се издава наместен стан во Скопје, Центар со површина од 60 m2.
 Екстра: Клима, Централно Парно, Лифт, Нова Зграда.
 Цена: 550 EUR",Yes,
A15401,80 m²,3,500 €,https://www.novelestate.com/estate_view.html?id=A15401,https://novelestate.com/images/estate/27758/5.jpg,rent,Чаир,,2,8,Наместен,1,,"Се издава наместен стан во Скопје, Чаир со површина од 80 m2.
 Екстра: Клима, Сопствено парно, Лифт, Нова Зграда.
 Цена: 500 EUR",,
A15400,170 m²,4,800 €,https://www.novelestate.com/estate_view.html?id=A15400,https://novelestate.com/images/estate/27757/7.jpg,rent,Чаир,,3,7,Наместен,2,,"Се издава наместен стан во Скопје, Чаир со површина од 170 m2.
 Екстра: Клима, Сопствено парно, Лифт, Нова Зграда, Паркинг.
 Цена: 800 EUR",,
A15399,76 m²,3,500 €,https://www.novelestate.com/estate_view.html?id=A15399,https://novelestate.com/images/estate/27756/1.jpg,rent,Чаир,,2,4,Наместен,1,,"Се издава наместен стан во Скопје, Чаир со површина од 76 m2.
 Екстра: Клима, Централно Парно, Лифт, Нова Зграда, Паркинг.
 Цена: 500 EUR",Yes,
A15398,75 m²,3,350 €,https://www.novelestate.com/estate_view.html?id=A15398,https://novelestate.com/images/estate/27754/IMG_20250601_154753150_MFNR.jpg,rent,Капиштец,,2,11 и 12,Наместен,2,,"Се издава наместен стан во Скопје, Капиштец со површина од 75 m2.
 Екстра: Клима, Централно Парно, Лифт.
 Цена: 350 EUR",Yes,
A14407,150 m²,3,Please contact,https://www.novelestate.com/estate_view.html?id=A14407,https://novelestate.com/images/estate/26131/8ea732d0-c5d6-4b93-9f6a-d5dce2ff5f03.jpg,rent,Водно,,2,1,Наместен,2,,"Се издава наместен стан во Скопје, Водно со површина од 150 m2.
 Екстра: Клима, Лифт, Нова Зграда, Паркинг.
 Цена: 0 EUR",,
A15251,71 m²,3,500 €,https://www.novelestate.com/estate_view.html?id=A15251,https://novelestate.com/images/estate/27505/2.jpeg,rent,Центар,,2,6,Празен,2,,"Се издава празен стан во Скопје, Центар со површина од 71 m2.
 Екстра: Клима, Сопствено парно, Лифт, Нова Зграда, Гаража.
 Цена: 500 EUR",,
A8648,72 m²,3,550 €,https://www.novelestate.com/estate_view.html?id=A8648,https://novelestate.com/images/estate/15940/1 Living room.jpg,rent,Водно,,2,1,Наместен,2,,"Се издава наместен стан во Скопје, Водно со површина од 72 m2.
 Екстра: Клима, Сопствено парно, Нова Зграда, Гаража.
 Цена: 550 EUR",,
A14627,70 m²,3,700 €,https://www.novelestate.com/estate_view.html?id=A14627,https://novelestate.com/images/estate/26524/3.jpeg,rent,Водно,,2,2,Наместен,1,,"Се издава наместен стан во Скопје, Водно со површина од 70 m2.
 Екстра: Клима, Сопствено парно, Лифт, Нова Зграда, Паркинг.
 Цена: 700 EUR",,
A12473,105 m²,4,900 €,https://www.novelestate.com/estate_view.html?id=A12473,https://novelestate.com/images/estate/22740/Luksuzno-namesten-stan-vo-Taftalidze (1).jpeg,rent,Тафталиџе 1,,3,2,Наместен,2,,"Се издава наместен стан во Скопје, Тафталиџе 1 со површина од 105 m2.
 Екстра: Клима, Централно Парно, Лифт, Нова Зграда, Паркинг.
 Цена: 900 EUR",Yes,
A15396,30 m²,2,220 €,https://www.novelestate.com/estate_view.html?id=A15396,https://novelestate.com/images/estate/27744/Dnevna .jpg,rent,Капиштец,,1,6,Наместен,1,,"Се издава наместен стан во Скопје, Капиштец со површина од 30 m2.
 Екстра: Клима, Централно Парно, Лифт.
 Цена: 220 EUR",Yes,
A15389,165 m²,5,Please contact,https://www.novelestate.com/estate_view.html?id=A15389,https://novelestate.com/images/estate/27735/14.jpg,rent,Тафталиџе 1,,4,5/5,Наместен,3,,"Се издава наместен стан во Скопје, Тафталиџе 1 со површина од 165 m2.
 Екстра: Клима, Централно Парно, Лифт, Нова Зграда.
 Цена: 0 EUR",Yes,
A15393,56 m²,2,465 €,https://www.novelestate.com/estate_view.html?id=A15393,https://novelestate.com/images/estate/27739/11.jpg,rent,Кисела Вода,,1,5/7,Наместен,1,,"Се издава наместен стан во Скопје, Кисела Вода со површина од 56 m2.
 Екстра: Клима, Централно Парно, Лифт, Нова Зграда.
 Цена: 465 EUR",Yes,
A15180,60 m²,2,400 €,https://www.novelestate.com/estate_view.html?id=A15180,https://novelestate.com/images/estate/27362/9333e081-d545-4ae5-b3de-d1f97cfa1a19.jpg,rent,Козле,,1,1,Наместен,1,,"Се издава наместен стан во Скопје, Козле со површина од 60 m2.
 Екстра: Клима, Сопствено парно, Лифт, Нова Зграда.
 Цена: 400 EUR",,
A9686,44 m²,2,500 €,https://www.novelestate.com/estate_view.html?id=A9686,https://novelestate.com/images/estate/17733/renoviran-stan-vo-czentar-katolichka-czrkva.jpeg,rent,Центар,,1,4,Наместен,1,,"Се издава наместен стан во Скопје, Центар со површина од 44 m2.
 Екстра: Клима, Централно Парно, Лифт, Нова Зграда.
 Цена: 500 EUR",Yes,
A14964,87 m²,3,890 €,https://www.novelestate.com/estate_view.html?id=A14964,https://novelestate.com/images/estate/27051/815f276f-c4e5-4a36-9dfa-ec1f372ca085.jpg,rent,Водно,,2,3,Наместен,2,,"Се издава наместен стан во Скопје, Водно со површина од 87 m2.
 Екстра: Клима, Сопствено парно, Лифт, Нова Зграда, Паркинг.
 Цена: 890 EUR",,
A14971,60 m²,3,399 €,https://www.novelestate.com/estate_view.html?id=A14971,https://novelestate.com/images/estate/27058/991f99c7-e157-4965-80db-a04857c062dd.jpg,rent,Аеродром,,2,6,Наместен,1,,"Се издава наместен стан во Скопје, Аеродром со површина од 60 m2.
 Екстра: Клима, Лифт.
 Цена: 399 EUR",,
A14298,48 m²,2,380 €,https://www.novelestate.com/estate_view.html?id=A14298,https://novelestate.com/images/estate/25957/1.jpeg,rent,Аеродром,,1,3/8,Наместен,1,,"Се издава наместен стан во Скопје, Аеродром со површина од 48 m2.
 Екстра: Клима, Централно Парно, Лифт, Нова Зграда, Паркинг.
 Цена: 380 EUR",Yes,
A15094,28 m²,1,230 €,https://www.novelestate.com/estate_view.html?id=A15094,https://novelestate.com/images/estate/27233/izdavanje-prodazhba-na-kompletno-renoviran-stan-vo-taftalidhe-1 (1).jpeg,rent,Тафталиџе 2,,1,приземје,Празен,1,,"Се издава празен стан во Скопје, Тафталиџе 2 со површина од 28 m2.
 Екстра:
 Цена: 230 EUR",,
A9256,55 m²,2,350 €,https://www.novelestate.com/estate_view.html?id=A9256,https://novelestate.com/images/estate/17059/Se-izdava-stan-vo-Karpos-4- (2).jpeg,rent,Карпош 4,,1,4/5,Наместен,1,,"Се издава наместен стан во Скопје, Карпош 4 со површина од 55 m2.
 Екстра: Централно Парно, Лифт, Реновиран, Клима.
 Цена: 350 EUR",Yes,
A15314,51 m²,2,400 €,https://www.novelestate.com/estate_view.html?id=A15314,https://novelestate.com/images/estate/27611/1.jpeg,rent,Тафталиџе 1,,1,5,Наместен,1,,"Се издава наместен стан во Скопје, Тафталиџе 1 со површина од 51 m2.
 Екстра: Клима, Греење на струја, Лифт, Нова Зграда.
 Цена: 400 EUR",,
A10764,55 m²,2,400 €,https://www.novelestate.com/estate_view.html?id=A10764,https://novelestate.com/images/estate/19754/Izdavam-nov-stan-vo-Karpos (7).jpeg,rent,Карпош 3,,1,8/9,Наместен,1,,"Се издава наместен стан во Скопје, Карпош 3 со површина од 55 m2.
 Екстра: Клима, Сопствено парно, Лифт, Нова Зграда, Паркинг.
 Цена: 400 EUR",,
A11694,60 m²,3,300 €,https://www.novelestate.com/estate_view.html?id=A11694,https://novelestate.com/images/estate/21430/1.jpg,rent,Мичурин,,2,3,Наместен,1,,"Се издава наместен стан во Скопје, Мичурин со површина од 60 m2.
 Екстра: Клима, Сопствено парно, Лифт, Нова Зграда, Паркинг, Студенти.
 Цена: 300 EUR",,
A15312,72 m²,3,600 €,https://www.novelestate.com/estate_view.html?id=A15312,https://novelestate.com/images/estate/27609/2.jpeg,rent,Центар,,2,9,Празен,2,,"Се издава празен стан во Скопје, Центар со површина од 72 m2.
 Екстра: Клима, Централно Парно, Лифт, Нова Зграда, Паркинг.
 Цена: 600 EUR",Yes,
A15377,50 m²,2,650 €,https://www.novelestate.com/estate_view.html?id=A15377,https://novelestate.com/images/estate/27716/1.jpeg,rent,Автокоманда,East Gate Living,1,4,Наместен,1,,"Се издава наместен стан во Скопје, Автокоманда со површина од 50 m2.
 Екстра: Клима, Централно Парно, Лифт, Нова Зграда, Гаража.
 Цена: 650 EUR",Yes,
A15378,57 m²,3,350 €,https://www.novelestate.com/estate_view.html?id=A15378,https://novelestate.com/images/estate/27717/1.jpeg,rent,Центар - Универзална Сала,бул.Партизански Одреди,2,4,Наместен,1,,"Се издава наместен стан во Скопје, Центар - Универзална Сала со површина од 57 m2.
 Екстра: Клима, Греење на струја.
 Цена: 350 EUR",,
A15382,70 m²,2,450 €,https://www.novelestate.com/estate_view.html?id=A15382,https://novelestate.com/images/estate/27722/1.jpeg,rent,Карпош 1,ул.Франклин Рузвелт,1,1,Наместен,1,,"Се издава наместен стан во Скопје, Карпош 1 со површина од 70 m2.
 Екстра: Централно Парно.
 Цена: 450 EUR",Yes,
A8442,87 m²,3,650 €,https://www.novelestate.com/estate_view.html?id=A8442,https://novelestate.com/images/estate/15571/20240212_184816.jpg,rent,Центар,,2,12,Наместен,1,,"Се издава наместен стан во Скопје, Центар со површина од 87 m2.
 Екстра: Централно Парно, Лифт, Клима, Паркинг.
 Цена: 650 EUR",Yes,
A1835,86 m²,3,700 €,https://www.novelestate.com/estate_view.html?id=A1835,https://novelestate.com/images/estate/3781/viber_image_2023-11-06_09-57-22-492.jpg,rent,Тафталиџе 1,,2,4,Наместен,2,,"Се издава наместен стан во Скопје, Тафталиџе 1 со површина од 86 m2.
 Екстра: Лифт, Паркинг, Централно Парно, Клима.
 Цена: 700 EUR",Yes,
A14814,90 m²,4,1000 €,https://www.novelestate.com/estate_view.html?id=A14814,https://novelestate.com/images/estate/26816/viber_image_2024-03-04_14-52-32-296.jpg,rent,Тафталиџе 1,,3,5,Наместен,2,2016,"Се издава наместен стан во Скопје, Тафталиџе 1 со површина од 90 m2.
 Екстра: Клима, Сопствено парно, Лифт, Нова Зграда, Паркинг, Гаража.
 Цена: 1000 EUR",,
A13840,50 m²,2,800 €,https://www.novelestate.com/estate_view.html?id=A13840,https://novelestate.com/images/estate/25096/200134a2-3b18-4d84-9658-7c3d1714aad5.jpg,rent,Кисела Вода,,1,9,Наместен,1,,"Се издава наместен стан во Скопје, Кисела Вода со површина од 50 m2.
 Екстра: Клима, Централно Парно, Лифт, Нова Зграда, Паркинг.
 Цена: 800 EUR",Yes,
A14466,38 m²,2,450 €,https://www.novelestate.com/estate_view.html?id=A14466,https://novelestate.com/images/estate/26244/luksuzno-opremen-stan-vo-adora-flatiron (2).jpeg,rent,Кисела Вода,,1,15,Наместен,1,,"Се издава наместен стан во Скопје, Кисела Вода со површина од 38 m2.
 Екстра: Клима, Централно Парно, Лифт, Нова Зграда.
 Цена: 450 EUR",Yes,
A10501,44 m²,2,400 €,https://www.novelestate.com/estate_view.html?id=A10501,https://novelestate.com/images/estate/19337/stan-vo-kapishtecz.jpeg,rent,Капиштец,,1,10/12,Наместен,1,,"Се издава наместен стан во Скопје, Капиштец со површина од 44 m2.
 Екстра:.
 Цена: 400 EUR",,
A10561,90 m²,3,600 €,https://www.novelestate.com/estate_view.html?id=A10561,https://novelestate.com/images/estate/19434/Se-iznajmuva-nov-namesten-stan-vo-Taftalidze.jpeg,rent,Тафталиџе 1,,2,6/6,Наместен,2,,"Се издава наместен стан во Скопје, Тафталиџе 1 со површина од 90 m2.
 Екстра: Клима, Сопствено парно, Лифт, Нова Зграда, Гаража, Краток престој.
 Цена: 600 EUR",,
A15190,50 m²,2,350 €,https://www.novelestate.com/estate_view.html?id=A15190,https://novelestate.com/images/estate/27376/se-izdava-nov-stan-na-vodno.jpeg,rent,Водно,,1,приземје,Празен,1,,"Се издава празен стан во Скопје, Водно со површина од 50 m2.
 Екстра: Клима, Сопствено парно, Нова Зграда, Паркинг.
 Цена: 350 EUR",,
A14892,74 m²,3,450 €,https://www.novelestate.com/estate_view.html?id=A14892,https://novelestate.com/images/estate/26940/izdavam-nov-stan-vo-east-gate-living (1).jpeg,rent,Автокоманда,East Gate Living,2,4/6,Празен,2,,"Се издава празен стан во Скопје, Автокоманда со површина од 74 m2.
 Екстра: Централно Парно, Лифт, Нова Зграда, Паркинг.
 Цена: 450 EUR",Yes,
A15374,45 m²,2,400 €,https://www.novelestate.com/estate_view.html?id=A15374,https://novelestate.com/images/estate/27710/viber_image_2025-05-21_11-51-05-284.jpg,rent,Карпош 3,Бул. Илинден,1,1,Наместен,1,,"Се издава наместен стан во Скопје, Карпош 3 со површина од 45 m2.
 Екстра: Клима, Централно Парно, Лифт, Нова Зграда.
 Цена: 400 EUR",Yes,
A14929,80 m²,3,800 €,https://www.novelestate.com/estate_view.html?id=A14929,https://novelestate.com/images/estate/26996/4.jpg,rent,Дебар Маало,,2,4,Наместен,2,,"Се издава наместен стан во Скопје, Дебар Маало со површина од 80 m2.
 Екстра: Клима, Централно Парно, Лифт, Нова Зграда, Паркинг.
 Цена: 800 EUR",Yes,
A14980,50 m²,2,400 €,https://www.novelestate.com/estate_view.html?id=A14980,https://novelestate.com/images/estate/27073/izdavam-stan (6).jpeg,rent,Центар - Универзална Сала,,1,1,Наместен,1,,"Се издава наместен стан во Скопје, Центар - Универзална Сала со површина од 50 m2.
 Екстра: Клима, Сопствено парно, Лифт.
 Цена: 400 EUR",,
A15048,33 m²,1,330 €,https://www.novelestate.com/estate_view.html?id=A15048,https://novelestate.com/images/estate/27175/moderno-studio-vo-debar-maalo (1).jpeg,rent,Дебар Маало,,,1,Наместен,1,,"Се издава наместен стан во Скопје, Дебар Маало со површина од 33 m2.
 Екстра: Клима, Сопствено парно, Лифт.
 Цена: 330 EUR",,
A9147,77 m²,3,395 €,https://www.novelestate.com/estate_view.html?id=A9147,https://novelestate.com/images/estate/16878/1.jpeg,rent,Центар - Универзална Сала,,2,2,Наместен,2,,"Се издава наместен стан во Скопје, Центар - Универзална Сала со површина од 77 m2.
 Екстра: Лифт, Нова Зграда, Гаража, Паркинг.
 Цена: 395 EUR",,
A11223,50 m²,2,350 €,https://www.novelestate.com/estate_view.html?id=A11223,https://novelestate.com/images/estate/20570/NOV-STAN-VO-CENTAR-- (5).jpeg,rent,Центар,,1,4,Наместен,1,,"Се издава наместен стан во Скопје, Центар со површина од 50 m2.
 Екстра: Клима, Сопствено парно, Нова Зграда.
 Цена: 350 EUR",,
A15367,80 m²,3,400 €,https://www.novelestate.com/estate_view.html?id=A15367,https://novelestate.com/images/estate/27688/izdavam-trosoben-stan-karpos-1.jpeg,rent,Карпош 1,,2,6/6,Празен,2,,"Се издава празен стан во Скопје, Карпош 1 со површина од 80 m2.
 Екстра: Централно Парно, Лифт, Реновиран.
 Цена: 400 EUR",Yes,
A15338,71 m²,3,450 €,https://www.novelestate.com/estate_view.html?id=A15338,https://novelestate.com/images/estate/27643/1.jpeg,rent,Дебар Маало,,2,4,Наместен,2,,"Се издава наместен стан во Скопје, Дебар Маало со површина од 71 m2.
 Екстра: Клима, Централно Парно.
 Цена: 450 EUR",Yes,
A14210,50 m²,2,420 €,https://www.novelestate.com/estate_view.html?id=A14210,https://novelestate.com/images/estate/25806/5589e613-afca-47e3-bc85-b83a76988cf1.jpg,rent,Ново Лисиче,,1,4,Наместен,1,,"Се издава наместен стан во Скопје, Ново Лисиче со површина од 50 m2.
 Екстра: Клима, Сопствено парно, Лифт, Нова Зграда, Паркинг.
 Цена: 420 EUR",,
A13957,67 m²,3,600 €,https://www.novelestate.com/estate_view.html?id=A13957,https://novelestate.com/images/estate/25285/20211223_155935.jpg,rent,Козле,,2,2/2,Наместен,1,,"Се издава наместен стан во Скопје, Козле со површина од 67 m2.
 Екстра: Клима, Сопствено парно, Интернет, Кабловска ТВ, Нова Зграда, Паркинг, Аларм, Камера.
 Цена: 600 EUR",,
A8513,70 m²,3,500 €,https://www.novelestate.com/estate_view.html?id=A8513,https://novelestate.com/images/estate/15713/20230808_195403.jpg,rent,Козле,,2,2,Наместен,1,,"Се издава наместен стан во Скопје, Козле со површина од 70 m2.
 Екстра: Клима, Сопствено парно, Интернет, Нова Зграда, Паркинг, Гаража, Камера.
 Цена: 500 EUR",,
A12058,90 m²,3,400 €,https://www.novelestate.com/estate_view.html?id=A12058,https://novelestate.com/images/estate/22034/Izdavam-stan-vo-Karpos (4).jpeg,rent,Карпош 4,,2,1/9,Празен,2,,"Се издава празен стан во Скопје, Карпош 4 со површина од 90 m2.
 Екстра: Клима, Централно Парно, Лифт.
 Цена: 400 EUR",Yes,
A9214,104 m²,3,700 €,https://www.novelestate.com/estate_view.html?id=A9214,https://novelestate.com/images/estate/16983/viber_image_2025-05-14_13-55-25-174.jpg,rent,Водно,,2,2,Наместен,2,,"Се издава наместен стан во Скопје, Водно со површина од 104 m2.
 Екстра: Интернет, Нова Зграда, Паркинг.
 Цена: 700 EUR",,
A12221,290 m²,5,Please contact,https://www.novelestate.com/estate_view.html?id=A12221,https://novelestate.com/images/estate/22303/1.jpg,rent,Водно,,4,4,Наместен,4,,"Се издава наместен стан во Скопје, Водно со површина од 290 m2.
 Екстра: Клима, Сопствено парно, Лифт, Нова Зграда, Паркинг.
 Цена: 0 EUR",,
A14745,180 m²,4,Please contact,https://www.novelestate.com/estate_view.html?id=A14745,https://novelestate.com/images/estate/26702/viber_image_2024-01-11_15-45-18-689.jpg,rent,Водно,,3,2,Наместен,2,,"Се издава наместен стан во Скопје, Водно со површина од 180 m2.
 Екстра: Клима, Сопствено парно, Нова Зграда, Паркинг.
 Цена: 0 EUR",,
A15369,140 m²,4,Please contact,https://www.novelestate.com/estate_view.html?id=A15369,https://novelestate.com/images/estate/27695/viber_image_2025-05-14_12-26-46-299.jpg,rent,Водно,,3,3,Наместен,2,,"Се издава наместен стан во Скопје, Водно со површина од 140 m2.
 Екстра: Клима, Сопствено парно, Нова Зграда, Паркинг.
 Цена: 0 EUR",,
A15370,140 m²,4,Please contact,https://www.novelestate.com/estate_view.html?id=A15370,https://novelestate.com/images/estate/27696/viber_image_2025-05-14_12-41-32-888.jpg,rent,Водно,,3,2,Наместен,2,,"Се издава наместен стан во Скопје, Водно со површина од 140 m2.
 Екстра: Клима, Сопствено парно, Нова Зграда, Паркинг.
 Цена: 0 EUR",,
A15362,38 m²,2,300 €,https://www.novelestate.com/estate_view.html?id=A15362,https://novelestate.com/images/estate/27683/1.jpeg,rent,Центар,ул.Стефан Јакимов Дедов,1,приземје,Празен,1,,"Се издава празен стан во Скопје, Центар со површина од 38 m2.
 Екстра: Централно Парно, Гаража.
 Цена: 300 EUR",Yes,
A15364,60 m²,2,400 €,https://www.novelestate.com/estate_view.html?id=A15364,https://novelestate.com/images/estate/27685/se-izdava-nov-namesten-stan-vo-aerodrom-top-lokacija (4).jpeg,rent,Аеродром,,1,,Наместен,1,,"Се издава наместен стан во Скопје, Аеродром со површина од 60 m2.
 Екстра: Централно Парно, Лифт, Нова Зграда, Гаража.
 Цена: 400 EUR",Yes,
A14921,125 m²,3,950 €,https://www.novelestate.com/estate_view.html?id=A14921,https://novelestate.com/images/estate/26984/1.jpeg,rent,Црниче,,2,2,Наместен,2,,"Се издава наместен стан во Скопје, Црниче со површина од 125 m2.
 Екстра: Клима, Сопствено парно, Лифт, Нова Зграда, Гаража, Аларм, Камера.
 Цена: 950 EUR",,
A14922,120 m²,3,1050 €,https://www.novelestate.com/estate_view.html?id=A14922,https://novelestate.com/images/estate/26985/vodno-luxury-apartment-2bed-2bath-with-great-views.jpeg,rent,Црниче,,2,3,Наместен,2,,"Се издава наместен стан во Скопје, Црниче со површина од 120 m2.
 Екстра: Клима, Сопствено парно, Лифт, Нова Зграда, Гаража, Аларм, Камера.
 Цена: 1050 EUR",,
A11577,130 m²,3,1200 €,https://www.novelestate.com/estate_view.html?id=A11577,https://novelestate.com/images/estate/21222/Se-izdava-stan-od-130-m2-vo-Skopje (5).jpeg,rent,Црниче,,2,3,Наместен,2,,"Се издава наместен стан во Скопје, Црниче со површина од 130 m2.
 Екстра: Клима, Сопствено парно, Лифт, Нова Зграда, Гаража.
 Цена: 1200 EUR",,
A12286,118 m²,4,1300 €,https://www.novelestate.com/estate_view.html?id=A12286,https://novelestate.com/images/estate/22409/Se-izdava-luksuzen-stan-na-Vodno (8).jpeg,rent,Водно,,3,приземје,Наместен,2,,"Се издава наместен стан во Скопје, Водно со површина од 118 m2.
 Екстра: Клима, Сопствено парно, Нова Зграда, Паркинг.
 Цена: 1300 EUR",,90м2
A12433,130 m²,4,1250 €,https://www.novelestate.com/estate_view.html?id=A12433,https://novelestate.com/images/estate/22673/2.jpg,rent,Водно,,3,2,Наместен,3,2018,"Се издава наместен стан во Скопје, Водно со површина од 130 m2.
 Екстра: Клима, Сопствено парно, Лифт, Нова Зграда, Гаража.
 Цена: 1250 EUR",,
A15275,100 m²,3,1000 €,https://www.novelestate.com/estate_view.html?id=A15275,https://novelestate.com/images/estate/27552/1.jpeg,rent,Дебар Маало,,2,1,Наместен,2,,"Се издава наместен стан во Скопје, Дебар Маало со површина од 100 m2.
 Екстра: Клима, Централно Парно, Паркинг.
 Цена: 1000 EUR",Yes,да
A13865,84 m²,3,600 €,https://www.novelestate.com/estate_view.html?id=A13865,https://novelestate.com/images/estate/25139/sonchev-stan-na-vodno-czentar (4).jpeg,rent,Водно,,2,3,Наместен,1,,"Се издава наместен стан во Скопје, Водно со површина од 84 m2.
 Екстра: Централно Парно, Лифт, Паркинг, Клима.
 Цена: 600 EUR",Yes,
A14787,87 m²,3,550 €,https://www.novelestate.com/estate_view.html?id=A14787,https://novelestate.com/images/estate/26777/6.jpeg,rent,Карпош 4,,2,1,Наместен,2,,"Се издава наместен стан во Скопје, Карпош 4 со површина од 87 m2.
 Екстра: Клима, Централно Парно, Лифт, Реновиран.
 Цена: 550 EUR",Yes,
A14506,85 m²,3,550 €,https://www.novelestate.com/estate_view.html?id=A14506,https://novelestate.com/images/estate/26333/se-izdava-namesten-stan-vo-centar-na-skopje.jpeg,rent,Центар,ул.Димитрие Чуповски,2,8,Наместен,2,,"Се издава наместен стан во Скопје, Центар со површина од 85 m2.
 Екстра: Клима, Централно Парно, Лифт.
 Цена: 550 EUR",Yes,
A13770,50 m²,2,430 €,https://www.novelestate.com/estate_view.html?id=A13770,https://novelestate.com/images/estate/24975/20210508_153905.jpg,rent,Дебар Маало,,1,4,Наместен,1,2010,"Се издава наместен стан во Скопје, Дебар Маало со површина од 50 m2.
 Екстра: Клима, Централно Парно, Лифт, Нова Зграда.
 Цена: 430 EUR",Yes,
A14940,60 m²,3,500 €,https://www.novelestate.com/estate_view.html?id=A14940,https://novelestate.com/images/estate/27014/se-iznajmuva-trosoben-stan-vo-centar (2).jpeg,rent,Тафталиџе 1,,2,4,Наместен,1,,"Се издава наместен стан во Скопје, Тафталиџе 1 со површина од 60 m2.
 Екстра: Клима, Централно Парно, Лифт, Нова Зграда, Паркинг.
 Цена: 500 EUR",Yes,
A1537,77 m²,3,450 €,https://www.novelestate.com/estate_view.html?id=A1537,https://novelestate.com/images/estate/3208/se-izdava-namesten-stan-vo-debar-maalo.jpeg,rent,Центар,,2,2,Наместен,1,,"Се издава наместен стан во Скопје, Центар со површина од 77 m2.
 Екстра: Лифт, Централно Парно.
 Цена: 450 EUR",Yes,
A14397,24 m²,1,350 €,https://www.novelestate.com/estate_view.html?id=A14397,https://novelestate.com/images/estate/26114/viber_image_2022-09-27_11-57-14-830.jpg,rent,Карпош 1,,,3,Наместен,1,,"Се издава наместен стан во Скопје, Карпош 1 со површина од 24 m2.
 Екстра: Клима, Централно Парно, Лифт, Нова Зграда.
 Цена: 350 EUR",Yes,
A11157,64 m²,3,700 €,https://www.novelestate.com/estate_view.html?id=A11157,https://novelestate.com/images/estate/20463/Dnevna.jpg,rent,Центар - Универзална Сала,,2,4,Наместен,1,,"Се издава наместен стан во Скопје, Центар - Универзална Сала со површина од 64 m2.
 Екстра: Клима, Централно Парно, Лифт, Нова Зграда, Гаража, Аларм, Камера.
 Цена: 700 EUR",Yes,
A5189,67 m²,3,Please contact,https://www.novelestate.com/estate_view.html?id=A5189,https://novelestate.com/images/estate/9450/1.jpg,rent,Дебар Маало,,2,1,Наместен,1,,"Се издава наместен стан во Скопје, Дебар Маало со површина од 67 m2.
 Екстра: Лифт, Централно Парно.
 Цена: 0 EUR",Yes,
A15072,68 m²,3,550 €,https://www.novelestate.com/estate_view.html?id=A15072,https://novelestate.com/images/estate/27207/se-izdava-luksuzno-namesten-stan-vo-cevahir-sky-city.jpeg,rent,Аеродром,,2,8,Наместен,1,,"Се издава наместен стан во Скопје, Аеродром со површина од 68 m2.
 Екстра: Клима, Сопствено парно, Лифт, Нова Зграда, Паркинг.
 Цена: 550 EUR",,
A13350,46 m²,2,450 €,https://www.novelestate.com/estate_view.html?id=A13350,https://novelestate.com/images/estate/24187/hh.jpg,rent,Центар - Универзална Сала,,1,4,Наместен,1,,"Се издава наместен стан во Скопје, Центар - Универзална Сала со површина од 46 m2.
 Екстра: Краток престој, Клима, Централно Парно.
 Цена: 450 EUR",Yes,
A15317,80 m²,3,450 €,https://www.novelestate.com/estate_view.html?id=A15317,https://novelestate.com/images/estate/27617/2.jpg,rent,Центар,,2,4,Наместен,1,,"Се издава наместен стан во Скопје, Центар со површина од 80 m2.
 Екстра: Клима, Греење на струја, Лифт, Нова Зграда.
 Цена: 450 EUR",,
A12511,40 m²,2,320 €,https://www.novelestate.com/estate_view.html?id=A12511,https://novelestate.com/images/estate/22814/2.jpg,rent,Капиштец,,1,1,Наместен,1,,"Се издава наместен стан во Скопје, Капиштец со површина од 40 m2.
 Екстра: Клима, Централно Парно.
 Цена: 320 EUR",Yes,
A5029,75 m²,3,440 €,https://www.novelestate.com/estate_view.html?id=A5029,https://novelestate.com/images/estate/9147/2.jpg,rent,Центар,,2,4/5,Наместен,1,,"Се издава наместен стан во Скопје, Центар со површина од 75 m2.
 Екстра: Клима, Централно Парно, Лифт, Нова Зграда, Паркинг.
 Цена: 440 EUR",Yes,
A14918,58 m²,3,450 €,https://www.novelestate.com/estate_view.html?id=A14918,https://novelestate.com/images/estate/26974/se-izdava-stan-vo-czentar (1).jpeg,rent,Центар - Универзална Сала,,2,1,Наместен,1,,"Се издава наместен стан во Скопје, Центар - Универзална Сала со површина од 58 m2.
 Екстра: Централно Парно, Лифт.
 Цена: 450 EUR",Yes,
A15358,78 m²,3,650 €,https://www.novelestate.com/estate_view.html?id=A15358,https://novelestate.com/images/estate/27680/1.png,rent,Кисела Вода,Flatiron,2,,Наместен,2,,"Се издава наместен стан во Скопје, Кисела Вода со површина од 78 m2.
 Екстра: Клима, Централно Парно, Лифт, Нова Зграда, Гаража.
 Цена: 650 EUR",Yes,
A12536,75 m²,2,400 €,https://www.novelestate.com/estate_view.html?id=A12536,https://novelestate.com/images/estate/22860/Dnevna 2.jpg,rent,Капиштец,,1,13/16,Наместен,1,,"Се издава наместен стан во Скопје, Капиштец со површина од 75 m2.
 Екстра: Клима, Централно Парно, Лифт.
 Цена: 400 EUR",Yes,
A15091,40 m²,2,350 €,https://www.novelestate.com/estate_view.html?id=A15091,https://novelestate.com/images/estate/27230/izdavam-esnosoben-nov-namesten-stan (11).jpeg,rent,Тафталиџе 1,ул.Прашка,1,1,Наместен,1,,"Се издава наместен стан во Скопје, Тафталиџе 1 со површина од 40 m2.
 Екстра: Клима, Сопствено парно, Лифт, Нова Зграда.
 Цена: 350 EUR",,
A13368,65 m²,2,300 €,https://www.novelestate.com/estate_view.html?id=A13368,https://novelestate.com/images/estate/24210/Se-iznajmuva-stan-vo-Centar.jpeg,rent,Центар - Универзална Сала,,1,1,Наместен,1,,"Се издава наместен стан во Скопје, Центар - Универзална Сала со површина од 65 m2.
 Екстра: Клима, Греење на струја.
 Цена: 300 EUR",,
A15349,41 m²,2,370 €,https://www.novelestate.com/estate_view.html?id=A15349,https://novelestate.com/images/estate/27665/1.jpeg,rent,Центар,Маџир Маало,1,4/6,Наместен,1,,"Се издава наместен стан во Скопје, Центар со површина од 41 m2.
 Екстра: Клима, Лифт, Нова Зграда, Гаража.
 Цена: 370 EUR",,
A15350,44 m²,2,400 €,https://www.novelestate.com/estate_view.html?id=A15350,https://novelestate.com/images/estate/27666/1.jpeg,rent,Мичурин,ул.В. Мачуковски,1,6,Наместен,1,,"Се издава наместен стан во Скопје, Мичурин со површина од 44 m2.
 Екстра: Клима, Лифт, Нова Зграда, Гаража.
 Цена: 400 EUR",,
A15351,70 m²,3,500 €,https://www.novelestate.com/estate_view.html?id=A15351,https://novelestate.com/images/estate/27667/1.jpeg,rent,Центар,спроти Собрание на РСМ,2,3,Наместен,1,,"Се издава наместен стан во Скопје, Центар со површина од 70 m2.
 Екстра: Клима, Централно Парно, Лифт, Реновиран.
 Цена: 500 EUR",Yes,
A15353,60 m²,2,370 €,https://www.novelestate.com/estate_view.html?id=A15353,https://novelestate.com/images/estate/27669/se-iznajmuva.jpeg,rent,Кисела Вода,Рампа,1,6/6,Наместен,1,,"Се издава наместен стан во Скопје, Кисела Вода со површина од 60 m2.
 Екстра: Клима, Лифт, Гаража.
 Цена: 370 EUR",,
A15356,58 m²,3,450 €,https://www.novelestate.com/estate_view.html?id=A15356,https://novelestate.com/images/estate/27672/1.jpeg,rent,Ново Лисиче,ул.Февруарски поход,2,приземје,Наместен,2,,"Се издава наместен стан во Скопје, Ново Лисиче со површина од 58 m2.
 Екстра: Централно Парно.
 Цена: 450 EUR",Yes,
A13429,86 m²,3,700 €,https://www.novelestate.com/estate_view.html?id=A13429,https://novelestate.com/images/estate/24300/9.jpeg,rent,Тафталиџе 1,,2,7,Наместен,2,,"Се издава наместен стан во Скопје, Тафталиџе 1 со површина од 86 m2.
 Екстра: Клима, Централно Парно, Лифт, Нова Зграда, Паркинг, Гаража.
 Цена: 700 EUR",Yes,
A14465,58 m²,2,500 €,https://www.novelestate.com/estate_view.html?id=A14465,https://novelestate.com/images/estate/26243/se-izdava-novoopremen-stan-vo-taftalidze-1 (6).jpeg,rent,Тафталиџе 1,,1,8,Наместен,1,,"Се издава наместен стан во Скопје, Тафталиџе 1 со површина од 58 m2.
 Екстра: Централно Парно, Лифт, Нова Зграда, Паркинг.
 Цена: 500 EUR",Yes,
A6054,75 m²,3,600 €,https://www.novelestate.com/estate_view.html?id=A6054,https://novelestate.com/images/estate/10913/1.jpg,rent,Центар - Универзална Сала,,1,3/4,Наместен,2,,"Се издава наместен стан во Скопје, Центар - Универзална Сала со површина од 75 m2.
 Екстра: Клима, Нова Зграда, Паркинг, Сопствено парно, Греење на струја.
 Цена: 600 EUR",,
A15336,65 m²,3,450 €,https://www.novelestate.com/estate_view.html?id=A15336,https://novelestate.com/images/estate/27641/1.jpeg,rent,Капиштец,,2,2,Наместен,1,,"Се издава наместен стан во Скопје, Капиштец со површина од 65 m2.
 Екстра: Клима, Сопствено парно.
 Цена: 450 EUR",,
A15341,42 m²,2,450 €,https://www.novelestate.com/estate_view.html?id=A15341,https://novelestate.com/images/estate/27648/9.jpeg,rent,Центар,,1,1,Наместен,1,,"Се издава наместен стан во Скопје, Центар со површина од 42 m2.
 Екстра: Клима, Греење на струја, Лифт, Нова Зграда, Паркинг.
 Цена: 450 EUR",,
A14498,60 m²,2,550 €,https://www.novelestate.com/estate_view.html?id=A14498,https://novelestate.com/images/estate/26323/28fa3b79-edb4-450d-956a-1bb43eb7fa6d.jpg,rent,Тафталиџе 1,ул.Прашка,1,1,Наместен,1,,"Се издава наместен стан во Скопје, Тафталиџе 1 со површина од 60 m2.
 Екстра: Централно Парно, Лифт, Нова Зграда, Гаража.
 Цена: 550 EUR",Yes,
A11804,22 m²,1,200 €,https://www.novelestate.com/estate_view.html?id=A11804,https://novelestate.com/images/estate/21595/IMG_20180826_124734.jpg,rent,Водно,,,приземје,Наместен,1,,"Се издава наместен стан во Скопје, Водно со површина од 22 m2.
 Екстра: Клима, Греење на струја.
 Цена: 200 EUR",,
A14720,47 m²,2,500 €,https://www.novelestate.com/estate_view.html?id=A14720,https://novelestate.com/images/estate/26662/6.jpeg,rent,Аеродром,,1,5,Наместен,1,,"Се издава наместен стан во Скопје, Аеродром со површина од 47 m2.
 Екстра: Клима, Централно Парно, Лифт, Нова Зграда, Паркинг.
 Цена: 500 EUR",Yes,
A15224,57 m²,3,500 €,https://www.novelestate.com/estate_view.html?id=A15224,https://novelestate.com/images/estate/27441/1.jpeg,rent,Мичурин,,2,2,Наместен,1,,"Се издава наместен стан во Скопје, Мичурин со површина од 57 m2.
 Екстра: Клима, Централно Парно, Лифт, Нова Зграда, Паркинг.
 Цена: 500 EUR",Yes,
A15346,100 m²,3,1000 €,https://www.novelestate.com/estate_view.html?id=A15346,https://novelestate.com/images/estate/27659/8.jpg,rent,Центар,,2,3,Наместен,2,,"Се издава наместен стан во Скопје, Центар со површина од 100 m2.
 Екстра: Клима, Централно Парно, Лифт, Нова Зграда.
 Цена: 1000 EUR",Yes,
A0805,45 m²,2,380 €,https://www.novelestate.com/estate_view.html?id=A0805,https://novelestate.com/images/estate/2163/1.jpeg,rent,Аеродром,,1,2/2,Наместен,1,,"Се издава наместен стан во Скопје, Аеродром со површина од 45 m2.
 Екстра: Централно Парно, Клима.
 Цена: 380 EUR",Yes,
A13211,72 m²,3,300 €,https://www.novelestate.com/estate_view.html?id=A13211,https://novelestate.com/images/estate/23985/1.jpg,rent,Карпош 4,,2,приземје,Наместен,1,,"Се издава наместен стан во Скопје, Карпош 4 со површина од 72 m2.
 Екстра: Клима, Централно Парно, Лифт.
 Цена: 300 EUR",Yes,
A0712,42 m²,2,300 €,https://www.novelestate.com/estate_view.html?id=A0712,https://novelestate.com/images/estate/2043/viber_image_2024-03-21_13-15-06-034.jpg,rent,Капиштец,ул. Васил Ѓоргов,1,4/11,Наместен,1,,"Се издава наместен стан во Скопје, Капиштец со површина од 42 m2.
 Екстра: Централно Парно.
 Цена: 300 EUR",Yes,
A15343,52 m²,2,350 €,https://www.novelestate.com/estate_view.html?id=A15343,https://novelestate.com/images/estate/27651/2.jpeg,rent,Кисела Вода,,1,5,Наместен,1,,"Се издава наместен стан во Скопје, Кисела Вода со површина од 52 m2.
 Екстра: Клима, Централно Парно, Лифт, Паркинг.
 Цена: 350 EUR",Yes,
A15334,40 m²,2,500 €,https://www.novelestate.com/estate_view.html?id=A15334,https://novelestate.com/images/estate/27639/1.jpeg,rent,Дебар Маало,,1,1/4,Наместен,1,,"Се издава наместен стан во Скопје, Дебар Маало со површина од 40 m2.
 Екстра: Клима, Централно Парно, Лифт, Нова Зграда, Паркинг.
 Цена: 500 EUR",Yes,
A14245,45 m²,2,320 €,https://www.novelestate.com/estate_view.html?id=A14245,https://novelestate.com/images/estate/25859/izdavam-moderen-skoro-nov-stan-vo-kisela-voda-45-m (7).jpeg,rent,Кисела Вода,,1,2,Наместен,1,,"Се издава наместен стан во Скопје, Кисела Вода со површина од 45 m2.
 Екстра: Клима, Сопствено парно, Лифт, Нова Зграда.
 Цена: 320 EUR",,
A9988,76 m²,3,500 €,https://www.novelestate.com/estate_view.html?id=A9988,https://novelestate.com/images/estate/18335/83424fbf-6eca-454e-8e9e-78c5f70bae7c.jpg,rent,Дебар Маало,,2,2/6,Наместен,2,,"Се издава наместен стан во Скопје, Дебар Маало со површина од 76 m2.
 Екстра: Клима, Централно Парно, Лифт, Нова Зграда.
 Цена: 500 EUR",Yes,
A4929,40 m²,2,500 €,https://www.novelestate.com/estate_view.html?id=A4929,https://novelestate.com/images/estate/8945/1.jpg,rent,Центар,,,1,Наместен,1,,"Се издава наместен стан во Скопје, Центар со површина од 40 m2.
 Екстра: Централно Парно, Лифт, Реновиран, Клима.
 Цена: 500 EUR",Yes,
A15263,70 m²,3,400 €,https://www.novelestate.com/estate_view.html?id=A15263,https://novelestate.com/images/estate/27521/izdavam-stan-vo-kapistec.jpeg,rent,Капиштец,ул.Козара,2,6/6,Наместен,1,,"Се издава наместен стан во Скопје, Капиштец со површина од 70 m2.
 Екстра: Централно Парно, Лифт.
 Цена: 400 EUR",Yes,
A8445,80 m²,3,650 €,https://www.novelestate.com/estate_view.html?id=A8445,https://novelestate.com/images/estate/15580/e122bc1a-e227-47c9-af47-1d62bb2f415f.jpg,rent,Водно,,2,1,Наместен,2,2014,"Се издава наместен стан во Скопје, Водно со површина од 80 m2.
 Екстра: Клима, Сопствено парно, Лифт, Нова Зграда, Гаража.
 Цена: 650 EUR",,
A11276,53 m²,2,450 €,https://www.novelestate.com/estate_view.html?id=A11276,https://novelestate.com/images/estate/20679/Se-izdava-stan-od-53m2-vo-Karpos.jpeg,rent,Карпош 2,,1,2,Наместен,1,,"Се издава наместен стан во Скопје, Карпош 2 со површина од 53 m2.
 Екстра: Клима, Греење на струја, Лифт, Нова Зграда, Паркинг.
 Цена: 450 EUR",,
A15144,75 m²,3,450 €,https://www.novelestate.com/estate_view.html?id=A15144,https://novelestate.com/images/estate/27300/1.jpeg,rent,Центар,,2,2,Наместен,2,,"Се издава наместен стан во Скопје, Центар со површина од 75 m2.
 Екстра: Клима, Сопствено парно.
 Цена: 450 EUR",,
A13329,100 m²,4,Please contact,https://www.novelestate.com/estate_view.html?id=A13329,https://novelestate.com/images/estate/24151/3.jpeg,rent,Капиштец,,3,6,Наместен,2,,"Се издава наместен стан во Скопје, Капиштец со површина од 100 m2.
 Екстра: Клима, Централно Парно, Лифт.
 Цена: 0 EUR",Yes,
A15331,50 m²,2,550 €,https://www.novelestate.com/estate_view.html?id=A15331,https://novelestate.com/images/estate/27635/a18c078f-c33c-4871-8ea3-dfd1305a3cfc.jpg,rent,Автокоманда,,1,9,Наместен,1,,"Се издава наместен стан во Скопје, Автокоманда со површина од 50 m2.
 Екстра: Клима, Централно Парно, Лифт, Нова Зграда, Гаража.
 Цена: 550 EUR",Yes,
A15274,38 m²,2,350 €,https://www.novelestate.com/estate_view.html?id=A15274,https://novelestate.com/images/estate/27549/1.jpeg,rent,Аеродром,,1,високо приземје,Наместен,1,,"Се издава наместен стан во Скопје, Аеродром со површина од 38 m2.
 Екстра: Клима, Централно Парно, Паркинг.
 Цена: 350 EUR",Yes,
A15330,57 m²,3,600 €,https://www.novelestate.com/estate_view.html?id=A15330,https://novelestate.com/images/estate/27634/8979abda-36a3-4a8b-819c-da8812ce55e5.jpg,rent,Карпош 3,,2,5,Наместен,1,,"Се издава наместен стан во Скопје, Карпош 3 со површина од 57 m2.
 Екстра: Клима, Централно Парно, Лифт, Нова Зграда, Паркинг.
 Цена: 600 EUR",Yes,
A15328,61 m²,3,550 €,https://www.novelestate.com/estate_view.html?id=A15328,https://novelestate.com/images/estate/27632/6718f943-e93f-447b-9d5d-06c7a9d952b8.jpg,rent,Дебар Маало,,2,4,Наместен,1,,"Се издава наместен стан во Скопје, Дебар Маало со површина од 61 m2.
 Екстра: Клима, Греење на струја, Лифт.
 Цена: 550 EUR",,
A15322,50 m²,2,650 €,https://www.novelestate.com/estate_view.html?id=A15322,https://novelestate.com/images/estate/27625/2c1ef6d5-6d7f-481f-984b-cb057ffe7fdd.jpg,rent,Автокоманда,,1,10,Наместен,1,,"Се издава наместен стан во Скопје, Автокоманда со површина од 50 m2.
 Екстра: Клима, Централно Парно, Лифт, Нова Зграда, Паркинг.
 Цена: 650 EUR",Yes,
A15320,70 m²,2,350 €,https://www.novelestate.com/estate_view.html?id=A15320,https://novelestate.com/images/estate/27623/005aec3b-7fe8-43bb-8628-4e4859f896a9.jpg,rent,Кисела Вода,,1,6,Наместен,1,,"Се издава наместен стан во Скопје, Кисела Вода со површина од 70 m2.
 Екстра: Клима, Греење на струја, Лифт.
 Цена: 350 EUR",,
A15319,47 m²,2,400 €,https://www.novelestate.com/estate_view.html?id=A15319,https://novelestate.com/images/estate/27622/1.jpg,rent,Автокоманда,,1,8,Наместен,1,,"Се издава наместен стан во Скопје, Автокоманда со површина од 47 m2.
 Екстра: Клима, Сопствено парно, Лифт, Нова Зграда, Паркинг.
 Цена: 400 EUR",,
A12630,65 m²,2,260 €,https://www.novelestate.com/estate_view.html?id=A12630,https://novelestate.com/images/estate/23013/Se-izdava-dvosoben-stan-vo-Kozle-.jpeg,rent,Козле,,1,4,Наместен,1,,"Се издава наместен стан во Скопје, Козле со површина од 65 m2.
 Екстра: Клима, Централно Парно.
 Цена: 260 EUR",Yes,
A15310,114 m²,3,1200 €,https://www.novelestate.com/estate_view.html?id=A15310,https://novelestate.com/images/estate/27604/Picture8.jpg,rent,Дебар Маало,Park Residence,2,4,Наместен,2,,"Се издава наместен стан во Скопје, Дебар Маало со површина од 114 m2.
 Екстра: Клима, Централно Парно, Лифт, Нова Зграда.
 Цена: 1200 EUR",Yes,
A14773,66 m²,3,550 €,https://www.novelestate.com/estate_view.html?id=A14773,https://novelestate.com/images/estate/26751/1.jpeg,rent,Аеродром,,2,1,Наместен,1,,"Се издава наместен стан во Скопје, Аеродром со површина од 66 m2.
 Екстра: Централно Парно, Лифт, Нова Зграда, Паркинг.
 Цена: 550 EUR",Yes,
A14207,120 m²,4,1300 €,https://www.novelestate.com/estate_view.html?id=A14207,https://novelestate.com/images/estate/25803/3a78b453-1f08-4713-9b23-19173912f603.jpg,rent,Дебар Маало,,3,1,Наместен,2,,"Се издава наместен стан во Скопје, Дебар Маало со површина од 120 m2.
 Екстра: Клима, Греење на струја, Паркинг, Гаража.
 Цена: 1300 EUR",,да
A13869,115 m²,4,1000 €,https://www.novelestate.com/estate_view.html?id=A13869,https://novelestate.com/images/estate/25144/d12b9ce9-df9a-4226-9a57-8cda97abb7e2.jpg,rent,Тафталиџе 1,ул.Дамаска,3,1,Наместен,2,,"Се издава наместен стан во Скопје, Тафталиџе 1 со површина од 115 m2.
 Екстра: Клима, Сопствено парно, Нова Зграда, Паркинг, Гаража.
 Цена: 1000 EUR",,
A12309,54 m²,2,440 €,https://www.novelestate.com/estate_view.html?id=A12309,https://novelestate.com/images/estate/22451/122D9E39-341D-4B83-A12E-23E417236407.jpeg,rent,Аеродром,,1,3,Наместен,1,,"Се издава наместен стан во Скопје, Аеродром со површина од 54 m2.
 Екстра: Клима, Централно Парно, Лифт, Нова Зграда, Паркинг, Краток престој.
 Цена: 440 EUR",Yes,
A6299,108 m²,4,600 €,https://www.novelestate.com/estate_view.html?id=A6299,https://novelestate.com/images/estate/11295/Se-iznajmuva-cetvorosoben-stan- (1).jpeg,rent,Дебар Маало,,3,2,Наместен,2,2000,"Се издава наместен стан во Скопје, Дебар Маало со површина од 108 m2.
 Екстра: Клима, Централно Парно, Интернет, Паркинг.
 Цена: 600 EUR",Yes,
A14454,65 m²,3,Please contact,https://www.novelestate.com/estate_view.html?id=A14454,https://novelestate.com/images/estate/26230/luksuzno-namesten-stan-vo-kozle-so-pogled-na-vodno.jpeg,rent,Козле,ул.Јуриј Гагарин,2,8/10,Наместен,1,,"Се издава наместен стан во Скопје, Козле со површина од 65 m2.
 Екстра: Централно Парно, Лифт, Реновиран.
 Цена: 0 EUR",Yes,
A15306,64 m²,3,400 €,https://www.novelestate.com/estate_view.html?id=A15306,https://novelestate.com/images/estate/27598/9.jpeg,rent,Автокоманда,,2,1,Наместен,1,,"Се издава наместен стан во Скопје, Автокоманда со површина од 64 m2.
 Екстра: Клима, Централно Парно, Лифт.
 Цена: 400 EUR",Yes,
A15300,57 m²,2,400 €,https://www.novelestate.com/estate_view.html?id=A15300,https://novelestate.com/images/estate/27591/1.jpeg,rent,Капиштец,ул.Славе Деловски,1,1,Наместен,1,,"Се издава наместен стан во Скопје, Капиштец со површина од 57 m2.
 Екстра: Клима, Лифт.
 Цена: 400 EUR",,
A15299,82 m²,3,800 €,https://www.novelestate.com/estate_view.html?id=A15299,https://novelestate.com/images/estate/27590/8.jpg,rent,Аеродром,,2,27,Наместен,1,,"Се издава наместен стан во Скопје, Аеродром со површина од 82 m2.
 Екстра: Клима, Централно Парно, Лифт, Нова Зграда, Паркинг.
 Цена: 800 EUR",Yes,
A4370,65 m²,3,400 €,https://www.novelestate.com/estate_view.html?id=A4370,https://novelestate.com/images/estate/8071/Izdavam-stan-vo-Centar.jpeg,rent,Дебар Маало,,2,1,Наместен,1,,"Се издава наместен стан во Скопје, Дебар Маало со површина од 65 m2.
 Екстра: Лифт, Централно Парно.
 Цена: 400 EUR",Yes,
A15298,42 m²,2,440 €,https://www.novelestate.com/estate_view.html?id=A15298,https://novelestate.com/images/estate/27587/viber_image_2025-04-02_12-47-46-260.jpg,rent,Козле,ул.Миле Попјорданов,1,приземје,Наместен,1,,"Се издава наместен стан во Скопје, Козле со површина од 42 m2.
 Екстра: Клима, Нова Зграда.
 Цена: 440 EUR",,50м2
A15297,88 m²,3,450 €,https://www.novelestate.com/estate_view.html?id=A15297,https://novelestate.com/images/estate/27584/2.jpg,rent,Карпош 4,,2,5/6,Наместен,2,,"Се издава наместен стан во Скопје, Карпош 4 со површина од 88 m2.
 Екстра: Клима, Централно Парно, Лифт, Реновиран.
 Цена: 450 EUR",Yes,
A15286,47 m²,2,450 €,https://www.novelestate.com/estate_view.html?id=A15286,https://novelestate.com/images/estate/27573/2.jpeg,rent,Центар,,1,1,Наместен,1,,"Се издава наместен стан во Скопје, Центар со површина од 47 m2.
 Екстра: Клима, Сопствено парно, Паркинг.
 Цена: 450 EUR",,
A12271,45 m²,2,450 €,https://www.novelestate.com/estate_view.html?id=A12271,https://novelestate.com/images/estate/22374/3.jpg,rent,Капиштец,ул.Козара,1,2,Наместен,1,,"Се издава наместен стан во Скопје, Капиштец со површина од 45 m2.
 Екстра:.
 Цена: 450 EUR",,
A15295,60 m²,2,370 €,https://www.novelestate.com/estate_view.html?id=A15295,https://novelestate.com/images/estate/27582/8.jpg,rent,Тафталиџе 1,,1,5/5,Наместен,1,,"Се издава наместен стан во Скопје, Тафталиџе 1 со површина од 60 m2.
 Екстра: Клима, Лифт, Нова Зграда, Паркинг.
 Цена: 370 EUR",,
A15294,50 m²,2,350 €,https://www.novelestate.com/estate_view.html?id=A15294,https://novelestate.com/images/estate/27581/1.jpg,rent,Водно,,1,3,Наместен,1,,"Се издава наместен стан во Скопје, Водно со површина од 50 m2.
 Екстра: Клима, Централно Парно.
 Цена: 350 EUR",Yes,
A15293,68 m²,3,350 €,https://www.novelestate.com/estate_view.html?id=A15293,https://novelestate.com/images/estate/27580/3.jpg,rent,Кисела Вода,,2,4,Наместен,1,,"Се издава наместен стан во Скопје, Кисела Вода со површина од 68 m2.
 Екстра: Клима, Сопствено парно, Лифт, Нова Зграда, Паркинг.
 Цена: 350 EUR",,
A15288,70 m²,3,450 €,https://www.novelestate.com/estate_view.html?id=A15288,https://novelestate.com/images/estate/27575/7.jpeg,rent,Центар - Универзална Сала,,2,3,Наместен,1,,"Се издава наместен стан во Скопје, Центар - Универзална Сала со површина од 70 m2.
 Екстра: Клима, Централно Парно, Лифт, Нова Зграда.
 Цена: 450 EUR",Yes,
A15287,47 m²,2,370 €,https://www.novelestate.com/estate_view.html?id=A15287,https://novelestate.com/images/estate/27574/7.jpeg,rent,Капиштец,,1,3,Наместен,1,,"Се издава наместен стан во Скопје, Капиштец со површина од 47 m2.
 Екстра: Клима, Централно Парно, Лифт, Нова Зграда, Паркинг.
 Цена: 370 EUR",Yes,
A14222,100 m²,3,600 €,https://www.novelestate.com/estate_view.html?id=A14222,https://novelestate.com/images/estate/25819/5fc17a9b-092c-4c91-aad1-e4768dd231b6.jpg,rent,Козле,,2,1,Наместен,2,,"Се издава наместен стан во Скопје, Козле со површина од 100 m2.
 Екстра: Клима, Централно Парно, Гаража.
 Цена: 600 EUR",Yes,
A8839,90 m²,4,420 €,https://www.novelestate.com/estate_view.html?id=A8839,https://novelestate.com/images/estate/16235/se-izdava-udoben-stan-so-tri-spalnni-vo-kisela-voda.jpeg,rent,Кисела Вода,,3,4,Наместен,2,,"Се издава наместен стан во Скопје, Кисела Вода со површина од 90 m2.
 Екстра: Клима, Централно Парно, Лифт.
 Цена: 420 EUR",Yes,
A15092,109 m²,3,650 €,https://www.novelestate.com/estate_view.html?id=A15092,https://novelestate.com/images/estate/27231/atraktiven-stan-za-iznajmuvanje-vo-naselba-przino.jpeg,rent,Пржино,ул.Панод Кљашев,2,3/4,Наместен,2,,"Се издава наместен стан во Скопје, Пржино со површина од 109 m2.
 Екстра: Клима, Сопствено парно, Лифт, Нова Зграда, Паркинг.
 Цена: 650 EUR",,
A15283,70 m²,3,380 €,https://www.novelestate.com/estate_view.html?id=A15283,https://novelestate.com/images/estate/27568/4.jpeg,rent,Црниче,,2,високо приземје,Наместен,1,,"Се издава наместен стан во Скопје, Црниче со површина од 70 m2.
 Екстра: Клима, Греење на струја.
 Цена: 380 EUR",,
A15280,50 m²,2,400 €,https://www.novelestate.com/estate_view.html?id=A15280,https://novelestate.com/images/estate/27563/viber_image_2025-03-25_10-17-14-284.jpg,rent,Козле,,1,1,Наместен,1,,"Се издава наместен стан во Скопје, Козле со површина од 50 m2.
 Екстра:.
 Цена: 400 EUR",,
A15079,135 m²,4,900 €,https://www.novelestate.com/estate_view.html?id=A15079,https://novelestate.com/images/estate/27216/3.jpg,rent,Водно,,3,7,Наместен,3,,"Се издава наместен стан во Скопје, Водно со површина од 135 m2.
 Екстра: Клима, Сопствено парно, Лифт, Нова Зграда, Паркинг.
 Цена: 900 EUR",,
A7218,53 m²,2,370 €,https://www.novelestate.com/estate_view.html?id=A7218,https://novelestate.com/images/estate/13228/841d1776-5f61-4d8d-95ab-7b87b61402d3.jpg,rent,Тафталиџе 1,,1,високо приземје/5,Наместен,1,,"Се издава наместен стан во Скопје, Тафталиџе 1 со површина од 53 m2.
 Екстра: Централно Парно, Лифт, Нова Зграда, Паркинг.
 Цена: 370 EUR",Yes,
A15279,87 m²,3,400 €,https://www.novelestate.com/estate_view.html?id=A15279,https://novelestate.com/images/estate/27560/1.jpeg,rent,Центар,,2,2,Празен,2,,"Се издава празен стан во Скопје, Центар со површина од 87 m2.
 Екстра: Клима, Централно Парно, Лифт, Нова Зграда.
 Цена: 400 EUR",Yes,
A6157,46 m²,2,350 €,https://www.novelestate.com/estate_view.html?id=A6157,https://novelestate.com/images/estate/11071/16.jpg,rent,Центар,,1,приземје,Наместен,,,"Се издава наместен стан во Скопје, Центар со површина од 46 m2.
 Екстра: Студенти, Централно Парно, Нова Зграда.
 Цена: 350 EUR",Yes,
A15138,118 m²,4,550 €,https://www.novelestate.com/estate_view.html?id=A15138,https://novelestate.com/images/estate/27292/2.jpeg,rent,Бардовци,,3,2,Наместен,3,,"Се издава наместен стан во Скопје, Бардовци со површина од 118 m2.
 Екстра: Клима, Сопствено парно, Нова Зграда, Паркинг.
 Цена: 550 EUR",,
A13882,43 m²,2,250 €,https://www.novelestate.com/estate_view.html?id=A13882,https://novelestate.com/images/estate/25178/7d888e5f-f6f2-44d3-90bb-4d0a1a08f3ac.jpg,rent,Автокоманда,,1,3,Наместен,1,2021,"Се издава наместен стан во Скопје, Автокоманда со површина од 43 m2.
 Екстра: Централно Парно, Лифт, Паркинг, Клима.
 Цена: 250 EUR",Yes,
A3586,85 m²,3,500 €,https://www.novelestate.com/estate_view.html?id=A3586,https://novelestate.com/images/estate/6666/dnevna.jpg,rent,Центар,,2,2/5,Наместен,1,,"Се издава наместен стан во Скопје, Центар со површина од 85 m2.
 Екстра: Лифт, Централно Парно, Клима, Нова Зграда, Гаража.
 Цена: 500 EUR",Yes,
A15074,100 m²,3,740 €,https://www.novelestate.com/estate_view.html?id=A15074,https://novelestate.com/images/estate/27209/3.jpeg,rent,Центар,,2,7/7,Наместен,2,,"Се издава наместен стан во Скопје, Центар со површина од 100 m2.
 Екстра: Клима, Централно Парно, Лифт.
 Цена: 740 EUR",Yes,
A9983,68 m²,3,350 €,https://www.novelestate.com/estate_view.html?id=A9983,https://novelestate.com/images/estate/18329/Se-izdava-stan-od-68m2-vo-Kozle (7).jpeg,rent,Козле,,2,1,Наместен,1,,"Се издава наместен стан во Скопје, Козле со површина од 68 m2.
 Екстра: Клима, Сопствено парно, Паркинг.
 Цена: 350 EUR",,
A9067,94 m²,3,650 €,https://www.novelestate.com/estate_view.html?id=A9067,https://novelestate.com/images/estate/16694/Luksuzen-stan-na-Vodno (4).jpeg,rent,Водно,,2,1/2,Наместен,2,,"Се издава наместен стан во Скопје, Водно со површина од 94 m2.
 Екстра: Клима, Сопствено парно, Интернет, Кабловска ТВ, Нова Зграда.
 Цена: 650 EUR",,
A14416,58 m²,2,420 €,https://www.novelestate.com/estate_view.html?id=A14416,https://novelestate.com/images/estate/26145/se-izdava-stan (5).jpeg,rent,Капиштец,ул.Васил Ѓоргов,1,2,Наместен,1,,"Се издава наместен стан во Скопје, Капиштец со површина од 58 m2.
 Екстра: Греење на струја, Лифт, Клима.
 Цена: 420 EUR",,
A14811,80 m²,3,800 €,https://www.novelestate.com/estate_view.html?id=A14811,https://novelestate.com/images/estate/26808/viber_image_2024-02-28_13-05-12-131.jpg,rent,Карпош 3,City Garden,2,1,Наместен,1,,"Се издава наместен стан во Скопје, Карпош 3 со површина од 80 m2.
 Екстра: Клима, Централно Парно, Лифт, Нова Зграда, Паркинг.
 Цена: 800 EUR",Yes,
A4130,70 m²,2,450 €,https://www.novelestate.com/estate_view.html?id=A4130,https://novelestate.com/images/estate/7668/192dace0-b79d-436a-8ef0-4112ae20d622.jpg,rent,Дебар Маало,,1,5,Наместен,1,,"Се издава наместен стан во Скопје, Дебар Маало со површина од 70 m2.
 Екстра: Клима, Централно Парно, Лифт, Нова Зграда.
 Цена: 450 EUR",Yes,
A14784,56 m²,2,300 €,https://www.novelestate.com/estate_view.html?id=A14784,https://novelestate.com/images/estate/26774/1.jpeg,rent,Аеродром,,1,1,Наместен,1,,"Се издава наместен стан во Скопје, Аеродром со површина од 56 m2.
 Екстра: Клима, Централно Парно, Лифт.
 Цена: 300 EUR",Yes,
A15272,50 m²,2,430 €,https://www.novelestate.com/estate_view.html?id=A15272,https://novelestate.com/images/estate/27541/3.jpg,rent,Дебар Маало,,1,2,Наместен,1,,"Се издава наместен стан во Скопје, Дебар Маало со површина од 50 m2.
 Екстра: Клима, Централно Парно, Лифт, Нова Зграда.
 Цена: 430 EUR",Yes,
A15271,30 m²,1,300 €,https://www.novelestate.com/estate_view.html?id=A15271,https://novelestate.com/images/estate/27540/1.jpeg,rent,Дебар Маало,,,2,Наместен,1,,"Се издава наместен стан во Скопје, Дебар Маало со површина од 30 m2.
 Екстра: Клима, Централно Парно, Лифт.
 Цена: 300 EUR",Yes,
A8291,58 m²,2,300 €,https://www.novelestate.com/estate_view.html?id=A8291,https://novelestate.com/images/estate/15311/2.jpg,rent,Центар,,1,1,Празен,1,2005,"Се издава празен стан во Скопје, Центар со површина од 58 m2.
 Екстра: Клима, Централно Парно, Лифт.
 Цена: 300 EUR",Yes,
A7272,63 m²,3,450 €,https://www.novelestate.com/estate_view.html?id=A7272,https://novelestate.com/images/estate/13306/Luksuzen-stan-vo-Debar-Maalo-centar- (2).jpeg,rent,Дебар Маало,,2,3/4,Наместен,1,2013,"Се издава наместен стан во Скопје, Дебар Маало со површина од 63 m2.
 Екстра: Сопствено парно, Нова Зграда, Клима.
 Цена: 450 EUR",,
A15236,40 m²,2,450 €,https://www.novelestate.com/estate_view.html?id=A15236,https://novelestate.com/images/estate/27461/2.jpeg,rent,Центар,,1,5,Наместен,1,,"Се издава наместен стан во Скопје, Центар со површина од 40 m2.
 Екстра: Клима, Централно Парно, Лифт, Нова Зграда.
 Цена: 450 EUR",Yes,
A15156,90 m²,3,600 €,https://www.novelestate.com/estate_view.html?id=A15156,https://novelestate.com/images/estate/27326/10.jpeg,rent,Центар,,2,11/12,Наместен,2,,"Се издава наместен стан во Скопје, Центар со површина од 90 m2.
 Екстра: Клима, Централно Парно, Лифт, Реновиран, Гаража.
 Цена: 600 EUR",Yes,
A15270,72 m²,3,700 €,https://www.novelestate.com/estate_view.html?id=A15270,https://novelestate.com/images/estate/27533/2.jpeg,rent,Центар,,2,8,Наместен,1,,"Се издава наместен стан во Скопје, Центар со површина од 72 m2.
 Екстра: Клима, Централно Парно, Лифт, Нова Зграда.
 Цена: 700 EUR",Yes,
A5121,72 m²,3,550 €,https://www.novelestate.com/estate_view.html?id=A5121,https://novelestate.com/images/estate/9328/ImageHandler (1).jpg,rent,Центар,,2,3/5,Наместен,2,,"Се издава наместен стан во Скопје, Центар со површина од 72 m2.
 Екстра: Централно Парно, Лифт, Клима.
 Цена: 550 EUR",Yes,
A15226,69 m²,3,500 €,https://www.novelestate.com/estate_view.html?id=A15226,https://novelestate.com/images/estate/27443/viber_image_2025-02-05_14-52-06-852.jpg,rent,Центар,,2,8/9,Наместен,1,,"Се издава наместен стан во Скопје, Центар со површина од 69 m2.
 Екстра: Клима, Сопствено парно, Лифт, Реновиран.
 Цена: 500 EUR",,
A15149,111 m²,4,700 €,https://www.novelestate.com/estate_view.html?id=A15149,https://novelestate.com/images/estate/27311/5.jpg,rent,Тафталиџе 1,ул.Багдатска,3,5и6,Наместен,2,,"Се издава наместен стан во Скопје, Тафталиџе 1 со површина од 111 m2.
 Екстра: Клима, Централно Парно, Лифт, Нова Зграда, Паркинг.
 Цена: 700 EUR",Yes,
A6602,80 m²,3,450 €,https://www.novelestate.com/estate_view.html?id=A6602,https://novelestate.com/images/estate/12144/stan-pod-naem-vo-taftalidze-2 (5).jpeg,rent,Тафталиџе 2,,2,2,Наместен,1,2010,"Се издава наместен стан во Скопје, Тафталиџе 2 со површина од 80 m2.
 Екстра: Клима, Сопствено парно, Паркинг.
 Цена: 450 EUR",,
A15266,30 m²,1,350 €,https://www.novelestate.com/estate_view.html?id=A15266,https://novelestate.com/images/estate/27525/2.jpg,rent,Тафталиџе 1,,,,Наместен,1,,"Се издава наместен стан во Скопје, Тафталиџе 1 со површина од 30 m2.
 Екстра: Клима, Централно Парно, Лифт, Нова Зграда.
 Цена: 350 EUR",Yes,
A15260,30 m²,2,280 €,https://www.novelestate.com/estate_view.html?id=A15260,https://novelestate.com/images/estate/27518/se-iznajmuva-nov-stan-vo-kisela-voda (6).jpeg,rent,Кисела Вода,,1,приземје,Наместен,1,,"Се издава наместен стан во Скопје, Кисела Вода со површина од 30 m2.
 Екстра: Централно Парно.
 Цена: 280 EUR",Yes,35м2
A15259,56 m²,3,400 €,https://www.novelestate.com/estate_view.html?id=A15259,https://novelestate.com/images/estate/27516/luksuzen-stan-na-vodno (2).jpeg,rent,Водно,ул.Рилски Конгрес,2,1,Наместен,1,,"Се издава наместен стан во Скопје, Водно со површина од 56 m2.
 Екстра: Сопствено парно.
 Цена: 400 EUR",,
A15258,50 m²,2,500 €,https://www.novelestate.com/estate_view.html?id=A15258,https://novelestate.com/images/estate/27515/nevseluvan-stan-vo-kompleksot-east-gate.jpeg,rent,Автокоманда,East Gate Living,1,2,Наместен,1,,"Се издава наместен стан во Скопје, Автокоманда со површина од 50 m2.
 Екстра: Клима, Централно Парно, Лифт, Нова Зграда, Паркинг.
 Цена: 500 EUR",Yes,
A15020,66 m²,3,650 €,https://www.novelestate.com/estate_view.html?id=A15020,https://novelestate.com/images/estate/27135/se-izdava-nov-nevseluvan-luksuzen-stan (1).jpeg,rent,Кисела Вода,,2,4/4,Наместен,1,,"Се издава наместен стан во Скопје, Кисела Вода со површина од 66 m2.
 Екстра:.
 Цена: 650 EUR",,
A13850,58 m²,2,450 €,https://www.novelestate.com/estate_view.html?id=A13850,https://novelestate.com/images/estate/25111/Se-izdava-nov-celosno-moderno-namesten-stan-Kapistec-58m2.jpeg,rent,Капиштец,,1,5,Наместен,1,,"Се издава наместен стан во Скопје, Капиштец со површина од 58 m2.
 Екстра: Клима, Греење на струја, Лифт, Нова Зграда, Гаража.
 Цена: 450 EUR",,
A6073,60 m²,2,Please contact,https://www.novelestate.com/estate_view.html?id=A6073,https://novelestate.com/images/estate/10939/se-izdava-stan-od-60m2-so-edna-spalna-vo-michurin.jpeg,rent,Мичурин,,1,3,Наместен,2,,"Се издава наместен стан во Скопје, Мичурин со површина од 60 m2.
 Екстра: Централно Парно, Лифт.
 Цена: 0 EUR",Yes,
A15253,46 m²,2,400 €,https://www.novelestate.com/estate_view.html?id=A15253,https://novelestate.com/images/estate/27507/1.jpeg,rent,Карпош 4,,1,4,Наместен,1,2005,"Се издава наместен стан во Скопје, Карпош 4 со површина од 46 m2.
 Екстра: Клима, Централно Парно, Лифт, Нова Зграда.
 Цена: 400 EUR",Yes,
A15250,64 m²,3,700 €,https://www.novelestate.com/estate_view.html?id=A15250,https://novelestate.com/images/estate/27504/1.jpeg,rent,Црниче,,2,приземје,Наместен,1,,"Се издава наместен стан во Скопје, Црниче со површина од 64 m2.
 Екстра: Клима, Греење на струја, Нова Зграда, Гаража.
 Цена: 700 EUR",,
A12862,55 m²,2,350 €,https://www.novelestate.com/estate_view.html?id=A12862,https://novelestate.com/images/estate/23468/Aerodrom-sproti-Majcin-Dom (5).jpeg,rent,Аеродром,,1,2,Наместен,1,,"Се издава наместен стан во Скопје, Аеродром со површина од 55 m2.
 Екстра: Клима, Централно Парно.
 Цена: 350 EUR",Yes,
A15178,64 m²,3,550 €,https://www.novelestate.com/estate_view.html?id=A15178,https://novelestate.com/images/estate/27360/e8b17e26-adb3-453d-b921-80d09f52d9ee.jpg,rent,Центар,,2,2,Наместен,1,,"Се издава наместен стан во Скопје, Центар со површина од 64 m2.
 Екстра: Клима, Централно Парно, Лифт, Нова Зграда, Паркинг.
 Цена: 550 EUR",Yes,
A15071,46 m²,2,600 €,https://www.novelestate.com/estate_view.html?id=A15071,https://novelestate.com/images/estate/27206/1.jpeg,rent,Центар,,1,2,Наместен,1,,"Се издава наместен стан во Скопје, Центар со површина од 46 m2.
 Екстра: Клима, Сопствено парно, Лифт, Нова Зграда, Паркинг.
 Цена: 600 EUR",,
A14392,50 m²,2,450 €,https://www.novelestate.com/estate_view.html?id=A14392,https://novelestate.com/images/estate/26105/se-izdava-namesten-stan-na-vodno-so-garaza (1).jpeg,rent,Водно,,1,3,Наместен,1,,"Се издава наместен стан во Скопје, Водно со површина од 50 m2.
 Екстра: Сопствено парно, Лифт, Гаража.
 Цена: 450 EUR",,
A15005,93 m²,3,800 €,https://www.novelestate.com/estate_view.html?id=A15005,https://novelestate.com/images/estate/27107/Vodno6.jpg,rent,Водно,,2,2,Наместен,2,,"Се издава наместен стан во Скопје, Водно со површина од 93 m2.
 Екстра: Клима, Сопствено парно, Лифт, Нова Зграда.
 Цена: 800 EUR",,
A14816,87 m²,3,900 €,https://www.novelestate.com/estate_view.html?id=A14816,https://novelestate.com/images/estate/26819/viber_image_2024-03-04_11-36-29-586.jpg,rent,Центар,Diamond of Skopje,2,17,Празен,2,2023,"Се издава празен стан во Скопје, Центар со површина од 87 m2.
 Екстра: Клима, Централно Парно, Лифт, Нова Зграда, Кујнски елементи, Кујнски апарати, Паркинг.
 Цена: 900 EUR",Yes,
A15223,70 m²,3,900 €,https://www.novelestate.com/estate_view.html?id=A15223,https://novelestate.com/images/estate/27440/7.jpeg,rent,Тафталиџе 1,,2,приземје,Наместен,1,,"Се издава наместен стан во Скопје, Тафталиџе 1 со површина од 70 m2.
 Екстра: Клима, Сопствено парно, Нова Зграда, Паркинг.
 Цена: 900 EUR",,+50м2
A15066,86 m²,3,300 €,https://www.novelestate.com/estate_view.html?id=A15066,https://novelestate.com/images/estate/27199/fc928092-e0b9-4892-9a3a-8ae62dc49f3b.jpg,rent,Водно,ул.Салвадор Аљенде,2,приземје,Празен,2,,"Се издава празен стан во Скопје, Водно со површина од 86 m2.
 Екстра: Клима, Сопствено парно, Кујнски елементи, Кујнски апарати.
 Цена: 300 EUR",,
A13941,70 m²,3,500 €,https://www.novelestate.com/estate_view.html?id=A13941,https://novelestate.com/images/estate/25267/Se-izdava-stan-kompletno-namesten-Taflatidze (8).jpeg,rent,Тафталиџе 1,,2,1,Наместен,1,,"Се издава наместен стан во Скопје, Тафталиџе 1 со површина од 70 m2.
 Екстра: Клима, Сопствено парно, Лифт, Нова Зграда, Паркинг.
 Цена: 500 EUR",,
A14180,78 m²,3,450 €,https://www.novelestate.com/estate_view.html?id=A14180,https://novelestate.com/images/estate/25751/cacb761f-c275-496a-9d9b-d6792efadb36.jpg,rent,Тафталиџе 1,,2,2,Наместен,2,,"Се издава наместен стан во Скопје, Тафталиџе 1 со површина од 78 m2.
 Екстра: Клима, Централно Парно, Лифт, Нова Зграда, Паркинг.
 Цена: 450 EUR",Yes,
A9212,95 m²,3,420 €,https://www.novelestate.com/estate_view.html?id=A9212,https://novelestate.com/images/estate/16976/SE-IZDAVA-STAN-95m2-VODNO.jpeg,rent,Водно,,2,1,Наместен,2,,"Се издава наместен стан во Скопје, Водно со површина од 95 m2.
 Екстра: Сопствено парно, Паркинг, Студенти.
 Цена: 420 EUR",,
A9832,58 m²,3,300 €,https://www.novelestate.com/estate_view.html?id=A9832,https://novelestate.com/images/estate/17997/Se-izdava-kompletno-namesten-stan-vo-Novo-Lisice (1).jpeg,rent,Ново Лисиче,,2,1,Наместен,1,,"Се издава наместен стан во Скопје, Ново Лисиче со површина од 58 m2.
 Екстра: Централно Парно.
 Цена: 300 EUR",Yes,
A14870,35 m²,1,350 €,https://www.novelestate.com/estate_view.html?id=A14870,https://novelestate.com/images/estate/26914/8.jpeg,rent,Центар - Универзална Сала,,,5,Наместен,1,,"Се издава наместен стан во Скопје, Центар - Универзална Сала со површина од 35 m2.
 Екстра: Клима, Централно Парно, Лифт, Нова Зграда.
 Цена: 350 EUR",Yes,
A15068,75 m²,3,600 €,https://www.novelestate.com/estate_view.html?id=A15068,https://novelestate.com/images/estate/27201/18bd1d38-5afd-4951-9ba9-80ac559865ec.jpg,rent,Центар - Универзална Сала,ул.Борка Талески,2,4,Наместен,2,,"Се издава наместен стан во Скопје, Центар - Универзална Сала со површина од 75 m2.
 Екстра: Клима, Централно Парно, Паркинг.
 Цена: 600 EUR",Yes,
A4377,72 m²,3,450 €,https://www.novelestate.com/estate_view.html?id=A4377,https://novelestate.com/images/estate/8084/Luksuzno-namesten-stan-vo-Centar.jpeg,rent,Центар - Универзална Сала,,2,3,Наместен,1,,"Се издава наместен стан во Скопје, Центар - Универзална Сала со површина од 72 m2.
 Екстра: Централно Парно, Лифт, Нова Зграда, Паркинг.
 Цена: 450 EUR",Yes,
A15245,60 m²,3,280 €,https://www.novelestate.com/estate_view.html?id=A15245,https://novelestate.com/images/estate/27482/2.jpg,rent,Аеродром,,2,7,Празен,1,,"Се издава празен стан во Скопје, Аеродром со површина од 60 m2.
 Екстра: Клима, Сопствено парно, Лифт, Нова Зграда.
 Цена: 280 EUR",,
A15213,45 m²,2,350 €,https://www.novelestate.com/estate_view.html?id=A15213,https://novelestate.com/images/estate/27415/1.jpg,rent,Карпош 1,,1,3,Наместен,1,,"Се издава наместен стан во Скопје, Карпош 1 со површина од 45 m2.
 Екстра: Клима, Централно Парно.
 Цена: 350 EUR",Yes,
A12457,81 m²,3,500 €,https://www.novelestate.com/estate_view.html?id=A12457,https://novelestate.com/images/estate/22713/6.jpg,rent,Центар,Бул.Мито Хаџивасилев Јасмин,2,10,Наместен,2,,"Се издава наместен стан во Скопје, Центар со површина од 81 m2.
 Екстра: Клима, Централно Парно, Лифт, Студенти.
 Цена: 500 EUR",Yes,
A11248,84 m²,3,800 €,https://www.novelestate.com/estate_view.html?id=A11248,https://novelestate.com/images/estate/20621/cef85a0a-bdcc-48c1-8184-e9e88ac83d50.jpg,rent,Карпош 2,,2,7/9,Наместен,2,,"Се издава наместен стан во Скопје, Карпош 2 со површина од 84 m2.
 Екстра: Клима, Централно Парно, Лифт, Нова Зграда.
 Цена: 800 EUR",Yes,
A15115,115 m²,4,1000 €,https://www.novelestate.com/estate_view.html?id=A15115,https://novelestate.com/images/estate/27262/1.jpg,rent,Козле,,3,3,Наместен,2,2020,"Се издава наместен стан во Скопје, Козле со површина од 115 m2.
 Екстра: Клима, Сопствено парно, Лифт, Нова Зграда.
 Цена: 1000 EUR",,
A8972,74 m²,3,500 €,https://www.novelestate.com/estate_view.html?id=A8972,https://novelestate.com/images/estate/16529/Se-izdava-nov-stan-vo-Aerodrom-68m2.jpeg,rent,Ново Лисиче,,2,2/2,Наместен,1,,"Се издава наместен стан во Скопје, Ново Лисиче со површина од 74 m2.
 Екстра: Клима, Сопствено парно, Нова Зграда, Паркинг, Аларм, Камера.
 Цена: 500 EUR",,
A15083,83 m²,4,650 €,https://www.novelestate.com/estate_view.html?id=A15083,https://novelestate.com/images/estate/27220/b2eaa8c7-4e56-447f-8221-6b5ac4550631.jpg,rent,Капиштец,,3,4,Наместен,2,,"Се издава наместен стан во Скопје, Капиштец со површина од 83 m2.
 Екстра: Централно Парно.
 Цена: 650 EUR",Yes,
A13511,180 m²,5,1000 €,https://www.novelestate.com/estate_view.html?id=A13511,https://novelestate.com/images/estate/24434/Se-izdava-luksuzen-stan (9).jpeg,rent,Карпош 3,,3,2,Наместен,3,,"Се издава наместен стан во Скопје, Карпош 3 со површина од 180 m2.
 Екстра: Клима, Централно Парно, Лифт, Нова Зграда.
 Цена: 1000 EUR",Yes,
A15208,54 m²,2,450 €,https://www.novelestate.com/estate_view.html?id=A15208,https://novelestate.com/images/estate/27409/1.jpg,rent,Ѓорче Петров,,1,5,Наместен,1,,"Се издава наместен стан во Скопје, Ѓорче Петров со површина од 54 m2.
 Екстра: Клима, Греење на струја.
 Цена: 450 EUR",,
A10574,96 m²,3,360 €,https://www.novelestate.com/estate_view.html?id=A10574,https://novelestate.com/images/estate/6750/Se-izdava-namesten-stan-u-centar (7).jpeg,rent,Центар,ул.Дебарца,2,2,Наместен,1,,"Се издава наместен стан во Скопје, Центар со површина од 96 m2.
 Екстра: Централно Парно, Паркинг.
 Цена: 360 EUR",Yes,
A9083,85 m²,3,400 €,https://www.novelestate.com/estate_view.html?id=A9083,https://novelestate.com/images/estate/16720/ImageHandler (5).jpg,rent,Капиштец,,2,11/16,Наместен,2,,"Се издава наместен стан во Скопје, Капиштец со површина од 85 m2.
 Екстра: Клима, Централно Парно, Лифт, Паркинг.
 Цена: 400 EUR",Yes,
A14200,49 m²,3,350 €,https://www.novelestate.com/estate_view.html?id=A14200,https://novelestate.com/images/estate/25792/6b1db734-ca9f-487c-ba44-24ad39367823.jpg,rent,Водно,,2,приземје,Наместен,1,,"Се издава наместен стан во Скопје, Водно со површина од 49 m2.
 Екстра: Клима, Греење на струја.
 Цена: 350 EUR",,35m2
A15234,74 m²,3,400 €,https://www.novelestate.com/estate_view.html?id=A15234,https://novelestate.com/images/estate/27456/3.jpg,rent,Топанско Поле,,2,1,Наместен,1,,"Се издава наместен стан во Скопје, Топанско Поле со површина од 74 m2.
 Екстра: Клима, Греење на струја, Нова Зграда, Гаража.
 Цена: 400 EUR",,
A13889,60 m²,3,300 €,https://www.novelestate.com/estate_view.html?id=A13889,https://novelestate.com/images/estate/25192/4147dc9a-28a2-4339-9605-ade5d11676ea.jpg,rent,Центар,,2,1/8,Празен,1,,"Се издава празен стан во Скопје, Центар со површина од 60 m2.
 Екстра: Клима, Централно Парно, Лифт, Нова Зграда, Паркинг.
 Цена: 300 EUR",Yes,
A9734,36 m²,1,250 €,https://www.novelestate.com/estate_view.html?id=A9734,https://novelestate.com/images/estate/17824/f6960193-2616-474e-8a50-aac1f4fa4c4a.jpg,rent,Аеродром,,,2,Празен,1,,"Се издава празен стан во Скопје, Аеродром со површина од 36 m2.
 Екстра: Централно Парно, Лифт.
 Цена: 250 EUR",Yes,
A5837,112 m²,3,Please contact,https://www.novelestate.com/estate_view.html?id=A5837,https://novelestate.com/images/estate/10625/Ekskluziven-dupleks-kaj-Stara-Rampa (5).jpeg,rent,Кисела Вода,,2,5,Наместен,2,2004,"Се издава наместен стан во Скопје, Кисела Вода со површина од 112 m2.
 Екстра: Централно Парно, Клима, Лифт, Реновиран, Нова Зграда.
 Цена: 0 EUR",Yes,
A15230,69 m²,3,550 €,https://www.novelestate.com/estate_view.html?id=A15230,https://novelestate.com/images/estate/27448/2.jpeg,rent,Центар,,2,6,Наместен,1,,"Се издава наместен стан во Скопје, Центар со површина од 69 m2.
 Екстра: Клима, Централно Парно, Лифт.
 Цена: 550 EUR",Yes,
A14817,60 m²,3,630 €,https://www.novelestate.com/estate_view.html?id=A14817,https://novelestate.com/images/estate/26822/5.jpg,rent,Дебар Маало,,2,2,Наместен,1,,"Се издава наместен стан во Скопје, Дебар Маало со површина од 60 m2.
 Екстра: Клима, Греење на струја, Лифт, Нова Зграда.
 Цена: 630 EUR",,
A15225,87 m²,3,Please contact,https://www.novelestate.com/estate_view.html?id=A15225,https://novelestate.com/images/estate/27442/1737392423425.jpg,rent,Водно,,2,,Наместен,2,,"Се издава наместен стан во Скопје, Водно со површина од 87 m2.
 Екстра: Клима, Сопствено парно, Лифт, Нова Зграда.
 Цена: 0 EUR",,
A2440,70 m²,3,400 €,https://www.novelestate.com/estate_view.html?id=A2440,https://novelestate.com/images/estate/4918/2.jpeg,rent,Центар,,,3,Наместен,1,,"Се издава наместен стан во Скопје, Центар со површина од 70 m2.
 Екстра: Централно Парно, Лифт, Клима.
 Цена: 400 EUR",Yes,
A15222,55 m²,2,350 €,https://www.novelestate.com/estate_view.html?id=A15222,https://novelestate.com/images/estate/27439/5.jpeg,rent,Центар,,1,приземје,Наместен,1,,"Се издава наместен стан во Скопје, Центар со површина од 55 m2.
 Екстра: Клима, Греење на струја.
 Цена: 350 EUR",,
A15124,70 m²,3,500 €,https://www.novelestate.com/estate_view.html?id=A15124,https://novelestate.com/images/estate/27271/se-izdava-trosoben-stan.jpeg,rent,Центар,,2,6,Наместен,1,,"Се издава наместен стан во Скопје, Центар со површина од 70 m2.
 Екстра: Клима, Централно Парно, Лифт.
 Цена: 500 EUR",Yes,
A12668,91 m²,3,700 €,https://www.novelestate.com/estate_view.html?id=A12668,https://novelestate.com/images/estate/23092/Se-izdava-stan-vo-Diamond-Garden.jpeg,rent,Тафталиџе 1,,2,9,Наместен,2,,"Се издава наместен стан во Скопје, Тафталиџе 1 со површина од 91 m2.
 Екстра: Клима, Лифт, Нова Зграда, Паркинг.
 Цена: 700 EUR",,
A15140,85 m²,3,250 €,https://www.novelestate.com/estate_view.html?id=A15140,https://novelestate.com/images/estate/27294/1.jpeg,rent,Автокоманда,,2,10,Наместен,2,,"Се издава наместен стан во Скопје, Автокоманда со површина од 85 m2.
 Екстра: Клима, Централно Парно, Лифт.
 Цена: 250 EUR",Yes,
A15204,60 m²,2,600 €,https://www.novelestate.com/estate_view.html?id=A15204,https://novelestate.com/images/estate/27401/3.jpeg,rent,Центар,,1,5,Наместен,1,,"Се издава наместен стан во Скопје, Центар со површина од 60 m2.
 Екстра: Клима, Сопствено парно, Лифт, Нова Зграда.
 Цена: 600 EUR",,
A12928,71 m²,3,600 €,https://www.novelestate.com/estate_view.html?id=A12928,https://novelestate.com/images/estate/23463/1.jpeg,rent,Центар,,,1,Наместен,2,,"Се издава наместен стан во Скопје, Центар со површина од 71 m2.
 Екстра: Клима, Централно Парно, Лифт.
 Цена: 600 EUR",Yes,
A15200,64 m²,3,550 €,https://www.novelestate.com/estate_view.html?id=A15200,https://novelestate.com/images/estate/21393/Se-izdava-stan-od-64m2-vo-Centar.jpeg,rent,Центар,,2,1,Наместен,2,,"Се издава наместен стан во Скопје, Центар со површина од 64 m2.
 Екстра: Клима, Централно Парно, Гаража, Лифт.
 Цена: 550 EUR",Yes,
A15182,50 m²,2,400 €,https://www.novelestate.com/estate_view.html?id=A15182,https://novelestate.com/images/estate/27364/549a26cd-2367-41a9-9e28-e18f63d5fa3f.jpg,rent,Центар,,1,2,Наместен,1,,"Се издава наместен стан во Скопје, Центар со површина од 50 m2.
 Екстра: Клима, Централно Парно, Лифт, Нова Зграда.
 Цена: 400 EUR",Yes,
A15183,56 m²,3,360 €,https://www.novelestate.com/estate_view.html?id=A15183,https://novelestate.com/images/estate/27365/bc129ce2-86f6-4d81-925d-9f92f79154ed.jpg,rent,Центар,,2,1,Наместен,1,,"Се издава наместен стан во Скопје, Центар со површина од 56 m2.
 Екстра: Клима, Греење на струја.
 Цена: 360 EUR",,
A15188,76 m²,3,600 €,https://www.novelestate.com/estate_view.html?id=A15188,https://novelestate.com/images/estate/27373/se-izdava-stan-od-76m2-vo-debar-maalo-za-podolg-period.jpeg,rent,Дебар Маало,,2,,Наместен,1,,"Се издава наместен стан во Скопје, Дебар Маало со површина од 76 m2.
 Екстра: Клима, Сопствено парно, Лифт.
 Цена: 600 EUR",,
A14434,52 m²,2,400 €,https://www.novelestate.com/estate_view.html?id=A14434,https://novelestate.com/images/estate/26166/4d1d9db0-2a26-4cb4-b9ea-f8592a846d7b.jpg,rent,Кисела Вода,,1,1,Наместен,1,,"Се издава наместен стан во Скопје, Кисела Вода со површина од 52 m2.
 Екстра: Лифт, Нова Зграда.
 Цена: 400 EUR",,
A15062,47 m²,2,500 €,https://www.novelestate.com/estate_view.html?id=A15062,https://novelestate.com/images/estate/27195/9e14ec70-5fe7-48da-8336-3e053d4aa741.jpg,rent,Автокоманда,до East Gate Mall,1,8,Наместен,1,,"Се издава наместен стан во Скопје, Автокоманда со површина од 47 m2.
 Екстра: Клима, Централно Парно, Лифт, Нова Зграда, Гаража.
 Цена: 500 EUR",Yes,
A8328,64 m²,2,700 €,https://www.novelestate.com/estate_view.html?id=A8328,https://novelestate.com/images/estate/15392/luxorious-appartment-for-rent-in-vodno-soravia-resort.jpeg,rent,Водно,,1,2,Наместен,1,,"Се издава наместен стан во Скопје, Водно со површина од 64 m2.
 Екстра: Клима, Сопствено парно, Лифт, Нова Зграда, Паркинг.
 Цена: 700 EUR",,
A13715,29 m²,1,360 €,https://www.novelestate.com/estate_view.html?id=A13715,https://novelestate.com/images/estate/24896/204751909_260736459186763_5570427242099137903_n.jpg,rent,Водно,,,5/7,Наместен,1,,"Се издава наместен стан во Скопје, Водно со површина од 29 m2.
 Екстра: Клима, Централно Парно, Лифт, Нова Зграда.
 Цена: 360 EUR",Yes,
A14970,70 m²,3,500 €,https://www.novelestate.com/estate_view.html?id=A14970,https://novelestate.com/images/estate/27057/9bbebc64-da2c-4c33-a745-f53953cc692a.jpg,rent,Тафталиџе 2,,2,приземје,Празен,2,,"Се издава празен стан во Скопје, Тафталиџе 2 со површина од 70 m2.
 Екстра:
 Цена: 500 EUR",,+60м2
A15164,65 m²,3,800 €,https://www.novelestate.com/estate_view.html?id=A15164,https://novelestate.com/images/estate/27337/5.jpg,rent,Аеродром,,2,1,Наместен,1,,"Се издава наместен стан во Скопје, Аеродром со површина од 65 m2.
 Екстра: Клима, Централно Парно, Лифт, Нова Зграда, Гаража.
 Цена: 800 EUR",Yes,
A15107,110 m²,3,635 €,https://www.novelestate.com/estate_view.html?id=A15107,https://novelestate.com/images/estate/27251/fbdd9068-349e-481e-9536-99b6f4f76005.jpg,rent,Црниче,ул.Баница,2,2,Наместен,2,,"Се издава наместен стан во Скопје, Црниче со површина од 110 m2.
 Екстра:.
 Цена: 635 EUR",,
A14944,88 m²,3,500 €,https://www.novelestate.com/estate_view.html?id=A14944,https://novelestate.com/images/estate/27022/11d756b9-2b19-4d7f-a6d1-781cac7675f4.jpg,rent,Карпош,,2,приземје,Наместен,2,,"Се издава наместен стан во Скопје, Карпош со површина од 88 m2.
 Екстра: Клима, Сопствено парно, Нова Зграда, Паркинг.
 Цена: 500 EUR",,100м2
A11213,54 m²,2,260 €,https://www.novelestate.com/estate_view.html?id=A11213,https://novelestate.com/images/estate/20554/8335f7c3-2b4b-4c2c-9fd1-2c5781cc26b9.jpg,rent,Центар,,1,1,Наместен,1,,"Се издава наместен стан во Скопје, Центар со површина од 54 m2.
 Екстра: Клима, Сопствено парно, Лифт, Нова Зграда.
 Цена: 260 EUR",,
A14683,63 m²,3,500 €,https://www.novelestate.com/estate_view.html?id=A14683,https://novelestate.com/images/estate/26606/2a7dede0-2771-4842-9929-589b387a86de.jpg,rent,Дебар Маало,,2,1,Наместен,1,,"Се издава наместен стан во Скопје, Дебар Маало со површина од 63 m2.
 Екстра: Клима, Централно Парно, Лифт, Нова Зграда, Паркинг.
 Цена: 500 EUR",Yes,
A15197,65 m²,2,500 €,https://www.novelestate.com/estate_view.html?id=A15197,https://novelestate.com/images/estate/27394/3.jpeg,rent,Тафталиџе 1,,1,приземје,Наместен,2,,"Се издава наместен стан во Скопје, Тафталиџе 1 со површина од 65 m2.
 Екстра: Клима, Централно Парно, Лифт, Нова Зграда, Паркинг.
 Цена: 500 EUR",Yes,
A15195,93 m²,3,400 €,https://www.novelestate.com/estate_view.html?id=A15195,https://novelestate.com/images/estate/11912/2.jpg,rent,Пржино,,2,1/2,Наместен,2,,"Се издава наместен стан во Скопје, Пржино со површина од 93 m2.
 Екстра: Клима, Сопствено парно, Интернет, Кабловска ТВ, Паркинг.
 Цена: 400 EUR",,
A15193,32 m²,1,310 €,https://www.novelestate.com/estate_view.html?id=A15193,https://novelestate.com/images/estate/27380/9.jpeg,rent,Капиштец,,,приземје,Наместен,1,,"Се издава наместен стан во Скопје, Капиштец со површина од 32 m2.
 Екстра: Клима, Греење на струја.
 Цена: 310 EUR",,
A15189,57 m²,3,450 €,https://www.novelestate.com/estate_view.html?id=A15189,https://novelestate.com/images/estate/27375/8.jpeg,rent,Аеродром,,2,2,Наместен,2,,"Се издава наместен стан во Скопје, Аеродром со површина од 57 m2.
 Екстра: Клима, Централно Парно, Лифт, Нова Зграда, Паркинг.
 Цена: 450 EUR",Yes,
A13720,108 m²,4,650 €,https://www.novelestate.com/estate_view.html?id=A13720,https://novelestate.com/images/estate/24904/8.jpeg,rent,Тафталиџе 1,,3,5,Наместен,2,,"Се издава наместен стан во Скопје, Тафталиџе 1 со површина од 108 m2.
 Екстра: Клима, Централно Парно, Лифт, Гаража.
 Цена: 650 EUR",Yes,
A15166,65 m²,3,1000 €,https://www.novelestate.com/estate_view.html?id=A15166,https://novelestate.com/images/estate/27340/6.jpg,rent,Аеродром,,2,33,Наместен,1,,"Се издава наместен стан во Скопје, Аеродром со површина од 65 m2.
 Екстра: Клима, Централно Парно, Лифт, Нова Зграда, Паркинг.
 Цена: 1000 EUR",Yes,
A1078,90 m²,4,350 €,https://www.novelestate.com/estate_view.html?id=A1078,https://novelestate.com/images/estate/2515/se-izdava-atraktiven-stan-vo-micurin (1).jpeg,rent,Мичурин,,3,2/6,Наместен,2,2011,"Се издава наместен стан во Скопје, Мичурин со површина од 90 m2.
 Екстра: Лифт, Реновиран, Централно Парно, Клима, Интернет, Кабловска ТВ.
 Цена: 350 EUR",Yes,
A15049,50 m²,2,580 €,https://www.novelestate.com/estate_view.html?id=A15049,https://novelestate.com/images/estate/27176/se-izdava-stan-vo-czentar (4).jpeg,rent,Водно,,1,1,Наместен,1,,"Се издава наместен стан во Скопје, Водно со површина од 50 m2.
 Екстра: Клима, Сопствено парно, Лифт, Нова Зграда, Паркинг.
 Цена: 580 EUR",,
A9501,86 m²,3,700 €,https://www.novelestate.com/estate_view.html?id=A9501,https://novelestate.com/images/estate/16793/viber_image_2021-08-05_10-39-37-053.jpg,rent,Козле,,2,2/3,Наместен,3,2016,"Се издава наместен стан во Скопје, Козле со површина од 86 m2.
 Екстра: Нова Зграда, Клима, Сопствено парно, Интернет, Кабловска ТВ, Лифт, Паркинг, Гаража.
 Цена: 700 EUR",,
A7104,64 m²,3,400 €,https://www.novelestate.com/estate_view.html?id=A7104,https://novelestate.com/images/estate/13060/ImageHandler (7).jpg,rent,Водно,,2,1,Наместен,1,,"Се издава наместен стан во Скопје, Водно со површина од 64 m2.
 Екстра: Греење на струја, Паркинг, Клима.
 Цена: 400 EUR",,
A13282,95 m²,4,900 €,https://www.novelestate.com/estate_view.html?id=A13282,https://novelestate.com/images/estate/24091/2.jpg,rent,Центар - Универзална Сала,,3,1,Празен,2,,"Се издава празен стан во Скопје, Центар - Универзална Сала со површина од 95 m2.
 Екстра: Клима, Централно Парно, Кујнски елементи, Кујнски апарати.
 Цена: 900 EUR",Yes,
A11700,80 m²,4,400 €,https://www.novelestate.com/estate_view.html?id=A11700,https://novelestate.com/images/estate/21438/Izdavam-Stan-pogoden-za-deloven-prostor (8).jpeg,rent,Аеродром,,3,1,Наместен,2,,"Се издава наместен стан во Скопје, Аеродром со површина од 80 m2.
 Екстра: Клима, Централно Парно, Лифт, Паркинг.
 Цена: 400 EUR",Yes,
A12527,60 m²,3,450 €,https://www.novelestate.com/estate_view.html?id=A12527,https://novelestate.com/images/estate/22842/20.jpg,rent,Аеродром,,2,6,Наместен,1,,"Се издава наместен стан во Скопје, Аеродром со површина од 60 m2.
 Екстра: Клима, Централно Парно, Лифт, Нова Зграда, Паркинг.
 Цена: 450 EUR",Yes,
A14292,74 m²,3,1000 €,https://www.novelestate.com/estate_view.html?id=A14292,https://novelestate.com/images/estate/25948/850d19f5-a26f-4b22-8d6f-868d0f6ba739.jpg,rent,Капиштец,,2,4/6,Наместен,2,,"Се издава наместен стан во Скопје, Капиштец со површина од 74 m2.
 Екстра: Клима, Сопствено парно, Лифт, Нова Зграда, Паркинг.
 Цена: 1000 EUR",,
A15175,46 m²,2,350 €,https://www.novelestate.com/estate_view.html?id=A15175,https://novelestate.com/images/estate/27354/1.jpg,rent,Влае,,1,7,Наместен,1,,"Се издава наместен стан во Скопје, Влае со површина од 46 m2.
 Екстра: Клима, Централно Парно, Лифт, Нова Зграда, Гаража.
 Цена: 350 EUR",Yes,
A1375,80 m²,3,450 €,https://www.novelestate.com/estate_view.html?id=A1375,https://novelestate.com/images/estate/2946/1.jpg,rent,Капиштец,,,5/12,Наместен,1,,"Се издава наместен стан во Скопје, Капиштец со површина од 80 m2.
 Екстра: Лифт, Централно Парно.
 Цена: 450 EUR",Yes,
A15174,57 m²,2,400 €,https://www.novelestate.com/estate_view.html?id=A15174,https://novelestate.com/images/estate/27353/6.jpeg,rent,Ново Лисиче,,1,3,Наместен,1,,"Се издава наместен стан во Скопје, Ново Лисиче со површина од 57 m2.
 Екстра: Клима, Централно Парно, Лифт, Нова Зграда.
 Цена: 400 EUR",Yes,
A15173,98 m²,3,900 €,https://www.novelestate.com/estate_view.html?id=A15173,https://novelestate.com/images/estate/27352/2.jpeg,rent,Козле,,2,3/4,Наместен,2,,"Се издава наместен стан во Скопје, Козле со површина од 98 m2.
 Екстра: Клима, Централно Парно, Паркинг.
 Цена: 900 EUR",Yes,
A15154,160 m²,4,1200 €,https://www.novelestate.com/estate_view.html?id=A15154,https://novelestate.com/images/estate/19334/6.jpeg,rent,Злокуќани,,3,1,Наместен,3,,"Се издава наместен стан во Скопје, Злокуќани со површина од 160 m2.
 Екстра: Клима, Сопствено парно, Нова Зграда, Паркинг.
 Цена: 1200 EUR",,
A15163,60 m²,3,350 €,https://www.novelestate.com/estate_view.html?id=A15163,https://novelestate.com/images/estate/27336/11.jpg,rent,Кисела Вода,,2,3,Наместен,1,,"Се издава наместен стан во Скопје, Кисела Вода со површина од 60 m2.
 Екстра: Клима, Сопствено парно, Лифт.
 Цена: 350 EUR",,
A3062,50 m²,2,Please contact,https://www.novelestate.com/estate_view.html?id=A3062,https://novelestate.com/images/estate/5785/11853821_10207354289885727_265164986_n.jpg,rent,Центар,,,3/4,Наместен,1,,"Се издава наместен стан во Скопје, Центар со површина од 50 m2.
 Екстра: Лифт, Централно Парно.
 Цена: 0 EUR",Yes,
A15162,62 m²,3,400 €,https://www.novelestate.com/estate_view.html?id=A15162,https://novelestate.com/images/estate/27334/4e2f1000-c845-4d7f-96aa-8cae532ce461.jpg,rent,Аеродром,,2,1,Наместен,1,,"Се издава наместен стан во Скопје, Аеродром со површина од 62 m2.
 Екстра: Клима, Сопствено парно, Лифт, Нова Зграда.
 Цена: 400 EUR",,
A15161,74 m²,3,650 €,https://www.novelestate.com/estate_view.html?id=A15161,https://novelestate.com/images/estate/27332/5.jpg,rent,Автокоманда,,2,5,Наместен,2,,"Се издава наместен стан во Скопје, Автокоманда со површина од 74 m2.
 Екстра: Клима, Централно Парно, Лифт, Нова Зграда, Паркинг.
 Цена: 650 EUR",Yes,
A15160,80 m²,4,450 €,https://www.novelestate.com/estate_view.html?id=A15160,https://novelestate.com/images/estate/27331/7aaaa9bf-1636-4284-8db0-7be11591312c.jpg,rent,Црниче,,3,2/3,Наместен,2,,"Се издава наместен стан во Скопје, Црниче со површина од 80 m2.
 Екстра: Клима, Сопствено парно, Паркинг.
 Цена: 450 EUR",,
A15133,43 m²,2,550 €,https://www.novelestate.com/estate_view.html?id=A15133,https://novelestate.com/images/estate/27284/1.jpeg,rent,Аеродром,ул.Фрањо Клуз,1,10/10,Наместен,1,,"Се издава наместен стан во Скопје, Аеродром со површина од 43 m2.
 Екстра: Централно Парно, Лифт, Нова Зграда, Гаража.
 Цена: 550 EUR",Yes,
A8386,70 m²,3,350 €,https://www.novelestate.com/estate_view.html?id=A8386,https://novelestate.com/images/estate/15482/ImageHandler (3).jpg,rent,Аеродром,,2,приземје,Празен,2,,"Се издава празен стан во Скопје, Аеродром со површина од 70 m2.
 Екстра:
 Цена: 350 EUR",,да
A13871,98 m²,4,1500 €,https://www.novelestate.com/estate_view.html?id=A13871,https://novelestate.com/images/estate/23079/f17a976f-d10b-4472-988b-07f508af3575.jpg,rent,Центар,,,1,Наместен,2,,"Се издава наместен стан во Скопје, Центар со површина од 98 m2.
 Екстра: Клима, Централно Парно, Лифт, Краток престој.
 Цена: 1500 EUR",Yes,
A15159,70 m²,3,600 €,https://www.novelestate.com/estate_view.html?id=A15159,https://novelestate.com/images/estate/27329/6.jpeg,rent,Автокоманда,,2,1,Наместен,1,,"Се издава наместен стан во Скопје, Автокоманда со површина од 70 m2.
 Екстра: Клима, Централно Парно.
 Цена: 600 EUR",Yes,
A15158,110 m²,4,500 €,https://www.novelestate.com/estate_view.html?id=A15158,https://novelestate.com/images/estate/27328/2.jpeg,rent,Центар,,3,1,Наместен,2,,"Се издава наместен стан во Скопје, Центар со површина од 110 m2.
 Екстра: Клима, Централно Парно, Лифт.
 Цена: 500 EUR",Yes,
A15153,57 m²,3,350 €,https://www.novelestate.com/estate_view.html?id=A15153,https://novelestate.com/images/estate/27324/2.jpeg,rent,Влае,,2,2/3,Наместен,1,,"Се издава наместен стан во Скопје, Влае со површина од 57 m2.
 Екстра: Клима, Сопствено парно, Нова Зграда.
 Цена: 350 EUR",,
A14910,63 m²,2,450 €,https://www.novelestate.com/estate_view.html?id=A14910,https://novelestate.com/images/estate/8624/viber_image_2024-05-31_13-39-58-659.jpg,rent,Тафталиџе 1,,1,2,Наместен,1,,"Се издава наместен стан во Скопје, Тафталиџе 1 со површина од 63 m2.
 Екстра: Централно Парно, Лифт, Нова Зграда, Клима.
 Цена: 450 EUR",Yes,
A14996,80 m²,3,500 €,https://www.novelestate.com/estate_view.html?id=A14996,https://novelestate.com/images/estate/27097/viber_image_2024-08-19_09-57-31-109.jpg,rent,Кисела Вода,,2,10/14,Наместен,2,,"Се издава наместен стан во Скопје, Кисела Вода со површина од 80 m2.
 Екстра: Клима, Централно Парно, Лифт, Реновиран, Паркинг.
 Цена: 500 EUR",Yes,
A15130,66 m²,3,420 €,https://www.novelestate.com/estate_view.html?id=A15130,https://novelestate.com/images/estate/27281/1.jpeg,rent,Капиштец,ул.Васил Ѓоргов,2,6/7,Празен,1,,"Се издава празен стан во Скопје, Капиштец со површина од 66 m2.
 Екстра: Клима, Лифт, Нова Зграда, Кујнски елементи.
 Цена: 420 EUR",,
A10505,44 m²,2,250 €,https://www.novelestate.com/estate_view.html?id=A10505,https://novelestate.com/images/estate/19341/1.jpg,rent,Козле,,1,приземје,Празен,1,2017,"Се издава празен стан во Скопје, Козле со површина од 44 m2.
 Екстра: Клима, Сопствено парно, Паркинг.
 Цена: 250 EUR",,да
A15080,72 m²,3,400 €,https://www.novelestate.com/estate_view.html?id=A15080,https://novelestate.com/images/estate/27217/7.jpg,rent,Центар,,2,5/5,Наместен,1,,"Се издава наместен стан во Скопје, Центар со површина од 72 m2.
 Екстра: Клима, Греење на струја, Лифт.
 Цена: 400 EUR",,
A15108,55 m²,2,330 €,https://www.novelestate.com/estate_view.html?id=A15108,https://novelestate.com/images/estate/27252/f43c7785-4a9b-4ac5-9926-55c7c28d76df.jpg,rent,Капиштец,,1,8,Наместен,1,,"Се издава наместен стан во Скопје, Капиштец со површина од 55 m2.
 Екстра: Централно Парно, Лифт.
 Цена: 330 EUR",Yes,
A15148,42 m²,2,380 €,https://www.novelestate.com/estate_view.html?id=A15148,https://novelestate.com/images/estate/27307/2.jpg,rent,Пржино,,1,1,Наместен,1,,"Се издава наместен стан во Скопје, Пржино со површина од 42 m2.
 Екстра: Клима, Сопствено парно, Лифт, Нова Зграда, Паркинг.
 Цена: 380 EUR",,
A15045,50 m²,2,400 €,https://www.novelestate.com/estate_view.html?id=A15045,https://novelestate.com/images/estate/27172/0929b332-4c2c-4eca-b79f-70ac63720296.jpg,rent,Влае,,1,приземје,Наместен,1,,"Се издава наместен стан во Скопје, Влае со површина од 50 m2.
 Екстра: Клима, Сопствено парно, Паркинг.
 Цена: 400 EUR",,да
A14695,117 m²,4,1500 €,https://www.novelestate.com/estate_view.html?id=A14695,https://novelestate.com/images/estate/26625/viber_image_2023-11-28_12-50-45-242.jpg,rent,Тафталиџе 1,,3,4/4,Наместен,2,,"Се издава наместен стан во Скопје, Тафталиџе 1 со површина од 117 m2.
 Екстра: Клима, Греење на струја, Нова Зграда, Паркинг.
 Цена: 1500 EUR",,
A15143,62 m²,2,260 €,https://www.novelestate.com/estate_view.html?id=A15143,https://novelestate.com/images/estate/27299/1.jpeg,rent,Аеродром,,1,4/6,Празен,1,,"Се издава празен стан во Скопје, Аеродром со површина од 62 m2.
 Екстра: Централно Парно, Лифт.
 Цена: 260 EUR",Yes,
A15142,54 m²,3,350 €,https://www.novelestate.com/estate_view.html?id=A15142,https://novelestate.com/images/estate/27298/1.jpeg,rent,Хром,,2,2,Наместен,1,,"Се издава наместен стан во Скопје, Хром со површина од 54 m2.
 Екстра: Клима, Лифт, Нова Зграда, Паркинг.
 Цена: 350 EUR",,
A10690,40 m²,2,450 €,https://www.novelestate.com/estate_view.html?id=A10690,https://novelestate.com/images/estate/19617/Se-izdava-dvosoben-namesten-stan-na-ul-Makedonija.jpeg,rent,Центар,,1,3,Наместен,1,,"Се издава наместен стан во Скопје, Центар со површина од 40 m2.
 Екстра: Централно Парно, Реновиран.
 Цена: 450 EUR",Yes,
A15104,43 m²,2,430 €,https://www.novelestate.com/estate_view.html?id=A15104,https://novelestate.com/images/estate/27248/b16a5c89-84cb-4fa8-bfef-457ed8bdfb45.jpg,rent,Аеродром,,1,3,Наместен,1,,"Се издава наместен стан во Скопје, Аеродром со површина од 43 m2.
 Екстра: Клима, Централно Парно, Лифт, Нова Зграда.
 Цена: 430 EUR",Yes,
A0831,60 m²,2,500 €,https://www.novelestate.com/estate_view.html?id=A0831,https://novelestate.com/images/estate/2195/8.jpg,rent,Центар,,1,2,Наместен,1,,"Се издава наместен стан во Скопје, Центар со површина од 60 m2.
 Екстра: Централно Парно, Лифт, Нова Зграда.
 Цена: 500 EUR",Yes,
A15137,52 m²,2,300 €,https://www.novelestate.com/estate_view.html?id=A15137,https://novelestate.com/images/estate/27290/2.jpeg,rent,Автокоманда,,1,8,Празен,1,,"Се издава празен стан во Скопје, Автокоманда со површина од 52 m2.
 Екстра: Клима, Сопствено парно, Лифт, Нова Зграда, Паркинг.
 Цена: 300 EUR",,
A14300,90 m²,4,350 €,https://www.novelestate.com/estate_view.html?id=A14300,https://novelestate.com/images/estate/25960/se-izdava-povolno-stan-vo-micurin-90m2 (5).jpeg,rent,Мичурин,,3,4/4,Наместен,2,,"Се издава наместен стан во Скопје, Мичурин со површина од 90 m2.
 Екстра: Клима, Греење на струја.
 Цена: 350 EUR",,
A15132,70 m²,3,550 €,https://www.novelestate.com/estate_view.html?id=A15132,https://novelestate.com/images/estate/27283/1.jpeg,rent,Центар,,2,1,Наместен,2,,"Се издава наместен стан во Скопје, Центар со површина од 70 m2.
 Екстра: Гаража.
 Цена: 550 EUR",,
A13213,53 m²,2,380 €,https://www.novelestate.com/estate_view.html?id=A13213,https://novelestate.com/images/estate/23992/5.jpg,rent,Водно,,1,3,Наместен,1,,"Се издава наместен стан во Скопје, Водно со површина од 53 m2.
 Екстра: Клима, Сопствено парно, Лифт, Нова Зграда, Паркинг.
 Цена: 380 EUR",,
A15120,72 m²,3,1000 €,https://www.novelestate.com/estate_view.html?id=A15120,https://novelestate.com/images/estate/27268/1.jpg,rent,Центар,,2,17,Наместен,2,,"Се издава наместен стан во Скопје, Центар со површина од 72 m2.
 Екстра: Клима, Централно Парно, Лифт, Нова Зграда, Паркинг.
 Цена: 1000 EUR",Yes,
A13710,48 m²,2,300 €,https://www.novelestate.com/estate_view.html?id=A13710,https://novelestate.com/images/estate/24877/Se-izdava-kompletno-ureden-stan-vo-Kisela-Voda (1).jpeg,rent,Кисела Вода,,1,6/7,Наместен,1,,"Се издава наместен стан во Скопје, Кисела Вода со површина од 48 m2.
 Екстра: Клима, Централно Парно, Лифт, Нова Зграда.
 Цена: 300 EUR",Yes,
A15078,50 m²,2,650 €,https://www.novelestate.com/estate_view.html?id=A15078,https://novelestate.com/images/estate/27215/6.jpg,rent,Автокоманда,,1,13,Наместен,1,,"Се издава наместен стан во Скопје, Автокоманда со површина од 50 m2.
 Екстра: Клима, Централно Парно, Лифт, Нова Зграда, Гаража.
 Цена: 650 EUR",Yes,
A8167,72 m²,4,Please contact,https://www.novelestate.com/estate_view.html?id=A8167,https://novelestate.com/images/estate/15063/se-izdava-72-m2-ekstra-namesten-renoviran-4-soben.jpeg,rent,Кисела Вода,,3,8,Наместен,1,,"Се издава наместен стан во Скопје, Кисела Вода со површина од 72 m2.
 Екстра: Централно Парно, Лифт, Реновиран.
 Цена: 0 EUR",Yes,
A2507,60 m²,3,440 €,https://www.novelestate.com/estate_view.html?id=A2507,https://novelestate.com/images/estate/5021/se-izdava-stan-nad-mvr-vodno.jpeg,rent,Црниче,,2,2,Наместен,1,,"Се издава наместен стан во Скопје, Црниче со површина од 60 m2.
 Екстра: Клима, Интернет, Лифт, Нова Зграда, Паркинг, Сопствено парно, Камера.
 Цена: 440 EUR",,
A15109,92 m²,3,700 €,https://www.novelestate.com/estate_view.html?id=A15109,https://novelestate.com/images/estate/27254/3330ec49-b863-4d31-9093-50d9ada42ced.jpg,rent,Влае,,2,приземје,Наместен,2,,"Се издава наместен стан во Скопје, Влае со површина од 92 m2.
 Екстра: Сопствено парно, Гаража.
 Цена: 700 EUR",,134
A15117,55 m²,2,500 €,https://www.novelestate.com/estate_view.html?id=A15117,https://novelestate.com/images/estate/27265/1.jpg,rent,Водно,,1,3,Наместен,1,,"Се издава наместен стан во Скопје, Водно со површина од 55 m2.
 Екстра: Клима, Сопствено парно, Лифт, Нова Зграда.
 Цена: 500 EUR",,
A2239,90 m²,4,1000 €,https://www.novelestate.com/estate_view.html?id=A2239,https://novelestate.com/images/estate/4558/3.jpg,rent,Центар,,3,2,Наместен,1,,"Се издава наместен стан во Скопје, Центар со површина од 90 m2.
 Екстра: Клима, Сопствено парно, Лифт, Паркинг.
 Цена: 1000 EUR",,
A15102,220 m²,4,4000 €,https://www.novelestate.com/estate_view.html?id=A15102,https://novelestate.com/images/estate/27245/2.jpg,rent,Водно,,3,4,Наместен,5,,"Се издава наместен стан во Скопје, Водно со површина од 220 m2.
 Екстра: Клима, Сопствено парно, Лифт, Нова Зграда, Паркинг, Аларм, Камера, Џакузи.
 Цена: 4000 EUR",,
A14095,110 m²,3,2500 €,https://www.novelestate.com/estate_view.html?id=A14095,https://novelestate.com/images/estate/25583/5.jpg,rent,Водно,,2,4,Наместен,2,,"Се издава наместен стан во Скопје, Водно со површина од 110 m2.
 Екстра: Клима, Сопствено парно, Интернет, Кабловска ТВ, Лифт, Нова Зграда, Паркинг, Гаража, Аларм, Камера.
 Цена: 2500 EUR",,
A13788,220 m²,4,4000 €,https://www.novelestate.com/estate_view.html?id=A13788,https://novelestate.com/images/estate/25011/1.jpg,rent,Водно,,3,,Наместен,3,,"Се издава наместен стан во Скопје, Водно со површина од 220 m2.
 Екстра: Клима, Централно Парно, Интернет, Кабловска ТВ, Лифт, Нова Зграда, Паркинг, Гаража, Аларм, Камера.
 Цена: 4000 EUR",Yes,
A15099,72 m²,3,350 €,https://www.novelestate.com/estate_view.html?id=A15099,https://novelestate.com/images/estate/27241/Screenshot_5.jpg,rent,Аеродром,,2,4,Празен,2,,"Се издава празен стан во Скопје, Аеродром со површина од 72 m2.
 Екстра: Клима, Сопствено парно, Лифт, Нова Зграда, Паркинг.
 Цена: 350 EUR",,
A15061,78 m²,3,700 €,https://www.novelestate.com/estate_view.html?id=A15061,https://novelestate.com/images/estate/27194/007bdcd9-cecc-47a3-b626-9f2e7e17661d.jpg,rent,Центар - Универзална Сала,ул.Костурски Херои,2,2,Наместен,2,,"Се издава наместен стан во Скопје, Центар - Универзална Сала со површина од 78 m2.
 Екстра: Сопствено парно, Лифт, Нова Зграда.
 Цена: 700 EUR",,
A11890,89 m²,3,430 €,https://www.novelestate.com/estate_view.html?id=A11890,https://novelestate.com/images/estate/21748/63140127-9623-4cfa-b1d3-679ded59ea2f (1).jpg,rent,Тафталиџе 1,,2,5,Празен,1,,"Се издава празен стан во Скопје, Тафталиџе 1 со површина од 89 m2.
 Екстра: Централно Парно, Лифт, Кујнски елементи, Кујнски апарати.
 Цена: 430 EUR",Yes,
A14827,53 m²,2,450 €,https://www.novelestate.com/estate_view.html?id=A14827,https://novelestate.com/images/estate/26838/1.jpeg,rent,Аеродром,,1,9,Наместен,1,,"Се издава наместен стан во Скопје, Аеродром со површина од 53 m2.
 Екстра: Клима, Сопствено парно, Лифт, Нова Зграда, Паркинг.
 Цена: 450 EUR",,
A9772,44 m²,2,250 €,https://www.novelestate.com/estate_view.html?id=A9772,https://novelestate.com/images/estate/17888/4.jpg,rent,Карпош 3,,1,2/5,Празен,1,,"Се издава празен стан во Скопје, Карпош 3 со површина од 44 m2.
 Екстра: Лифт, Нова Зграда.
 Цена: 250 EUR",,
A10672,65 m²,3,600 €,https://www.novelestate.com/estate_view.html?id=A10672,https://novelestate.com/images/estate/19599/5.jpg,rent,Центар,ул.Даме Груев,2,4,Наместен,1,,"Се издава наместен стан во Скопје, Центар со површина од 65 m2.
 Екстра: Централно Парно, Лифт.
 Цена: 600 EUR",Yes,
A15077,81 m²,3,700 €,https://www.novelestate.com/estate_view.html?id=A15077,https://novelestate.com/images/estate/27214/5e513bae-f8f2-40ea-9263-cd02943fae0b.jpg,rent,Козле,,2,3,Празен,2,,"Се издава празен стан во Скопје, Козле со површина од 81 m2.
 Екстра: Клима, Сопствено парно, Лифт, Нова Зграда, Гаража.
 Цена: 700 EUR",,
A6088,71 m²,3,400 €,https://www.novelestate.com/estate_view.html?id=A6088,https://novelestate.com/images/estate/10966/1.jpeg,rent,Кисела Вода,,2,2,Наместен,1,,"Се издава наместен стан во Скопје, Кисела Вода со површина од 71 m2.
 Екстра: Сопствено парно, Лифт, Нова Зграда, Клима.
 Цена: 400 EUR",,
A14543,55 m²,2,450 €,https://www.novelestate.com/estate_view.html?id=A14543,https://novelestate.com/images/estate/26386/viber_image_2023-08-07_14-38-05-865.jpg,rent,Капиштец,ул.Козара,1,4,Наместен,1,,"Се издава наместен стан во Скопје, Капиштец со површина од 55 m2.
 Екстра: Клима, Централно Парно, Лифт.
 Цена: 450 EUR",Yes,
A14482,55 m²,2,380 €,https://www.novelestate.com/estate_view.html?id=A14482,https://novelestate.com/images/estate/26282/20230607_211504.jpg,rent,Аеродром,,1,12,Наместен,1,,"Се издава наместен стан во Скопје, Аеродром со површина од 55 m2.
 Екстра: Клима, Централно Парно, Лифт, Нова Зграда.
 Цена: 380 EUR",Yes,
A15009,76 m²,4,750 €,https://www.novelestate.com/estate_view.html?id=A15009,https://novelestate.com/images/estate/27121/3.jpg,rent,Мичурин,,3,5,Наместен,2,,"Се издава наместен стан во Скопје, Мичурин со површина од 76 m2.
 Екстра: Клима, Централно Парно, Лифт, Нова Зграда, Гаража.
 Цена: 750 EUR",Yes,
A15060,69 m²,3,500 €,https://www.novelestate.com/estate_view.html?id=A15060,https://novelestate.com/images/estate/27193/df00c582-86bd-40bd-a0b3-8446081559f6.jpg,rent,Центар - Универзална Сала,ул.Костурски Херои,2,3,Наместен,2,,"Се издава наместен стан во Скопје, Центар - Универзална Сала со површина од 69 m2.
 Екстра: Централно Парно, Лифт.
 Цена: 500 EUR",Yes,
A15059,58 m²,3,650 €,https://www.novelestate.com/estate_view.html?id=A15059,https://novelestate.com/images/estate/27187/11.jpg,rent,Кисела Вода,,2,2/4,Наместен,1,,"Се издава наместен стан во Скопје, Кисела Вода со површина од 58 m2.
 Екстра: Клима, Централно Парно, Лифт, Нова Зграда, Паркинг.
 Цена: 650 EUR",Yes,
A15058,58 m²,3,650 €,https://www.novelestate.com/estate_view.html?id=A15058,https://novelestate.com/images/estate/27186/2.jpeg,rent,Кисела Вода,,2,2/4,Наместен,1,,"Се издава наместен стан во Скопје, Кисела Вода со површина од 58 m2.
 Екстра: Клима, Централно Парно, Лифт, Нова Зграда, Паркинг.
 Цена: 650 EUR",Yes,
A15057,70 m²,3,700 €,https://www.novelestate.com/estate_view.html?id=A15057,https://novelestate.com/images/estate/27185/6.jpeg,rent,Црниче,,2,1,Наместен,1,,"Се издава наместен стан во Скопје, Црниче со површина од 70 m2.
 Екстра: Клима, Греење на струја, Паркинг.
 Цена: 700 EUR",,да
A12041,40 m²,2,250 €,https://www.novelestate.com/estate_view.html?id=A12041,https://novelestate.com/images/estate/22001/1.jpg,rent,Ново Лисиче,,1,3,Празен,1,,"Се издава празен стан во Скопје, Ново Лисиче со површина од 40 m2.
 Екстра: Клима, Централно Парно, Лифт.
 Цена: 250 EUR",Yes,
A14552,68 m²,3,460 €,https://www.novelestate.com/estate_view.html?id=A14552,https://novelestate.com/images/estate/26401/549291f6-4313-4731-bc53-060ef5a63a84.jpg,rent,Црниче,,2,1,Наместен,2,,"Се издава наместен стан во Скопје, Црниче со површина од 68 m2.
 Екстра: Клима, Сопствено парно, Лифт, Гаража.
 Цена: 460 EUR",,
A14132,135 m²,4,800 €,https://www.novelestate.com/estate_view.html?id=A14132,https://novelestate.com/images/estate/25642/vodno-pod-soravija (1).jpeg,rent,Водно,,3,високо приземје,Наместен,3,,"Се издава наместен стан во Скопје, Водно со површина од 135 m2.
 Екстра: Клима, Сопствено парно, Лифт, Нова Зграда, Паркинг, Гаража, Двор, Аларм, Камера.
 Цена: 800 EUR",,+100м2
A14900,120 m²,4,800 €,https://www.novelestate.com/estate_view.html?id=A14900,https://novelestate.com/images/estate/26952/1.jpg,rent,Дебар Маало,,2,високо приземје,Наместен,3,,"Се издава наместен стан во Скопје, Дебар Маало со површина од 120 m2.
 Екстра: Клима, Сопствено парно.
 Цена: 800 EUR",,
A14899,146 m²,4,800 €,https://www.novelestate.com/estate_view.html?id=A14899,https://novelestate.com/images/estate/1000/3.jpeg,rent,Дебар Маало,,3,1,Наместен,2,,"Се издава наместен стан во Скопје, Дебар Маало со површина од 146 m2.
 Екстра: Реновиран, Сопствено парно, Клима, Кабловска ТВ, Паркинг.
 Цена: 800 EUR",,
A14592,46 m²,2,550 €,https://www.novelestate.com/estate_view.html?id=A14592,https://novelestate.com/images/estate/26480/1694778687764.jpg,rent,Аеродром,Порта Аеродром,1,9,Наместен,1,,"Се издава наместен стан во Скопје, Аеродром со површина од 46 m2.
 Екстра: Клима, Централно Парно, Лифт, Нова Зграда, Паркинг.
 Цена: 550 EUR",Yes,
A9162,66 m²,2,400 €,https://www.novelestate.com/estate_view.html?id=A9162,https://novelestate.com/images/estate/16915/ImageHandler (1).jpg,rent,Центар,,1,9,Наместен,1,,"Се издава наместен стан во Скопје, Центар со површина од 66 m2.
 Екстра: Клима, Централно Парно, Лифт.
 Цена: 400 EUR",Yes,
A15041,101 m²,3,1300 €,https://www.novelestate.com/estate_view.html?id=A15041,https://novelestate.com/images/estate/27165/stan-na-vodno (1).jpeg,rent,Водно,,2,,Наместен,2,,"Се издава наместен стан во Скопје, Водно со површина од 101 m2.
 Екстра: Клима, Сопствено парно, Лифт, Нова Зграда, Паркинг.
 Цена: 1300 EUR",,
A14296,50 m²,2,350 €,https://www.novelestate.com/estate_view.html?id=A14296,https://novelestate.com/images/estate/25955/37f3f760-464d-4d8b-9bbc-f8e24f64ecd5.jpg,rent,Аеродром,,1,4,Наместен,1,,"Се издава наместен стан во Скопје, Аеродром со површина од 50 m2.
 Екстра: Клима, Централно Парно, Лифт, Нова Зграда.
 Цена: 350 EUR",Yes,
A11109,65 m²,3,Please contact,https://www.novelestate.com/estate_view.html?id=A11109,https://novelestate.com/images/estate/20376/6.jpg,rent,Водно,,2,1,Празен,1,,"Се издава празен стан во Скопје, Водно со површина од 65 m2.
 Екстра: Сопствено парно, Нова Зграда, Паркинг.
 Цена: 0 EUR",,
A13279,83 m²,3,500 €,https://www.novelestate.com/estate_view.html?id=A13279,https://novelestate.com/images/estate/24087/Se-izdava-stan (2).jpeg,rent,Црниче,,2,1/3,Наместен,2,,"Се издава наместен стан во Скопје, Црниче со површина од 83 m2.
 Екстра: Клима, Централно Парно, Лифт, Нова Зграда.
 Цена: 500 EUR",Yes,
A14963,70 m²,3,420 €,https://www.novelestate.com/estate_view.html?id=A14963,https://novelestate.com/images/estate/27050/940c20f5-401c-4f7c-a143-18453f23b3c7.jpg,rent,Ново Лисиче,,2,1/4,Наместен,2,,"Се издава наместен стан во Скопје, Ново Лисиче со површина од 70 m2.
 Екстра: Клима, Централно Парно.
 Цена: 420 EUR",Yes,
A14646,44 m²,2,Please contact,https://www.novelestate.com/estate_view.html?id=A14646,https://novelestate.com/images/estate/26552/viber_image_2023-10-24_10-02-00-751.jpg,rent,Центар,,1,12,Наместен,1,,"Се издава наместен стан во Скопје, Центар со површина од 44 m2.
 Екстра: Клима, Централно Парно, Лифт, Нова Зграда.
 Цена: 0 EUR",Yes,
A14198,49 m²,2,250 €,https://www.novelestate.com/estate_view.html?id=A14198,https://novelestate.com/images/estate/25789/1.jpeg,rent,Аеродром,,1,3,Празен,1,,"Се издава празен стан во Скопје, Аеродром со површина од 49 m2.
 Екстра: Клима, Централно Парно, Лифт, Нова Зграда, Паркинг.
 Цена: 250 EUR",Yes,
A15032,84 m²,3,450 €,https://www.novelestate.com/estate_view.html?id=A15032,https://novelestate.com/images/estate/27153/stan-na-vodno-pod-panoramika (1).jpeg,rent,Водно,ул.Славејко Арсов,2,3,Наместен,2,,"Се издава наместен стан во Скопје, Водно со површина од 84 m2.
 Екстра: Клима, Сопствено парно, Лифт.
 Цена: 450 EUR",,
A14569,105 m²,3,400 €,https://www.novelestate.com/estate_view.html?id=A14569,https://novelestate.com/images/estate/26431/ad84d4e7-68f3-4a73-bb5a-600cebc0a7bf.jpg,rent,Тафталиџе 2,бу. Партизански Одреди,2,5,Наместен,2,,"Се издава наместен стан во Скопје, Тафталиџе 2 со површина од 105 m2.
 Екстра: Клима, Централно Парно, Реновиран.
 Цена: 400 EUR",Yes,
A12640,90 m²,3,600 €,https://www.novelestate.com/estate_view.html?id=A12640,https://novelestate.com/images/estate/23044/Se-izdava-stan-od-90m2.jpeg,rent,Центар - Универзална Сала,,2,3/5,Наместен,2,,"Се издава наместен стан во Скопје, Центар - Универзална Сала со површина од 90 m2.
 Екстра: Клима, Централно Парно, Лифт, Нова Зграда.
 Цена: 600 EUR",Yes,
A15024,75 m²,3,700 €,https://www.novelestate.com/estate_view.html?id=A15024,https://novelestate.com/images/estate/27141/3.jpg,rent,Автокоманда,,2,10,Наместен,2,,"Се издава наместен стан во Скопје, Автокоманда со површина од 75 m2.
 Екстра: Клима, Сопствено парно, Лифт, Нова Зграда, Паркинг.
 Цена: 700 EUR",,
A14760,48 m²,2,530 €,https://www.novelestate.com/estate_view.html?id=A14760,https://novelestate.com/images/estate/26731/luxury-apartment-in-panorama-residence-vodno.jpeg,rent,Водно,,1,високо приземје,Наместен,1,,"Се издава наместен стан во Скопје, Водно со површина од 48 m2.
 Екстра: Клима, Сопствено парно, Лифт, Нова Зграда.
 Цена: 530 EUR",,
A13712,63 m²,2,550 €,https://www.novelestate.com/estate_view.html?id=A13712,https://novelestate.com/images/estate/24879/se-iznaјmuva-stan-vo-panorama-rezidens-na-vodno (3).jpeg,rent,Водно,,1,5,Наместен,1,,"Се издава наместен стан во Скопје, Водно со површина од 63 m2.
 Екстра: Клима, Сопствено парно, Лифт, Нова Зграда.
 Цена: 550 EUR",,
A15022,100 m²,3,800 €,https://www.novelestate.com/estate_view.html?id=A15022,https://novelestate.com/images/estate/27138/IMG_4579.JPG,rent,Дебар Маало,,2,1/5,Наместен,2,,"Се издава наместен стан во Скопје, Дебар Маало со површина од 100 m2.
 Екстра: Клима, Сопствено парно, Лифт, Нова Зграда, Паркинг.
 Цена: 800 EUR",,
A8734,55 m²,2,500 €,https://www.novelestate.com/estate_view.html?id=A8734,https://novelestate.com/images/estate/16070/ImageHandler (1).jpg,rent,Центар,,1,2,Наместен,1,,"Се издава наместен стан во Скопје, Центар со површина од 55 m2.
 Екстра: Сопствено парно, Лифт.
 Цена: 500 EUR",,
A14238,71 m²,2,550 €,https://www.novelestate.com/estate_view.html?id=A14238,https://novelestate.com/images/estate/25848/se-izdava-namesten-nov-stan (4).jpeg,rent,Пржино,,1,високо приземје,Наместен,2,,"Се издава наместен стан во Скопје, Пржино со површина од 71 m2.
 Екстра: Клима, Сопствено парно, Паркинг.
 Цена: 550 EUR",,да
A14016,91 m²,3,500 €,https://www.novelestate.com/estate_view.html?id=A14016,https://novelestate.com/images/estate/25418/Se-izdava-stan-sproti-Ramstore-Mall.jpeg,rent,Центар,,2,5,Наместен,2,,"Се издава наместен стан во Скопје, Центар со површина од 91 m2.
 Екстра: Клима, Централно Парно, Лифт, Реновиран.
 Цена: 500 EUR",Yes,
A10786,130 m²,3,1200 €,https://www.novelestate.com/estate_view.html?id=A10786,https://novelestate.com/images/estate/19785/luksuzen-stan-sproti-diamond-mall.jpeg,rent,Центар,,2,4 и 5,Наместен,2,,"Се издава наместен стан во Скопје, Центар со површина од 130 m2.
 Екстра: Клима, Централно Парно, Интернет, Кабловска ТВ, Лифт, Нова Зграда, Паркинг, Гаража.
 Цена: 1200 EUR",Yes,
A5427,100 m²,4,380 €,https://www.novelestate.com/estate_view.html?id=A5427,https://novelestate.com/images/estate/9910/izdavam-chetvorosoben-namesten-stan-vo-debar-maalo (1).jpeg,rent,Дебар Маало,,,3/3,Наместен,1,,"Се издава наместен стан во Скопје, Дебар Маало со површина од 100 m2.
 Екстра: Сопствено парно.
 Цена: 380 EUR",,
A13297,55 m²,2,350 €,https://www.novelestate.com/estate_view.html?id=A13297,https://novelestate.com/images/estate/24114/Dva-celosno-namesteni-stana-vo-podnozjeto-na-Vodno (1).jpeg,rent,Водно,,1,3,Наместен,1,,"Се издава наместен стан во Скопје, Водно со површина од 55 m2.
 Екстра: Клима, Централно Парно.
 Цена: 350 EUR",Yes,
A10483,75 m²,3,500 €,https://www.novelestate.com/estate_view.html?id=A10483,https://novelestate.com/images/estate/19308/9.jpeg,rent,Центар - Универзална Сала,,2,1/4,Наместен,1,2012,"Се издава наместен стан во Скопје, Центар - Универзална Сала со површина од 75 m2.
 Екстра: Клима, Централно Парно, Лифт, Нова Зграда, Паркинг, Гаража.
 Цена: 500 EUR",Yes,
A12952,90 m²,4,600 €,https://www.novelestate.com/estate_view.html?id=A12952,https://novelestate.com/images/estate/23605/5.jpg,rent,Центар,,3,7,Наместен,2,,"Се издава наместен стан во Скопје, Центар со површина од 90 m2.
 Екстра: Клима, Сопствено парно, Лифт.
 Цена: 600 EUR",,
A13741,105 m²,3,700 €,https://www.novelestate.com/estate_view.html?id=A13741,https://novelestate.com/images/estate/24932/11.jpg,rent,Водно,,2,1,Наместен,2,,"Се издава наместен стан во Скопје, Водно со површина од 105 m2.
 Екстра: Сопствено парно, Лифт, Паркинг.
 Цена: 700 EUR",,
A5786,78 m²,3,500 €,https://www.novelestate.com/estate_view.html?id=A5786,https://novelestate.com/images/estate/10573/ImageHandler (2).jpg,rent,Центар,,2,4/5,Наместен,2,,"Се издава наместен стан во Скопје, Центар со површина од 78 m2.
 Екстра: Клима, Централно Парно, Интернет, Кабловска ТВ, Нова Зграда, Лифт.
 Цена: 500 EUR",Yes,
A8649,120 m²,4,1000 €,https://www.novelestate.com/estate_view.html?id=A8649,https://novelestate.com/images/estate/9576/LUKSUZEN-STAN-ZA-IZNAJMUVANJE- (1).jpeg,rent,Центар,,3,2,Наместен,2,,"Се издава наместен стан во Скопје, Центар со површина од 120 m2.
 Екстра: Лифт, Клима, Сопствено парно, Нова Зграда.
 Цена: 1000 EUR",,
A14036,100 m²,4,950 €,https://www.novelestate.com/estate_view.html?id=A14036,https://novelestate.com/images/estate/25452/viber_image_2022-04-13_11-20-37-557.jpg,rent,Центар - Универзална Сала,,3,4,Наместен,2,,"Се издава наместен стан во Скопје, Центар - Универзална Сала со површина од 100 m2.
 Екстра: Клима, Централно Парно, Лифт, Нова Зграда, Паркинг, Гаража.
 Цена: 950 EUR",Yes,
A14982,65 m²,2,450 €,https://www.novelestate.com/estate_view.html?id=A14982,https://novelestate.com/images/estate/27075/izdavam-stan-vo-taftalidhe-65m2 (2).jpeg,rent,Тафталиџе 1,,1,5/7,Наместен,1,,"Се издава наместен стан во Скопје, Тафталиџе 1 со површина од 65 m2.
 Екстра: Централно Парно, Лифт.
 Цена: 450 EUR",Yes,
A14250,98 m²,4,800 €,https://www.novelestate.com/estate_view.html?id=A14250,https://novelestate.com/images/estate/25874/42880ff3-c801-4538-91ab-f831b2b451f1.jpg,rent,Аеродром,,3,20,Наместен,2,,"Се издава наместен стан во Скопје, Аеродром со површина од 98 m2.
 Екстра: Клима, Централно Парно, Лифт, Нова Зграда, Паркинг.
 Цена: 800 EUR",Yes,
A15004,120 m²,5,1500 €,https://www.novelestate.com/estate_view.html?id=A15004,https://novelestate.com/images/estate/27106/5.jpg,rent,Дебар Маало,,4,приземје + кат,Наместен,2,,"Се издава наместен стан во Скопје, Дебар Маало со површина од 120 m2.
 Екстра: Клима, Греење на струја, Нова Зграда.
 Цена: 1500 EUR",,
A15003,75 m²,3,Please contact,https://www.novelestate.com/estate_view.html?id=A15003,https://novelestate.com/images/estate/27105/se-iznajmuva-stan-od-75m2-vo-centar.jpeg,rent,Водно,,2,приземје,Наместен,1,,"Се издава наместен стан во Скопје, Водно со површина од 75 m2.
 Екстра: Клима, Греење на струја.
 Цена: 0 EUR",,
A6502,56 m²,2,380 €,https://www.novelestate.com/estate_view.html?id=A6502,https://novelestate.com/images/estate/11919/IMG-7a4cc0fbcca062a1abb4c5f86a0110ab-V.jpg,rent,Центар,,1,2,Наместен,1,,"Се издава наместен стан во Скопје, Центар со површина од 56 m2.
 Екстра: Клима, Греење на струја, Интернет, Кабловска ТВ, Лифт, Нова Зграда.
 Цена: 380 EUR",,
A14956,60 m²,2,500 €,https://www.novelestate.com/estate_view.html?id=A14956,https://novelestate.com/images/estate/27040/viber_image_2024-07-17_11-13-18-184.jpg,rent,Тафталиџе 1,,1,3/9,Наместен,1,2023,"Се издава наместен стан во Скопје, Тафталиџе 1 со површина од 60 m2.
 Екстра: Клима, Лифт, Нова Зграда, Паркинг.
 Цена: 500 EUR",,
A14928,88 m²,3,900 €,https://www.novelestate.com/estate_view.html?id=A14928,https://novelestate.com/images/estate/26995/se-izdava-3-soben-stan-vo-debar-maalo.jpeg,rent,Дебар Маало,,2,,Наместен,2,,"Се издава наместен стан во Скопје, Дебар Маало со површина од 88 m2.
 Екстра: Клима, Сопствено парно, Лифт, Нова Зграда, Паркинг.
 Цена: 900 EUR",,
A9829,80 m²,3,700 €,https://www.novelestate.com/estate_view.html?id=A9829,https://novelestate.com/images/estate/17994/IMG_1696.jpeg,rent,Центар,,2,5/6,Наместен,2,,"Се издава наместен стан во Скопје, Центар со површина од 80 m2.
 Екстра: Централно Парно, Лифт, Гаража, Клима.
 Цена: 700 EUR",Yes,
A13696,55 m²,2,400 €,https://www.novelestate.com/estate_view.html?id=A13696,https://novelestate.com/images/estate/24836/1.jpg,rent,Центар,,1,2,Наместен,1,,"Се издава наместен стан во Скопје, Центар со површина од 55 m2.
 Екстра: Клима, Нова Зграда, Паркинг, Греење на струја.
 Цена: 400 EUR",,
A10409,75 m²,3,500 €,https://www.novelestate.com/estate_view.html?id=A10409,https://novelestate.com/images/estate/19189/viber_image_2022-08-15_10-42-26-460.jpg,rent,Центар,,2,2,Наместен,1,,"Се издава наместен стан во Скопје, Центар со површина од 75 m2.
 Екстра: Централно Парно, Лифт, Реновиран, Клима.
 Цена: 500 EUR",Yes,
A12602,48 m²,2,350 €,https://www.novelestate.com/estate_view.html?id=A12602,https://novelestate.com/images/estate/22971/se-izdava-renoviran-i-ubavo-namesten-stan-vo-centar (7).jpeg,rent,Центар,,1,7,Наместен,1,,"Се издава наместен стан во Скопје, Центар со површина од 48 m2.
 Екстра: Клима, Централно Парно, Лифт.
 Цена: 350 EUR",Yes,
A12792,64 m²,3,600 €,https://www.novelestate.com/estate_view.html?id=A12792,https://novelestate.com/images/estate/23312/74a363d5-5801-4be6-bf14-478c85a8e531.jpg,rent,Аеродром,,2,9,Наместен,1,,"Се издава наместен стан во Скопје, Аеродром со површина од 64 m2.
 Екстра: Клима, Централно Парно, Лифт, Нова Зграда, Паркинг.
 Цена: 600 EUR",Yes,
A14785,62 m²,2,350 €,https://www.novelestate.com/estate_view.html?id=A14785,https://novelestate.com/images/estate/26775/2.jpeg,rent,Тафталиџе 1,,1,1,Наместен,1,,"Се издава наместен стан во Скопје, Тафталиџе 1 со површина од 62 m2.
 Екстра: Клима, Централно Парно, Лифт.
 Цена: 350 EUR",Yes,
A14488,175 m²,4,1200 €,https://www.novelestate.com/estate_view.html?id=A14488,https://novelestate.com/images/estate/26310/stan-vo-verina-kompleks (5).jpeg,rent,Волково,,3,,Наместен,3,,"Се издава наместен стан во Скопје, Волково со површина од 175 m2.
 Екстра: Клима, Сопствено парно, Нова Зграда, Паркинг.
 Цена: 1200 EUR",,
A14954,61 m²,2,350 €,https://www.novelestate.com/estate_view.html?id=A14954,https://novelestate.com/images/estate/27038/iznaјmuvam-stan-vo-michurin.jpeg,rent,Мичурин,,1,приземје,Наместен,1,,"Се издава наместен стан во Скопје, Мичурин со површина од 61 m2.
 Екстра: Клима, Сопствено парно, Паркинг.
 Цена: 350 EUR",,да
A14952,80 m²,3,1000 €,https://www.novelestate.com/estate_view.html?id=A14952,https://novelestate.com/images/estate/27036/iznajmuvanje-stan-na-vodno.jpeg,rent,Водно,,2,приземје,Празен,2,,"Се издава празен стан во Скопје, Водно со површина од 80 m2.
 Екстра: Клима, Сопствено парно, Паркинг.
 Цена: 1000 EUR",,
A14912,130 m²,4,900 €,https://www.novelestate.com/estate_view.html?id=A14912,https://novelestate.com/images/estate/23412/Se-izdava-stan-od-130m2 (2).jpeg,rent,Центар - Универзална Сала,,,5,,2,,"Се издава  стан во Скопје, Центар - Универзална Сала со површина од 130 m2.
 Екстра: Клима, Централно Парно, Лифт, Нова Зграда, Гаража.
 Цена: 900 EUR",Yes,
A7945,72 m²,3,500 €,https://www.novelestate.com/estate_view.html?id=A7945,https://novelestate.com/images/estate/14579/se-izdava-prekrasen-stan-vo-kozle-karshi-alumina (1).jpeg,rent,Тафталиџе 1,,2,1/5,Наместен,1,,"Се издава наместен стан во Скопје, Тафталиџе 1 со површина од 72 m2.
 Екстра: Централно Парно.
 Цена: 500 EUR",Yes,
A4726,65 m²,2,280 €,https://www.novelestate.com/estate_view.html?id=A4726,https://novelestate.com/images/estate/8653/b25917fe-684b-4937-be93-cf2f61e32b15.jpg,rent,Ново Лисиче,,1,4,Празен,1,,"Се издава празен стан во Скопје, Ново Лисиче со површина од 65 m2.
 Екстра: Лифт, Централно Парно.
 Цена: 280 EUR",Yes,
A14148,79 m²,3,470 €,https://www.novelestate.com/estate_view.html?id=A14148,https://novelestate.com/images/estate/25680/c09b2fdc-6b6d-42a0-ace6-a5cf28310962 (1).jpg,rent,Козле,,2,1,Наместен,1,,"Се издава наместен стан во Скопје, Козле со површина од 79 m2.
 Екстра: Клима, Сопствено парно, Лифт, Нова Зграда.
 Цена: 470 EUR",,
A14905,60 m²,2,450 €,https://www.novelestate.com/estate_view.html?id=A14905,https://novelestate.com/images/estate/26957/izdavam-nov-kompletno-namesten-stan (3).jpeg,rent,Кисела Вода,,1,2,Наместен,1,,"Се издава наместен стан во Скопје, Кисела Вода со површина од 60 m2.
 Екстра: Клима, Лифт, Паркинг.
 Цена: 450 EUR",,
A14353,60 m²,3,280 €,https://www.novelestate.com/estate_view.html?id=A14353,https://novelestate.com/images/estate/26045/se-izdava-kompletno-namesten-stan-pozadi-univerzalna-sala (1).jpeg,rent,Центар,,2,1,Наместен,1,,"Се издава наместен стан во Скопје, Центар со површина од 60 m2.
 Екстра: Клима, Греење на струја, Паркинг.
 Цена: 280 EUR",,
A8695,35 m²,2,350 €,https://www.novelestate.com/estate_view.html?id=A8695,https://novelestate.com/images/estate/16014/1.jpeg,rent,Центар,,1,6,Наместен,1,,"Се издава наместен стан во Скопје, Центар со површина од 35 m2.
 Екстра: Клима, Сопствено парно, Нова Зграда.
 Цена: 350 EUR",,
A14290,80 m²,2,380 €,https://www.novelestate.com/estate_view.html?id=A14290,https://novelestate.com/images/estate/25945/1b180ea1-750d-4d91-8287-0b3b708cef80.jpg,rent,Жданец,,1,сутерен,Наместен,1,,"Се издава наместен стан во Скопје, Жданец со површина од 80 m2.
 Екстра:.
 Цена: 380 EUR",,
A7639,80 m²,3,320 €,https://www.novelestate.com/estate_view.html?id=A7639,https://novelestate.com/images/estate/13901/Stan-vo-Karpos-moderen-prostor.jpeg,rent,Карпош 3,,2,5,Наместен,1,,"Се издава наместен стан во Скопје, Карпош 3 со површина од 80 m2.
 Екстра: Централно Парно, Студенти.
 Цена: 320 EUR",Yes,
A14672,100 m²,4,350 €,https://www.novelestate.com/estate_view.html?id=A14672,https://novelestate.com/images/estate/16170/prazen-4-soben-stan-100m2-vo-kozle-moze-i-za-kancelarii (1).jpeg,rent,Козле,,3,високо приземје,Празен,1,,"Се издава празен стан во Скопје, Козле со површина од 100 m2.
 Екстра: Клима, Кујнски елементи, Кујнски апарати.
 Цена: 350 EUR",,
A14797,65 m²,2,350 €,https://www.novelestate.com/estate_view.html?id=A14797,https://novelestate.com/images/estate/26792/12.jpeg,rent,Аеродром,,1,приземје,Празен,2,,"Се издава празен стан во Скопје, Аеродром со површина од 65 m2.
 Екстра: Клима, Централно Парно.
 Цена: 350 EUR",Yes,да
A14799,58 m²,2,280 €,https://www.novelestate.com/estate_view.html?id=A14799,https://novelestate.com/images/estate/26795/1.jpeg,rent,Црниче,,1,приземје,Наместен,1,,"Се издава наместен стан во Скопје, Црниче со површина од 58 m2.
 Екстра: Клима, Греење на струја.
 Цена: 280 EUR",,
A11144,84 m²,3,450 €,https://www.novelestate.com/estate_view.html?id=A11144,https://novelestate.com/images/estate/20443/6.jpg,rent,Дебар Маало,,2,1,Наместен,2,,"Се издава наместен стан во Скопје, Дебар Маало со површина од 84 m2.
 Екстра: Клима, Сопствено парно, Аларм, Камера, Централно Парно.
 Цена: 450 EUR",Yes,
A14930,50 m²,2,490 €,https://www.novelestate.com/estate_view.html?id=A14930,https://novelestate.com/images/estate/26999/unnamed.jpg,rent,Аеродром,,1,30,Наместен,,,"Се издава наместен стан во Скопје, Аеродром со површина од 50 m2.
 Екстра: Клима, Централно Парно, Лифт, Нова Зграда.
 Цена: 490 EUR",Yes,
A14931,53 m²,2,540 €,https://www.novelestate.com/estate_view.html?id=A14931,https://novelestate.com/images/estate/27000/1.jpg,rent,Аеродром,,1,10,Наместен,1,,"Се издава наместен стан во Скопје, Аеродром со површина од 53 m2.
 Екстра: Клима, Централно Парно, Лифт, Нова Зграда.
 Цена: 540 EUR",Yes,
A14932,50 m²,2,490 €,https://www.novelestate.com/estate_view.html?id=A14932,https://novelestate.com/images/estate/27001/3.jpg,rent,Аеродром,,1,30,Наместен,1,,"Се издава наместен стан во Скопје, Аеродром со површина од 50 m2.
 Екстра: Клима, Централно Парно, Лифт, Нова Зграда.
 Цена: 490 EUR",Yes,
A13524,130 m²,4,1150 €,https://www.novelestate.com/estate_view.html?id=A13524,https://novelestate.com/images/estate/24458/6.jpg,rent,Карпош 1,,3,3,Наместен,3,,"Се издава наместен стан во Скопје, Карпош 1 со површина од 130 m2.
 Екстра: Клима, Централно Парно, Лифт.
 Цена: 1150 EUR",Yes,
A14927,32 m²,1,320 €,https://www.novelestate.com/estate_view.html?id=A14927,https://novelestate.com/images/estate/26993/viber_image_2024-06-17_13-04-43-487.jpg,rent,Центар,,,4,Наместен,1,,"Се издава наместен стан во Скопје, Центар со површина од 32 m2.
 Екстра: Клима, Централно Парно, Лифт, Нова Зграда.
 Цена: 320 EUR",Yes,
A14667,58 m²,2,Please contact,https://www.novelestate.com/estate_view.html?id=A14667,https://novelestate.com/images/estate/26579/0417bd04-13b4-4baf-a68c-378931291e52.jpg,rent,Хром,,1,4,Наместен,1,,"Се издава наместен стан во Скопје, Хром со површина од 58 m2.
 Екстра: Клима, Греење на струја.
 Цена: 0 EUR",,
A14691,45 m²,2,300 €,https://www.novelestate.com/estate_view.html?id=A14691,https://novelestate.com/images/estate/26619/1.jpg,rent,Ѓорче Петров,,1,6,Наместен,1,,"Се издава наместен стан во Скопје, Ѓорче Петров со површина од 45 m2.
 Екстра: Клима, Греење на струја, Лифт, Нова Зграда.
 Цена: 300 EUR",,
A14904,61 m²,3,420 €,https://www.novelestate.com/estate_view.html?id=A14904,https://novelestate.com/images/estate/26956/se-izdava-namesten-stan-vo-karposh-1.jpeg,rent,Карпош 1,ул. Гиго Михајловски,2,4,Наместен,1,,"Се издава наместен стан во Скопје, Карпош 1 со површина од 61 m2.
 Екстра: Студенти, Централно Парно, Лифт.
 Цена: 420 EUR",Yes,
A14860,105 m²,4,650 €,https://www.novelestate.com/estate_view.html?id=A14860,https://novelestate.com/images/estate/26895/viber_image_2024-04-08_14-45-15-544.jpg,rent,Аеродром,ул.3-та Македонска Бригада,3,5,Наместен,2,,"Се издава наместен стан во Скопје, Аеродром со површина од 105 m2.
 Екстра: Клима, Лифт, Нова Зграда, Паркинг, Аларм.
 Цена: 650 EUR",,
A14882,97 m²,3,750 €,https://www.novelestate.com/estate_view.html?id=A14882,https://novelestate.com/images/estate/26926/izdavam-luksuzno-opremen-3-soben-stan (10).jpeg,rent,Дебар Маало,ул.Благој Давков,2,5/6,Наместен,2,,"Се издава наместен стан во Скопје, Дебар Маало со површина од 97 m2.
 Екстра: Клима, Централно Парно, Лифт.
 Цена: 750 EUR",Yes,
A14880,68 m²,3,500 €,https://www.novelestate.com/estate_view.html?id=A14880,https://novelestate.com/images/estate/26924/se-izdava-luksuzen-stan-vo-naselba-crnice (7).jpeg,rent,Црниче,,2,приземје,Наместен,1,,"Се издава наместен стан во Скопје, Црниче со површина од 68 m2.
 Екстра: Клима.
 Цена: 500 EUR",,
A14197,150 m²,3,900 €,https://www.novelestate.com/estate_view.html?id=A14197,https://novelestate.com/images/estate/17127/4.jpg,rent,Црниче,,2,1,Наместен,2,2015,"Се издава наместен стан во Скопје, Црниче со површина од 150 m2.
 Екстра: Клима, Сопствено парно, Нова Зграда, Паркинг, Базен.
 Цена: 900 EUR",,
A13395,150 m²,3,800 €,https://www.novelestate.com/estate_view.html?id=A13395,https://novelestate.com/images/estate/24246/viber_image_2020-11-11_12-57-53.jpg,rent,Црниче,,2,2/4,Наместен,2,,"Се издава наместен стан во Скопје, Црниче со површина од 150 m2.
 Екстра: Греење на струја, Паркинг, Базен, Аларм.
 Цена: 800 EUR",,
A13925,35 m²,2,330 €,https://www.novelestate.com/estate_view.html?id=A13925,https://novelestate.com/images/estate/25243/prekrasen-stan-na-vodno-centar-skopje (2).jpeg,rent,Водно,,1,1,Наместен,1,,"Се издава наместен стан во Скопје, Водно со површина од 35 m2.
 Екстра: Клима, Греење на струја.
 Цена: 330 EUR",,
A1662,115 m²,4,650 €,https://www.novelestate.com/estate_view.html?id=A1662,https://novelestate.com/images/estate/3447/unnamed (2).jpg,rent,Центар,,,5,Наместен,1,,"Се издава наместен стан во Скопје, Центар со површина од 115 m2.
 Екстра: Лифт, Централно Парно.
 Цена: 650 EUR",Yes,
A14863,62 m²,3,250 €,https://www.novelestate.com/estate_view.html?id=A14863,https://novelestate.com/images/estate/26903/1.jpg,rent,Карпош 3,,2,високо  приземје,Наместен,1,,"Се издава наместен стан во Скопје, Карпош 3 со површина од 62 m2.
 Екстра: Централно Парно.
 Цена: 250 EUR",Yes,
A14868,62 m²,3,520 €,https://www.novelestate.com/estate_view.html?id=A14868,https://novelestate.com/images/estate/26912/1.jpeg,rent,Аеродром,,2,13,Наместен,1,,"Се издава наместен стан во Скопје, Аеродром со површина од 62 m2.
 Екстра: Клима, Централно Парно, Лифт, Нова Зграда.
 Цена: 520 EUR",Yes,
A14747,65 m²,3,600 €,https://www.novelestate.com/estate_view.html?id=A14747,https://novelestate.com/images/estate/26705/viber_image_2024-01-15_14-32-48-493.jpg,rent,Центар,Градски Ѕид,2,6,Наместен,1,,"Се издава стан во Центар, во градски ѕид на 6-ти кат. Целосно реновиранСоби: дневна соба, кујна, тоалет, лоџија, 1 спална соба и 1 работна/детска соба. Станот е со централно греење , и клима уред , комплет уреден. Со станот следува гаража и може да се регистрира и уште едно возило за паркинг место.",Yes,
A14853,69 m²,3,350 €,https://www.novelestate.com/estate_view.html?id=A14853,https://novelestate.com/images/estate/26883/novo-gradba (1).jpeg,rent,Кисела Вода,ул.Димо Хаџидимов,2,4,Празен,2,,"Се издава празен стан во Скопје, Кисела Вода со површина од 69 m2.
 Екстра: Сопствено парно, Лифт, Кујнски елементи, Кујнски апарати.
 Цена: 350 EUR",,
A10855,103 m²,4,650 €,https://www.novelestate.com/estate_view.html?id=A10855,https://novelestate.com/images/estate/19892/Stan-vo-Cevahir-Sky-City-nov-namesten.jpeg,rent,Аеродром,,3,3,Наместен,2,,"Се издава наместен стан во Скопје, Аеродром со површина од 103 m2.
 Екстра: Клима, Сопствено парно, Лифт, Нова Зграда, Гаража.
 Цена: 650 EUR",,
A14839,120 m²,4,600 €,https://www.novelestate.com/estate_view.html?id=A14839,https://novelestate.com/images/estate/26864/1.jpeg,rent,Пржино,ул.Рилски Конгрес,3,1,Наместен,2,,"Се издава наместен стан во Скопје, Пржино со површина од 120 m2.
 Екстра:.
 Цена: 600 EUR",,
A14835,52 m²,2,400 €,https://www.novelestate.com/estate_view.html?id=A14835,https://novelestate.com/images/estate/26859/41cca833-64c8-42e1-8ae5-fbd37b05557d.jpg,rent,Порта Влае,ул.Исаија Мажоски,1,приземје,Наместен,1,2022,"Се издава наместен стан во Скопје, Порта Влае со површина од 52 m2.
 Екстра: Клима, Греење на струја, Лифт, Нова Зграда, Гаража.
 Цена: 400 EUR",,
A14837,46 m²,2,400 €,https://www.novelestate.com/estate_view.html?id=A14837,https://novelestate.com/images/estate/26861/nov-moderen-dvosoben-stan-vo-kisela-voda.jpeg,rent,Кисела Вода,,1,5,Наместен,1,,"Се издава наместен стан во Скопје, Кисела Вода со површина од 46 m2.
 Екстра: Греење на струја, Лифт, Нова Зграда.
 Цена: 400 EUR",,
A10315,77 m²,3,420 €,https://www.novelestate.com/estate_view.html?id=A10315,https://novelestate.com/images/estate/19020/993011a4-e330-4f3f-aa16-03fd8911c998.jpg,rent,Козле,,2,1,Наместен,1,,"Се издава наместен стан во Скопје, Козле со површина од 77 m2.
 Екстра: Клима, Сопствено парно, Лифт, Нова Зграда.
 Цена: 420 EUR",,
A5732,51 m²,2,300 €,https://www.novelestate.com/estate_view.html?id=A5732,https://novelestate.com/images/estate/10500/ImageHandler (1).jpg,rent,Водно,,1,2,Наместен,1,,"Се издава наместен стан во Скопје, Водно со површина од 51 m2.
 Екстра: Лифт, Нова Зграда, Гаража.
 Цена: 300 EUR",,
A14830,50 m²,2,600 €,https://www.novelestate.com/estate_view.html?id=A14830,https://novelestate.com/images/estate/26843/7.jpg,rent,Аеродром,,1,26,Наместен,1,,"Се издава наместен стан во Скопје, Аеродром со површина од 50 m2.
 Екстра: Клима, Централно Парно, Лифт, Нова Зграда.
 Цена: 600 EUR",Yes,
A14824,30 m²,2,230 €,https://www.novelestate.com/estate_view.html?id=A14824,https://novelestate.com/images/estate/26624/se-iznajmuva-mal-stan (1).jpeg,rent,Козле,,,високо приземје,Празен,1,,"Се издава празен стан во Скопје, Козле со површина од 30 m2.
 Екстра: Клима, Греење на струја, Нова Зграда.
 Цена: 230 EUR",,
A12619,116 m²,4,500 €,https://www.novelestate.com/estate_view.html?id=A12619,https://novelestate.com/images/estate/22994/12.jpg,rent,Центар,,3,2,Наместен,3,,"Се издава наместен стан во Скопје, Центар со површина од 116 m2.
 Екстра: Клима, Централно Парно, Лифт, Нова Зграда, Паркинг.
 Цена: 500 EUR",Yes,
A11255,110 m²,3,1100 €,https://www.novelestate.com/estate_view.html?id=A11255,https://novelestate.com/images/estate/20643/Se-izdava-stan-vo-Centar.jpeg,rent,Центар,,2,5,Наместен,2,,"Се издава наместен стан во Скопје, Центар со површина од 110 m2.
 Екстра: Клима, Сопствено парно, Лифт, Нова Зграда.
 Цена: 1100 EUR",,
A14616,91 m²,4,700 €,https://www.novelestate.com/estate_view.html?id=A14616,https://novelestate.com/images/estate/26510/10.jpg,rent,Центар - Универзална Сала,,3,4/5,Наместен,2,,"Се издава наместен стан во Скопје, Центар - Универзална Сала со површина од 91 m2.
 Екстра: Клима, Централно Парно, Лифт, Паркинг.
 Цена: 700 EUR",Yes,
A1187,93 m²,3,400 €,https://www.novelestate.com/estate_view.html?id=A1187,https://novelestate.com/images/estate/2667/7.jpeg,rent,Аеродром,,2,4/5,Наместен,1,,"Се издава наместен стан во Скопје, Аеродром со површина од 93 m2.
 Екстра: Централно Парно, Греење на струја, Реновиран, Клима.
 Цена: 400 EUR",Yes,
A14288,60 m²,2,800 €,https://www.novelestate.com/estate_view.html?id=A14288,https://novelestate.com/images/estate/25943/se-iznajmuva-stan-vo-centar (1).jpeg,rent,Центар,,1,6,Наместен,1,,"Се издава наместен стан во Скопје, Центар со површина од 60 m2.
 Екстра: Клима, Централно Парно, Лифт, Нова Зграда.
 Цена: 800 EUR",Yes,
A13671,55 m²,2,500 €,https://www.novelestate.com/estate_view.html?id=A13671,https://novelestate.com/images/estate/24803/viber_image_2021-06-16_12-10-08.jpg,rent,Водно,Панорама,1,5,Наместен,1,,"Се издава наместен стан во Скопје, Водно со површина од 55 m2.
 Екстра: Клима, Централно Парно, Лифт, Нова Зграда, Паркинг.
 Цена: 500 EUR",Yes,
A14782,65 m²,3,200 €,https://www.novelestate.com/estate_view.html?id=A14782,https://novelestate.com/images/estate/26771/5.jpeg,rent,Кисела Вода,,2,1,Празен,1,,"Се издава празен стан во Скопје, Кисела Вода со површина од 65 m2.
 Екстра: Клима, Сопствено парно, Лифт, Нова Зграда.
 Цена: 200 EUR",,
A14450,48 m²,2,450 €,https://www.novelestate.com/estate_view.html?id=A14450,https://novelestate.com/images/estate/26221/viber_image_2023-05-18_09-49-52-347.jpg,rent,Дебар Маало,ул.Људевит Гај,1,1,Наместен,1,,"Се издава наместен стан во Скопје, Дебар Маало со површина од 48 m2.
 Екстра: Клима, Сопствено парно, Лифт, Нова Зграда.
 Цена: 450 EUR",,
A14769,70 m²,3,650 €,https://www.novelestate.com/estate_view.html?id=A14769,https://novelestate.com/images/estate/26747/1.jpeg,rent,Аеродром,Cevahir Sky City,2,38,Наместен,1,,"Се издава наместен стан во Скопје, Аеродром со површина од 70 m2.
 Екстра: Клима, Централно Парно, Лифт, Нова Зграда, Паркинг.
 Цена: 650 EUR",Yes,
A6109,52 m²,2,450 €,https://www.novelestate.com/estate_view.html?id=A6109,https://novelestate.com/images/estate/11000/8.jpeg,rent,Кисела Вода,,1,3,Наместен,1,,"Се издава наместен стан во Скопје, Кисела Вода со површина од 52 m2.
 Екстра: Нова Зграда, Клима, Централно Парно, Лифт.
 Цена: 450 EUR",Yes,
A14133,31 m²,1,300 €,https://www.novelestate.com/estate_view.html?id=A14133,https://novelestate.com/images/estate/25643/se-izdava-nov-stan-vo-karpos-3-do-city-mall (2).jpeg,rent,Карпош 3,,,7,Празен,1,,"Се издава празен стан во Скопје, Карпош 3 со површина од 31 m2.
 Екстра: Клима, Сопствено парно, Лифт, Нова Зграда.
 Цена: 300 EUR",,
A13653,70 m²,3,500 €,https://www.novelestate.com/estate_view.html?id=A13653,https://novelestate.com/images/estate/24749/Izdavam-Luksuzen-trosoben-stan-vo-Aerodrom (1).jpeg,rent,Аеродром,,2,9,Наместен,2,,"Се издава наместен стан во Скопје, Аеродром со површина од 70 m2.
 Екстра: Клима, Централно Парно, Лифт, Нова Зграда, Паркинг.
 Цена: 500 EUR",Yes,
A9704,110 m²,3,450 €,https://www.novelestate.com/estate_view.html?id=A9704,https://novelestate.com/images/estate/17785/20200203_185543.jpg,rent,Црниче,,2,1,Наместен,1,,"Се издава наместен стан во Скопје, Црниче со површина од 110 m2.
 Екстра: Клима, Сопствено парно, Нова Зграда, Паркинг.
 Цена: 450 EUR",,
A13605,94 m²,3,700 €,https://www.novelestate.com/estate_view.html?id=A13605,https://novelestate.com/images/estate/24665/se-iznajmuva-trosoben-stan-na-vodno-kaj-hotel-skala.jpeg,rent,Водно,,2,2,Наместен,2,,"Се издава наместен стан во Скопје, Водно со површина од 94 m2.
 Екстра: Клима, Сопствено парно, Лифт, Нова Зграда, Паркинг.
 Цена: 700 EUR",,
A12939,70 m²,2,500 €,https://www.novelestate.com/estate_view.html?id=A12939,https://novelestate.com/images/estate/23574/1.jpg,rent,Водно,,1,приземје,Празен,1,,"Се издава празен стан во Скопје, Водно со површина од 70 m2.
 Екстра: Паркинг.
 Цена: 500 EUR",,+20м2
A14402,65 m²,2,550 €,https://www.novelestate.com/estate_view.html?id=A14402,https://novelestate.com/images/estate/26126/se-izdava-nov-nevseluvan-stan-vo-aerodrom-porta-rezidense-2 (8).jpeg,rent,Аеродром,,1,10/10,Наместен,1,,"Се издава наместен стан во Скопје, Аеродром со површина од 65 m2.
 Екстра: Клима, Централно Парно, Лифт, Нова Зграда, Паркинг.
 Цена: 550 EUR",Yes,
A8639,120 m²,4,Please contact,https://www.novelestate.com/estate_view.html?id=A8639,https://novelestate.com/images/estate/15929/ImageHandler.jpg,rent,Ново Лисиче,,3,1,Наместен,2,,"Се издава наместен стан во Скопје, Ново Лисиче со површина од 120 m2.
 Екстра: Клима, Централно Парно.
 Цена: 0 EUR",Yes,
A14726,40 m²,2,250 €,https://www.novelestate.com/estate_view.html?id=A14726,https://novelestate.com/images/estate/26669/1.jpeg,rent,Центар - Универзална Сала,,1,4,Празен,1,,"Се издава празен стан во Скопје, Центар - Универзална Сала со површина од 40 m2.
 Екстра: Клима, Греење на струја, Лифт, Нова Зграда, Паркинг.
 Цена: 250 EUR",,
A14725,59 m²,3,300 €,https://www.novelestate.com/estate_view.html?id=A14725,https://novelestate.com/images/estate/26668/se-izdava-nov-stan-vo-aerodrom.jpeg,rent,Аеродром,,2,2,Празен,1,,"Се издава празен стан во Скопје, Аеродром со површина од 59 m2.
 Екстра: Клима, Централно Парно, Лифт, Нова Зграда.
 Цена: 300 EUR",Yes,
A1953,140 m²,4,500 €,https://www.novelestate.com/estate_view.html?id=A1953,https://novelestate.com/images/estate/3967/DSCF0700.JPG,rent,Дебар Маало,,3,2,Наместен,2,,"Се издава наместен стан во Скопје, Дебар Маало со површина од 140 m2.
 Екстра: Лифт, Клима, Сопствено парно, Паркинг.
 Цена: 500 EUR",,
A14610,71 m²,3,500 €,https://www.novelestate.com/estate_view.html?id=A14610,https://novelestate.com/images/estate/26500/6662bd0f-e695-4f40-9b31-006b981ca08e.jpg,rent,Центар,,2,3/6,Празен,2,,"Се издава празен стан во Скопје, Центар со површина од 71 m2.
 Екстра: Централно Парно, Лифт, Реновиран.
 Цена: 500 EUR",Yes,
A8874,122 m²,4,1200 €,https://www.novelestate.com/estate_view.html?id=A8874,https://novelestate.com/images/estate/16294/31321075-d54d-4a29-9164-6aca9c74362c.jpg,rent,Центар,,3,3/5,Наместен,3,,"Се издава наместен стан во Скопје, Центар со површина од 122 m2.
 Екстра: Клима, Централно Парно, Лифт, Нова Зграда, Паркинг.
 Цена: 1200 EUR",Yes,
A14714,60 m²,2,Please contact,https://www.novelestate.com/estate_view.html?id=A14714,https://novelestate.com/images/estate/26652/DSCN1507.JPG,rent,Дебар Маало,,1,4,Наместен,,,"Се издава наместен стан во Скопје, Дебар Маало со површина од 60 m2.
 Екстра: Клима, Централно Парно, Лифт.
 Цена: 0 EUR",Yes,
A14703,65 m²,3,500 €,https://www.novelestate.com/estate_view.html?id=A14703,https://novelestate.com/images/estate/26634/cbe4d7e7-df4f-4519-b2ea-c8e78428b827.jpg,rent,Ново Лисиче,,2,3/5,Наместен,1,2023,"Се издава наместен стан во Скопје, Ново Лисиче со површина од 65 m2.
 Екстра: Централно Парно, Лифт, Нова Зграда, Паркинг.
 Цена: 500 EUR",Yes,
A14700,62 m²,3,550 €,https://www.novelestate.com/estate_view.html?id=A14700,https://novelestate.com/images/estate/26631/fb8c2ba7-af6d-460e-b924-90ed262c253e.jpg,rent,Аеродром,Chevahir Sky City,2,6,Наместен,1,,"Се издава наместен стан во Скопје, Аеродром со површина од 62 m2.
 Екстра: Клима, Сопствено парно, Лифт, Нова Зграда, Паркинг.
 Цена: 550 EUR",,
A13762,89 m²,3,450 €,https://www.novelestate.com/estate_view.html?id=A13762,https://novelestate.com/images/estate/24961/a5bb0ea0-97b4-4e12-878a-9a2875b94104.jpg,rent,Центар,,2,5,Наместен,2,,"Се издава наместен стан во Скопје, Центар со површина од 89 m2.
 Екстра: Клима, Централно Парно, Лифт.
 Цена: 450 EUR",Yes,
A11249,80 m²,3,450 €,https://www.novelestate.com/estate_view.html?id=A11249,https://novelestate.com/images/estate/20622/b1d07e0d-62cb-40c8-ab02-449a5269e2d8 (1).jpg,rent,Дебар Маало,,2,1,Наместен,2,2015,"Се издава наместен стан во Скопје, Дебар Маало со површина од 80 m2.
 Екстра: Клима, Греење на струја, Паркинг.
 Цена: 450 EUR",,
A12028,59 m²,3,400 €,https://www.novelestate.com/estate_view.html?id=A12028,https://novelestate.com/images/estate/21981/45f93d85-14c2-41c7-8e31-50111cdd40fc.jpg,rent,Црниче,,2,2,Наместен,1,2008,"Се издава наместен стан во Скопје, Црниче со површина од 59 m2.
 Екстра: Клима, Централно Парно, Лифт, Нова Зграда.
 Цена: 400 EUR",Yes,
A14680,70 m²,3,260 €,https://www.novelestate.com/estate_view.html?id=A14680,https://novelestate.com/images/estate/26601/se-izdava-stan-pozadi-capitol-mall.jpeg,rent,Аеродром,,2,8,Наместен,1,,"Се издава наместен стан во Скопје, Аеродром со површина од 70 m2.
 Екстра: Клима, Централно Парно, Лифт.
 Цена: 260 EUR",Yes,
A14381,66 m²,3,500 €,https://www.novelestate.com/estate_view.html?id=A14381,https://novelestate.com/images/estate/26092/408d216c-831c-4438-be35-380dd4e25ed0.jpg,rent,Центар,ул.Климент Охридски,2,5,Наместен,1,,"Се издава наместен стан во Скопје, Центар со површина од 66 m2.
 Екстра: Сопствено парно, Лифт.
 Цена: 500 EUR",,
A11284,75 m²,3,500 €,https://www.novelestate.com/estate_view.html?id=A11284,https://novelestate.com/images/estate/20693/4.jpg,rent,Карпош 1,,2,1,Наместен,2,,"Се издава наместен стан во Скопје, Карпош 1 со површина од 75 m2.
 Екстра: Клима, Централно Парно, Лифт, Нова Зграда, Гаража, Паркинг.
 Цена: 500 EUR",Yes,
A5143,82 m²,3,550 €,https://www.novelestate.com/estate_view.html?id=A5143,https://novelestate.com/images/estate/9359/trpezarija.jpg.jpg,rent,Центар,,2,8/12,Наместен,2,,"Се издава наместен стан во Скопје, Центар со површина од 82 m2.
 Екстра: Лифт, Централно Парно.
 Цена: 550 EUR",Yes,
A14659,65 m²,3,350 €,https://www.novelestate.com/estate_view.html?id=A14659,https://novelestate.com/images/estate/26567/se-izdava-stan-vo-czentar (5).jpeg,rent,Капиштец,,2,1,Празен,2,,"Се издава празен стан во Скопје, Капиштец со површина од 65 m2.
 Екстра: Клима, Централно Парно, Лифт.
 Цена: 350 EUR",Yes,
A14641,70 m²,2,350 €,https://www.novelestate.com/estate_view.html?id=A14641,https://novelestate.com/images/estate/26546/3.jpg,rent,Капиштец,,1,1,Наместен,1,,"Се издава наместен стан во Скопје, Капиштец со површина од 70 m2.
 Екстра: Клима, Греење на струја.
 Цена: 350 EUR",,
A12839,64 m²,3,650 €,https://www.novelestate.com/estate_view.html?id=A12839,https://novelestate.com/images/estate/23419/10.jpg,rent,Капиштец,,2,1,Наместен,1,,"Се издава наместен стан во Скопје, Капиштец со површина од 64 m2.
 Екстра: Клима, Сопствено парно, Лифт, Нова Зграда, Паркинг.
 Цена: 650 EUR",,
A4684,90 m²,3,500 €,https://www.novelestate.com/estate_view.html?id=A4684,https://novelestate.com/images/estate/8596/Se-izdava-stan-vo-Aerodrom.jpeg,rent,Ново Лисиче,,2,1,Наместен,2,,"Се издава наместен стан во Скопје, Ново Лисиче со површина од 90 m2.
 Екстра: Лифт.
 Цена: 500 EUR",,
A14493,105 m²,4,650 €,https://www.novelestate.com/estate_view.html?id=A14493,https://novelestate.com/images/estate/26318/e20cd4f9-f911-44de-a6f6-bb94bbfb0f3c.jpg,rent,Ново Лисиче,,3,7,Наместен,2,,"Се издава наместен стан во Скопје, Ново Лисиче со површина од 105 m2.
 Екстра: Централно Парно, Лифт.
 Цена: 650 EUR",Yes,
A14622,48 m²,2,470 €,https://www.novelestate.com/estate_view.html?id=A14622,https://novelestate.com/images/estate/26517/se-izdava-stan-vo-limak-diamond-48m2 (6).jpeg,rent,Центар,Diamond of Skopje,1,5,Празен,1,,"Се издава празен стан во Скопје, Центар со површина од 48 m2.
 Екстра: Клима, Централно Парно, Лифт, Нова Зграда, Паркинг.
 Цена: 470 EUR",Yes,
A14171,138 m²,4,1500 €,https://www.novelestate.com/estate_view.html?id=A14171,https://novelestate.com/images/estate/25716/3.jpg,rent,Водно,,3,2,Наместен,3,,"Се издава наместен стан во Скопје, Водно со површина од 138 m2.
 Екстра: Клима, Сопствено парно, Лифт, Нова Зграда, Гаража.
 Цена: 1500 EUR",,
A14609,68 m²,2,400 €,https://www.novelestate.com/estate_view.html?id=A14609,https://novelestate.com/images/estate/26499/2ac9609e-0f1f-486f-a698-ba801bceefd9.jpg,rent,Карпош 4,ул.Волгоградска,1,1,Наместен,1,,"Се издава наместен стан во Скопје, Карпош 4 со површина од 68 m2.
 Екстра: Клима, Лифт, Реновиран.
 Цена: 400 EUR",,
A14583,60 m²,2,400 €,https://www.novelestate.com/estate_view.html?id=A14583,https://novelestate.com/images/estate/26459/se-izdava-stan-vo-debar-maalo-pozadi-gradezen.jpeg,rent,Дебар Маало,,1,2,Наместен,1,,"Се издава наместен стан во Скопје, Дебар Маало со површина од 60 m2.
 Екстра: Клима, Централно Парно, Лифт.
 Цена: 400 EUR",Yes,
A13538,40 m²,2,250 €,https://www.novelestate.com/estate_view.html?id=A13538,https://novelestate.com/images/estate/24479/26ef6e7c-fa33-4187-aa67-b61ac20a16e1.jpg,rent,Аеродром,,1,2,Празен,1,,"Се издава празен стан во Скопје, Аеродром со површина од 40 m2.
 Екстра: Клима, Централно Парно, Лифт, Нова Зграда, Паркинг.
 Цена: 250 EUR",Yes,
A11298,63 m²,3,330 €,https://www.novelestate.com/estate_view.html?id=A11298,https://novelestate.com/images/estate/20712/SE-IZDAVA-NOV-STAN-VO-STAR-AERODROM- (7).jpeg,rent,Аеродром,,2,3,Празен,1,,"Се издава празен стан во Скопје, Аеродром со површина од 63 m2.
 Екстра: Централно Парно, Нова Зграда, Кујнски елементи, Кујнски апарати, Гаража.
 Цена: 330 EUR",Yes,
A14596,70 m²,3,430 €,https://www.novelestate.com/estate_view.html?id=A14596,https://novelestate.com/images/estate/26484/se-izdava-namesten-stan (2).jpeg,rent,Сопиште,,2,високо приземје,Наместен,1,,"Се издава наместен стан во Скопје, Сопиште со површина од 70 m2.
 Екстра: Клима, Греење на струја, Гаража.
 Цена: 430 EUR",,
A11267,77 m²,3,380 €,https://www.novelestate.com/estate_view.html?id=A11267,https://novelestate.com/images/estate/20664/03cc0b29-6287-4bc5-aadb-b2cf323b7c68.jpg,rent,Козле,,2,2,Наместен,1,,"Се издава наместен стан во Скопје, Козле со површина од 77 m2.
 Екстра: Клима, Централно Парно, Лифт, Паркинг.
 Цена: 380 EUR",Yes,
A13674,65 m²,3,450 €,https://www.novelestate.com/estate_view.html?id=A13674,https://novelestate.com/images/estate/24807/9.jpg,rent,Влае,,2,приземје,Наместен,1,,"Се издава наместен стан во Скопје, Влае со површина од 65 m2.
 Екстра: Клима, Сопствено парно, Нова Зграда, Паркинг.
 Цена: 450 EUR",,
A9570,60 m²,2,350 €,https://www.novelestate.com/estate_view.html?id=A9570,https://novelestate.com/images/estate/4449/4.jpg,rent,Центар,,1,5,Наместен,1,,"Се издава наместен стан во Скопје, Центар со површина од 60 m2.
 Екстра: Клима, Централно Парно, Лифт, Употребна дозвола, Краток престој.
 Цена: 350 EUR",Yes,
A5354,50 m²,3,200 €,https://www.novelestate.com/estate_view.html?id=A5354,https://novelestate.com/images/estate/9762/Se-izdava-stan-vo-Kozle (1).jpeg,rent,Козле,,2,приземје,Празен,1,,"Се издава празен стан во Скопје, Козле со површина од 50 m2.
 Екстра: Лифт, Централно Парно.
 Цена: 200 EUR",Yes,да
A14550,85 m²,3,600 €,https://www.novelestate.com/estate_view.html?id=A14550,https://novelestate.com/images/estate/26399/450ad17b-aa0d-4401-88ef-974c81b28061.jpg,rent,Мичурин,,2,3,Наместен,2,,"Се издава наместен стан во Скопје, Мичурин со површина од 85 m2.
 Екстра: Клима, Сопствено парно, Лифт, Паркинг.
 Цена: 600 EUR",,
A1469,70 m²,3,400 €,https://www.novelestate.com/estate_view.html?id=A1469,https://novelestate.com/images/estate/3104/IMG_2919.JPG,rent,Водно,,2,3/3,Наместен,1,,"Се издава наместен стан во Скопје, Водно со површина од 70 m2.
 Екстра: Сопствено парно.
 Цена: 400 EUR",,
A3822,64 m²,3,500 €,https://www.novelestate.com/estate_view.html?id=A3822,https://novelestate.com/images/estate/7048/7.jpg,rent,Тафталиџе 1,,2,3,Наместен,1,,"Се издава наместен стан во Скопје, Тафталиџе 1 со површина од 64 m2.
 Екстра: Лифт, Гаража, Сопствено парно.
 Цена: 500 EUR",,
A5513,96 m²,4,500 €,https://www.novelestate.com/estate_view.html?id=A5513,https://novelestate.com/images/estate/10091/Se-iznajmuva-cetvorosoben-stan-vo-Kapistec.jpeg,rent,Капиштец,,3,5,Наместен,2,,"Се издава наместен стан во Скопје, Капиштец со површина од 96 m2.
 Екстра: Лифт, Централно Парно.
 Цена: 500 EUR",Yes,
A6335,130 m²,4,1200 €,https://www.novelestate.com/estate_view.html?id=A6335,https://novelestate.com/images/estate/11389/ZB003.JPG,rent,Пржино,,3,приземје,Наместен,2,,"Се издава наместен стан во Скопје, Пржино со површина од 130 m2.
 Екстра: Реновиран, Паркинг, Гаража.
 Цена: 1200 EUR",,да
A14529,100 m²,4,600 €,https://www.novelestate.com/estate_view.html?id=A14529,https://novelestate.com/images/estate/26363/4e8723a6-2329-48ca-8df8-efccc5112803.jpg,rent,Центар,,3,2,Празен,2,,"Се издава празен стан во Скопје, Центар со површина од 100 m2.
 Екстра: Клима, Централно Парно, Лифт, Нова Зграда, Паркинг.
 Цена: 600 EUR",Yes,
A14528,55 m²,2,350 €,https://www.novelestate.com/estate_view.html?id=A14528,https://novelestate.com/images/estate/26362/c62d3d32-fb5a-48ba-af5e-f4fdf94e6aa6.jpg,rent,Капиштец,,1,2,Празен,1,,"Се издава празен стан во Скопје, Капиштец со површина од 55 m2.
 Екстра: Клима, Греење на струја, Лифт, Нова Зграда.
 Цена: 350 EUR",,
A8790,104 m²,4,650 €,https://www.novelestate.com/estate_view.html?id=A8790,https://novelestate.com/images/estate/16139/luksuzen-stan-vo-crnice.jpeg,rent,Црниче,,3,приземје,Наместен,1,2015,"Се издава наместен стан во Скопје, Црниче со површина од 104 m2.
 Екстра: Сопствено парно, Клима, Нова Зграда, Гаража.
 Цена: 650 EUR",,да
A14496,60 m²,3,210 €,https://www.novelestate.com/estate_view.html?id=A14496,https://novelestate.com/images/estate/26321/ec704c4e-c732-4f89-abf1-d24b0e7eabc4.jpg,rent,Хром,,2,приземје,Празен,1,,"Се издава празен стан во Скопје, Хром со површина од 60 m2.
 Екстра: Кујнски елементи, Кујнски апарати.
 Цена: 210 EUR",,
A14491,72 m²,3,400 €,https://www.novelestate.com/estate_view.html?id=A14491,https://novelestate.com/images/estate/26313/1.jpeg,rent,Аеродром,,2,5,Наместен,2,,"Се издава наместен стан во Скопје, Аеродром со површина од 72 m2.
 Екстра: Клима, Централно Парно, Лифт, Нова Зграда.
 Цена: 400 EUR",Yes,
A10824,75 m²,3,250 €,https://www.novelestate.com/estate_view.html?id=A10824,https://novelestate.com/images/estate/19848/843388d3-38cb-4f33-b9c2-6fd70404262c.jpg,rent,Козле,ул.Кораб,2,2/3,Празен,1,,"Се издава празен стан во Скопје, Козле со површина од 75 m2.
 Екстра: Сопствено парно, Кујнски елементи, Кујнски апарати.
 Цена: 250 EUR",,
A14023,65 m²,3,380 €,https://www.novelestate.com/estate_view.html?id=A14023,https://novelestate.com/images/estate/25427/viber_image_2022-03-22_17-37-13-981.jpg,rent,Водно,,2,1,Наместен,1,,"Се издава наместен стан во Скопје, Водно со површина од 65 m2.
 Екстра: Клима, Сопствено парно.
 Цена: 380 EUR",,
A13230,54 m²,2,300 €,https://www.novelestate.com/estate_view.html?id=A13230,https://novelestate.com/images/estate/24013/ad143d80-3efd-4517-81e3-e15daff768d7.jpg,rent,Центар,,1,1,Празен,1,,"Се издава празен стан во Скопје, Центар со површина од 54 m2.
 Екстра: Клима, Сопствено парно, Лифт, Нова Зграда.
 Цена: 300 EUR",,
A14462,45 m²,2,450 €,https://www.novelestate.com/estate_view.html?id=A14462,https://novelestate.com/images/estate/26239/izdavam-nov-dvosoben-stan (2).jpeg,rent,Аеродром - Нова Железничка,ул.М.Ш.Шарло,1,1,Празен,1,,"Се издава празен стан во Скопје, Аеродром - Нова Железничка со површина од 45 m2.
 Екстра: Клима, Лифт, Нова Зграда, Кујнски елементи, Кујнски апарати, Паркинг.
 Цена: 450 EUR",,
A9878,84 m²,3,450 €,https://www.novelestate.com/estate_view.html?id=A9878,https://novelestate.com/images/estate/18073/3.jpg,rent,Центар,,2,5 и 6,Празен,2,,"Се издава празен стан во Скопје, Центар со површина од 84 m2.
 Екстра: Клима, Централно Парно, Лифт, Нова Зграда, Кујнски елементи, Кујнски апарати, Гаража.
 Цена: 450 EUR",Yes,
A14206,70 m²,3,400 €,https://www.novelestate.com/estate_view.html?id=A14206,https://novelestate.com/images/estate/25802/ea03fff6-e83f-4ede-ae79-3f08320fa994.jpg,rent,Аеродром,,2,22,Наместен,1,,"Се издава наместен стан во Скопје, Аеродром со површина од 70 m2.
 Екстра: Клима, Централно Парно, Лифт, Нова Зграда.
 Цена: 400 EUR",Yes,
A14325,68 m²,4,650 €,https://www.novelestate.com/estate_view.html?id=A14325,https://novelestate.com/images/estate/26002/52cfad3b-f0da-4d11-a67e-c915d9b1a9f6.jpg,rent,Аеродром,,3,7,Наместен,2,,"Се издава наместен стан во Скопје, Аеродром со површина од 68 m2.
 Екстра: Клима, Централно Парно, Лифт, Нова Зграда, Гаража.
 Цена: 650 EUR",Yes,
A9118,80 m²,3,400 €,https://www.novelestate.com/estate_view.html?id=A9118,https://novelestate.com/images/estate/16831/dnevna2.jpg,rent,Тафталиџе 1,,2,приземје,Наместен,2,,"Се издава наместен стан во Скопје, Тафталиџе 1 со површина од 80 m2.
 Екстра: Клима, Сопствено парно, Интернет, Кабловска ТВ, Паркинг.
 Цена: 400 EUR",,12м2
A4966,62 m²,3,250 €,https://www.novelestate.com/estate_view.html?id=A4966,https://novelestate.com/images/estate/9004/Se-izdava-stan-vo-Aerodrom-.jpeg,rent,Аеродром,,2,2,Наместен,1,,"Се издава наместен стан во Скопје, Аеродром со површина од 62 m2.
 Екстра: Лифт.
 Цена: 250 EUR",,
A8183,65 m²,3,300 €,https://www.novelestate.com/estate_view.html?id=A8183,https://novelestate.com/images/estate/15094/ImageHandler (1).jpg,rent,Црниче,,2,високо приземје,Наместен,1,,"Се издава наместен стан во Скопје, Црниче со површина од 65 m2.
 Екстра: Сопствено парно, Паркинг, Клима, Нова Зграда.
 Цена: 300 EUR",,
A7937,40 m²,1,250 €,https://www.novelestate.com/estate_view.html?id=A7937,https://novelestate.com/images/estate/13834/d78f9dbe-3e00-4de8-b8c3-4a008a5a0c27.jpg,rent,Центар,,,1,Наместен,1,,"Се издава наместен стан во Скопје, Центар со површина од 40 m2.
 Екстра: Клима, Сопствено парно, Лифт, Нова Зграда.
 Цена: 250 EUR",,
A11114,30 m²,1,200 €,https://www.novelestate.com/estate_view.html?id=A11114,https://novelestate.com/images/estate/20384/7.jpg,rent,Капиштец,,,5/8,Наместен,1,,"Се издава наместен стан во Скопје, Капиштец со површина од 30 m2.
 Екстра: Клима, Централно Парно, Лифт.
 Цена: 200 EUR",Yes,
A14335,55 m²,3,250 €,https://www.novelestate.com/estate_view.html?id=A14335,https://novelestate.com/images/estate/26016/viber_image_2023-02-27_13-58-01-559.jpg,rent,Дебар Маало,,1,1,Наместен,1,,"Се издава наместен стан во Скопје, Дебар Маало со површина од 55 m2.
 Екстра:.
 Цена: 250 EUR",,
A14393,50 m²,2,370 €,https://www.novelestate.com/estate_view.html?id=A14393,https://novelestate.com/images/estate/26106/se-izdava-stan-50m2-so-2-parking-mesta-nova-gradba-aerodrom (2).jpeg,rent,Аеродром,,1,9,Празен,1,,"Се издава празен стан во Скопје, Аеродром со површина од 50 m2.
 Екстра: Централно Парно, Лифт, Паркинг.
 Цена: 370 EUR",Yes,
A14404,50 m²,2,220 €,https://www.novelestate.com/estate_view.html?id=A14404,https://novelestate.com/images/estate/26128/6aabfb9f-4f04-47a0-8a5b-111a6c7fb287.jpg,rent,Аеродром,ул.Коста Новаковиќ,1,5,Наместен,1,,"Се издава наместен стан во Скопје, Аеродром со површина од 50 m2.
 Екстра:.
 Цена: 220 EUR",,
A11911,82 m²,4,350 €,https://www.novelestate.com/estate_view.html?id=A11911,https://novelestate.com/images/estate/18773/Se-izdava-trosoben-stan-vo-Centar (6).jpeg,rent,Центар,,,1,Наместен,1,,"Се издава наместен стан во Скопје, Центар со површина од 82 m2.
 Екстра: Централно Парно, Паркинг.
 Цена: 350 EUR",Yes,
A2858,70 m²,2,260 €,https://www.novelestate.com/estate_view.html?id=A2858,https://novelestate.com/images/estate/5520/dnevna.jpg,rent,Ново Лисиче,,1,2,Наместен,1,,"Се издава наместен стан во Скопје, Ново Лисиче со површина од 70 m2.
 Екстра: Лифт, Централно Парно.
 Цена: 260 EUR",Yes,
A1948,140 m²,4,800 €,https://www.novelestate.com/estate_view.html?id=A1948,https://novelestate.com/images/estate/3962/ImageHandler (3).jpg,rent,Водно,,3,,Наместен,2,,"Се издава наместен стан во Скопје, Водно со површина од 140 m2.
 Екстра: Клима, Нова Зграда, Паркинг.
 Цена: 800 EUR",,
A13855,66 m²,3,400 €,https://www.novelestate.com/estate_view.html?id=A13855,https://novelestate.com/images/estate/25124/4.jpg,rent,Водно,,2,приземје,Наместен,1,,"Се издава наместен стан во Скопје, Водно со површина од 66 m2.
 Екстра: Клима, Сопствено парно.
 Цена: 400 EUR",,да
A14358,90 m²,3,500 €,https://www.novelestate.com/estate_view.html?id=A14358,https://novelestate.com/images/estate/26058/5.jpg,rent,Центар,,2,4/5,Наместен,2,,"Се издава наместен стан во Скопје, Центар со површина од 90 m2.
 Екстра: Клима, Централно Парно, Лифт, Гаража.
 Цена: 500 EUR",Yes,
A3739,126 m²,4,500 €,https://www.novelestate.com/estate_view.html?id=A3739,https://novelestate.com/images/estate/6917/ImageHandler.jpg,rent,Аеродром,,3,16,Наместен,2,,"Се издава наместен стан во Скопје, Аеродром со површина од 126 m2.
 Екстра: Лифт, Централно Парно.
 Цена: 500 EUR",Yes,
A10318,60 m²,3,320 €,https://www.novelestate.com/estate_view.html?id=A10318,https://novelestate.com/images/estate/19024/Se-izdava-namesten-stan-vo-Kozle-sproti-Vero2 (4).jpeg,rent,Козле,,2,1,Наместен,1,,"Се издава наместен стан во Скопје, Козле со површина од 60 m2.
 Екстра: Централно Парно, Лифт.
 Цена: 320 EUR",Yes,
A14269,66 m²,3,450 €,https://www.novelestate.com/estate_view.html?id=A14269,https://novelestate.com/images/estate/25909/86b7e5a8-f9d5-4f4a-8f6b-64480cd33d90.jpg,rent,Аеродром,,2,8/8,Празен,1,,"Се издава празен стан во Скопје, Аеродром со површина од 66 m2.
 Екстра: Клима, Лифт, Нова Зграда.
 Цена: 450 EUR",,
A14349,48 m²,2,200 €,https://www.novelestate.com/estate_view.html?id=A14349,https://novelestate.com/images/estate/26039/se-izdava-dvosoben-prazen-stan-48m2-vo-novo-lisice.jpeg,rent,Ново Лисиче,,1,3,Празен,1,,"Се издава празен стан во Скопје, Ново Лисиче со површина од 48 m2.
 Екстра: Клима, Греење на струја, Лифт.
 Цена: 200 EUR",,
A8268,100 m²,3,250 €,https://www.novelestate.com/estate_view.html?id=A8268,https://novelestate.com/images/estate/15273/IZDAVAME-NAMESTEN-3-SOBEN-STAN-VO-AERODROM (2).jpeg,rent,Аеродром,,2,2,Наместен,2,,"Се издава наместен стан во Скопје, Аеродром со површина од 100 m2.
 Екстра: Централно Парно.
 Цена: 250 EUR",Yes,
A14330,87 m²,3,550 €,https://www.novelestate.com/estate_view.html?id=A14330,https://novelestate.com/images/estate/26008/se-izdava-namesten-stan-vo-centar-do-soboren-hram (9).jpeg,rent,Центар,,2,7,Наместен,2,,"Се издава наместен стан во Скопје, Центар со површина од 87 m2.
 Екстра: Клима, Централно Парно, Лифт, Паркинг.
 Цена: 550 EUR",Yes,
A8077,130 m²,4,650 €,https://www.novelestate.com/estate_view.html?id=A8077,https://novelestate.com/images/estate/14833/DSC02948.JPG,rent,Водно,,3,2/4,Наместен,3,,"Се издава наместен стан во Скопје, Водно со површина од 130 m2.
 Екстра: Клима, Сопствено парно, Лифт, Нова Зграда, Паркинг.
 Цена: 650 EUR",,
A14221,85 m²,3,400 €,https://www.novelestate.com/estate_view.html?id=A14221,https://novelestate.com/images/estate/25818/stan-ga09-75-aerodrom (11).jpeg,rent,Аеродром,,2,10,Празен,2,,"Се издава празен стан во Скопје, Аеродром со површина од 85 m2.
 Екстра: Клима, Централно Парно, Лифт, Нова Зграда.
 Цена: 400 EUR",Yes,
A12298,71 m²,2,300 €,https://www.novelestate.com/estate_view.html?id=A12298,"https://novelestate.com/images/estate/22433/viber image 2019-03-28 , 14.28.38.jpg",rent,Сопиште,,1,1,Наместен,1,,"Се издава наместен стан во Скопје, Сопиште со површина од 71 m2.
 Екстра: Лифт, Нова Зграда, Паркинг.
 Цена: 300 EUR",,
A14314,50 m²,2,Please contact,https://www.novelestate.com/estate_view.html?id=A14314,https://novelestate.com/images/estate/25982/405091526.jpg,rent,Центар,,1,2,Наместен,1,,"Се издава наместен стан во Скопје, Центар со површина од 50 m2.
 Екстра: Клима, Централно Парно, Лифт, Нова Зграда, Паркинг.
 Цена: 0 EUR",Yes,
A13940,70 m²,3,330 €,https://www.novelestate.com/estate_view.html?id=A13940,https://novelestate.com/images/estate/25266/Se-iznajmuva-luksuzno-namesten-stan.jpeg,rent,Кисела Вода,,2,2/3,Наместен,1,,"Се издава наместен стан во Скопје, Кисела Вода со површина од 70 m2.
 Екстра: Клима, Сопствено парно.
 Цена: 330 EUR",,
A10196,60 m²,2,400 €,https://www.novelestate.com/estate_view.html?id=A10196,https://novelestate.com/images/estate/18768/Se-izdava-stan-Centar (4).jpeg,rent,Центар,,1,4,Наместен,1,,"Се издава наместен стан во Скопје, Центар со површина од 60 m2.
 Екстра: Клима, Централно Парно, Лифт.
 Цена: 400 EUR",Yes,
A14164,65 m²,2,350 €,https://www.novelestate.com/estate_view.html?id=A14164,https://novelestate.com/images/estate/25701/15.jpg,rent,Дебар Маало,,1,3,Наместен,1,,"Се издава наместен стан во Скопје, Дебар Маало со површина од 65 m2.
 Екстра: Клима, Централно Парно, Лифт.
 Цена: 350 EUR",Yes,
A6454,55 m²,2,300 €,https://www.novelestate.com/estate_view.html?id=A6454,https://novelestate.com/images/estate/11786/5.jpg,rent,Центар,,1,1,Празен,1,,"Се издава празен стан во Скопје, Центар со површина од 55 m2.
 Екстра: Клима, Централно Парно, Лифт, Нова Зграда.
 Цена: 300 EUR",Yes,
A14263,77 m²,3,300 €,https://www.novelestate.com/estate_view.html?id=A14263,https://novelestate.com/images/estate/25903/8e998825-5c6d-4c06-b441-72f057cc5531.jpg,rent,Сопиште,,2,2,Наместен,2,,"Се издава наместен стан во Скопје, Сопиште со површина од 77 m2.
 Екстра: Клима, Сопствено парно, Лифт, Нова Зграда, Паркинг.
 Цена: 300 EUR",,
A14261,41 m²,2,300 €,https://www.novelestate.com/estate_view.html?id=A14261,https://novelestate.com/images/estate/25901/431abfc5-e472-4525-b197-b442041252b8.jpg,rent,Кисела Вода,,1,1,Наместен,1,,"Се издава наместен стан во Скопје, Кисела Вода со површина од 41 m2.
 Екстра:.
 Цена: 300 EUR",,
A8939,55 m²,2,Please contact,https://www.novelestate.com/estate_view.html?id=A8939,https://novelestate.com/images/estate/16457/ImageHandler (1).jpg,rent,Водно,,1,2,Празен,1,,"Се издава празен стан во Скопје, Водно со површина од 55 m2.
 Екстра: Клима, Сопствено парно, Кујнски елементи, Кујнски апарати.
 Цена: 0 EUR",,
A11513,55 m²,2,250 €,https://www.novelestate.com/estate_view.html?id=A11513,https://novelestate.com/images/estate/21105/a5a86f02-ad47-4624-b09c-01f10f0c647f.jpg,rent,Црниче,,1,3/4,Наместен,1,,"Се издава наместен стан во Скопје, Црниче со површина од 55 m2.
 Екстра: Клима, Греење на струја, Лифт, Нова Зграда.
 Цена: 250 EUR",,
A14054,72 m²,3,450 €,https://www.novelestate.com/estate_view.html?id=A14054,https://novelestate.com/images/estate/25505/IMG-9c2e5cab76017e0466a9192772b54234-V.jpg,rent,Центар - Пролет,,2,1,Наместен,1,,"Се издава наместен стан во Скопје, Центар - Пролет со површина од 72 m2.
 Екстра: Клима, Централно Парно.
 Цена: 450 EUR",Yes,
A14118,53 m²,2,700 €,https://www.novelestate.com/estate_view.html?id=A14118,https://novelestate.com/images/estate/4033/1.jpg,rent,Центар,Плоштад Македонија,1,2,Наместен,1,,"Се издава наместен стан во Скопје, Центар со површина од 53 m2.
 Екстра: Клима, Сопствено парно, Лифт, Паркинг, Аларм, Краток престој.
 Цена: 700 EUR",,
A14225,95 m²,4,500 €,https://www.novelestate.com/estate_view.html?id=A14225,https://novelestate.com/images/estate/25459/323641935_1605567156546812_4645833340490527611_n.jpg,rent,Порта Влае,,3,приземје,Наместен,1,,"Се издава наместен стан во Скопје, Порта Влае со површина од 95 m2.
 Екстра: Клима, Греење на струја, Паркинг.
 Цена: 500 EUR",,да
A14224,50 m²,2,250 €,https://www.novelestate.com/estate_view.html?id=A14224,https://novelestate.com/images/estate/25821/bf35170d-70a7-4ca0-a74a-f370821d239f.jpg,rent,Сопиште,,1,2,Наместен,1,,"Се издава наместен стан во Скопје, Сопиште со површина од 50 m2.
 Екстра: Клима, Сопствено парно.
 Цена: 250 EUR",,
A14038,210 m²,5,2300 €,https://www.novelestate.com/estate_view.html?id=A14038,https://novelestate.com/images/estate/25456/Se-iznajmuva-luksuzen-apartman.jpeg,rent,Волково,,3,1,Наместен,4,,"Се издава наместен стан во Скопје, Волково со површина од 210 m2.
 Екстра: Клима, Сопствено парно, Нова Зграда, Паркинг, Двор, Базен, Аларм, Камера.
 Цена: 2300 EUR",,
A14170,67 m²,2,550 €,https://www.novelestate.com/estate_view.html?id=A14170,https://novelestate.com/images/estate/25712/viber_image_2022-10-17_10-10-49-549.jpg,rent,Аеродром,Cevahir Sky City,1,33,Наместен,1,,"Се издава наместен стан во Скопје, Аеродром со површина од 67 m2.
 Екстра: Клима, Централно Парно, Интернет, Кабловска ТВ, Лифт, Нова Зграда, Паркинг, Базен, Камера.
 Цена: 550 EUR",Yes,
A5914,54 m²,3,300 €,https://www.novelestate.com/estate_view.html?id=A5914,https://novelestate.com/images/estate/10723/1.jpg,rent,Центар,,2,2,Празен,1,,"Се издава празен стан во Скопје, Центар со површина од 54 m2.
 Екстра: Кујнски елементи, Кујнски апарати, Централно Парно.
 Цена: 300 EUR",Yes,
A13507,140 m²,4,1000 €,https://www.novelestate.com/estate_view.html?id=A13507,https://novelestate.com/images/estate/24426/IMG-0a8eff7479ad9e8128f6ffec145c4434-V.jpg,rent,Црниче,,3,2/3,Наместен,2,,"Се издава наместен стан во Скопје, Црниче со површина од 140 m2.
 Екстра: Клима, Сопствено парно, Нова Зграда.
 Цена: 1000 EUR",,
A9703,70 m²,3,350 €,https://www.novelestate.com/estate_view.html?id=A9703,"https://novelestate.com/images/estate/17783/kujna, dneva trpezarija.JPG",rent,Водно,,2,1,Наместен,1,2014,"Се издава наместен стан во Скопје, Водно со површина од 70 m2.
 Екстра: Нова Зграда, Паркинг, Гаража, Клима, Сопствено парно, Интернет.
 Цена: 350 EUR",,
A14077,45 m²,2,250 €,https://www.novelestate.com/estate_view.html?id=A14077,https://novelestate.com/images/estate/25550/1.jpg,rent,Центар,,1,2,Наместен,1,,"Се издава наместен стан во Скопје, Центар со површина од 45 m2.
 Екстра: Клима, Централно Парно, Лифт.
 Цена: 250 EUR",Yes,
A2382,45 m²,2,250 €,https://www.novelestate.com/estate_view.html?id=A2382,https://novelestate.com/images/estate/4813/viber_image_2022-06-21_13-55-38-942.jpg,rent,Центар,,1,1,Празен,1,,"Се издава празен стан во Скопје, Центар со површина од 45 m2.
 Екстра: Централно Парно, Лифт, Кујнски елементи, Кујнски апарати, Клима.
 Цена: 250 EUR",Yes,
A7437,75 m²,4,350 €,https://www.novelestate.com/estate_view.html?id=A7437,https://novelestate.com/images/estate/13594/DSC03734.JPG,rent,Центар,,3,2,Наместен,1,,"Се издава наместен стан во Скопје, Центар со површина од 75 m2.
 Екстра: Греење на струја, Паркинг, Клима, Реновиран.
 Цена: 350 EUR",,
A13976,200 m²,4,800 €,https://www.novelestate.com/estate_view.html?id=A13976,https://novelestate.com/images/estate/25331/2.jpg,rent,Злокуќани,,3,2,Наместен,3,,"Се издава наместен стан во Скопје, Злокуќани со површина од 200 m2.
 Екстра: Клима, Сопствено парно, Нова Зграда, Паркинг.
 Цена: 800 EUR",,
A13973,52 m²,2,250 €,https://www.novelestate.com/estate_view.html?id=A13973,https://novelestate.com/images/estate/25319/Se-izdava-namesten-stan-moze-i-prazen-vo-strog-Centar (4).jpeg,rent,Центар,,1,3,Празен,1,,"Се издава празен стан во Скопје, Центар со површина од 52 m2.
 Екстра: Клима, Централно Парно, Лифт, Кујнски елементи, Кујнски апарати.
 Цена: 250 EUR",Yes,
A13961,102 m²,3,750 €,https://www.novelestate.com/estate_view.html?id=A13961,https://novelestate.com/images/estate/25293/CAPITOL apartman 102m2 dnevna.jpg,rent,Аеродром,,2,5,Наместен,2,,"Се издава наместен стан во Скопје, Аеродром со површина од 102 m2.
 Екстра: Клима, Лифт, Нова Зграда, Паркинг, Гаража.
 Цена: 750 EUR",,
A13948,55 m²,2,250 €,https://www.novelestate.com/estate_view.html?id=A13948,https://novelestate.com/images/estate/25275/1.jpg,rent,Автокоманда,,1,3,Празен,1,,"Се издава празен стан во Скопје, Автокоманда со површина од 55 m2.
 Екстра: Студенти, Централно Парно, Лифт, Нова Зграда, Гаража.
 Цена: 250 EUR",Yes,
A13903,68 m²,3,300 €,https://www.novelestate.com/estate_view.html?id=A13903,https://novelestate.com/images/estate/25211/viber_image_2021-11-26_09-34-27-839.jpg,rent,Центар,ул.Васил Главинов,2,2,Празен,1,,"Се издава празен стан во Скопје, Центар со површина од 68 m2.
 Екстра: Централно Парно, Лифт, Кујнски елементи, Кујнски апарати.
 Цена: 300 EUR",Yes,
A11059,80 m²,3,400 €,https://www.novelestate.com/estate_view.html?id=A11059,https://novelestate.com/images/estate/20274/Luksuzen-stan-vo-Centar (7).jpeg,rent,Центар - Пролет,,2,2,Наместен,2,,"Се издава наместен стан во Скопје, Центар - Пролет со површина од 80 m2.
 Екстра: Клима, Греење на струја, Реновиран, Паркинг.
 Цена: 400 EUR",,
A13414,64 m²,3,350 €,https://www.novelestate.com/estate_view.html?id=A13414,https://novelestate.com/images/estate/24278/Luksuzno-opremeni-stanovi-vo-centar (5.jpeg,rent,Центар,,2,1,Наместен,1,,"Се издава наместен стан во Скопје, Центар со површина од 64 m2.
 Екстра: Клима, Сопствено парно, Лифт.
 Цена: 350 EUR",,
A12637,58 m²,2,220 €,https://www.novelestate.com/estate_view.html?id=A12637,https://novelestate.com/images/estate/23033/20190917_170350.jpg,rent,Центар,,1,2,Наместен,1,,"Се издава наместен стан во Скопје, Центар со површина од 58 m2.
 Екстра: Клима, Централно Парно, Лифт, Паркинг.
 Цена: 220 EUR",Yes,
A13852,125 m²,,Please contact,https://www.novelestate.com/estate_view.html?id=A13852,https://novelestate.com/images/estate/25115/IMG-db83dd2cb4a3f3d0d513a092eba0724d-V.jpg,rent,Црниче,ул. Востаничка,,,,,,"Се издава  стан во Скопје, Црниче со површина од 125 m2.
 Екстра:
 Цена: 0 EUR",,
A13851,187 m²,4,Please contact,https://www.novelestate.com/estate_view.html?id=A13851,https://novelestate.com/images/estate/25114/239430170_2890590551255628_7798769841305212328_n.jpg,rent,Бардовци,ул.Рупа,3,4,Празен,1,,"Се издава празен стан во Скопје, Бардовци со површина од 187 m2.
 Екстра: Нова Зграда, Паркинг.
 Цена: 0 EUR",,
A13782,40 m²,2,250 €,https://www.novelestate.com/estate_view.html?id=A13782,https://novelestate.com/images/estate/25001/1.jpg,rent,Центар,,1,5,Наместен,1,,"Се издава наместен стан во Скопје, Центар со површина од 40 m2.
 Екстра: Клима, Централно Парно, Лифт, Нова Зграда, Паркинг.
 Цена: 250 EUR",Yes,
A13833,100 m²,4,400 €,https://www.novelestate.com/estate_view.html?id=A13833,https://novelestate.com/images/estate/25088/Izavam-so-site-plateni-komunalii-400e (5).jpeg,rent,Водно,,3,1,Празен,2,,"Се издава празен стан во Скопје, Водно со површина од 100 m2.
 Екстра: Клима, Греење на струја.
 Цена: 400 EUR",,
A13059,40 m²,2,250 €,https://www.novelestate.com/estate_view.html?id=A13059,https://novelestate.com/images/estate/23766/Se-izdava-stan-nasproti-drzavna-bolnica.jpeg,rent,Капиштец,,1,,Празен,1,,"Се издава празен стан во Скопје, Капиштец со површина од 40 m2.
 Екстра:
 Цена: 250 EUR",,
A13813,150 m²,4,1500 €,https://www.novelestate.com/estate_view.html?id=A13813,https://novelestate.com/images/estate/25056/viber_image_2021-09-23_11-23-22-278.jpg,rent,Центар,,3,3,Наместен,2,,"Се издава наместен стан во Скопје, Центар со површина од 150 m2.
 Екстра: Клима, Сопствено парно, Лифт, Нова Зграда, Гаража.
 Цена: 1500 EUR",,
A1252,77 m²,3,350 €,https://www.novelestate.com/estate_view.html?id=A1252,https://novelestate.com/images/estate/2764/3.jpg,rent,Аеродром,,,високо приземје,Наместен,1,,"Се издава наместен стан во Скопје, Аеродром со површина од 77 m2.
 Екстра: Лифт, Централно Парно.
 Цена: 350 EUR",Yes,
A13753,70 m²,3,250 €,https://www.novelestate.com/estate_view.html?id=A13753,https://novelestate.com/images/estate/24949/4.jpg,rent,Ново Лисиче,,2,2,Наместен,1,,"Се издава наместен стан во Скопје, Ново Лисиче со површина од 70 m2.
 Екстра: Клима, Централно Парно, Лифт, Реновиран, Гаража.
 Цена: 250 EUR",Yes,
A1102,85 m²,3,250 €,https://www.novelestate.com/estate_view.html?id=A1102,https://novelestate.com/images/estate/2556/11.jpg,rent,Аеродром,,,5/5,Наместен,1,,"Се издава наместен стан во Скопје, Аеродром со површина од 85 m2.
 Екстра: Централно Парно.
 Цена: 250 EUR",Yes,
A13759,67 m²,3,300 €,https://www.novelestate.com/estate_view.html?id=A13759,https://novelestate.com/images/estate/24957/4050b9fa-e596-4731-845e-5c4e58b4a68f.jpg,rent,Центар,,2,3,Празен,1,,"Се издава празен стан во Скопје, Центар со површина од 67 m2.
 Екстра: Клима, Греење на струја.
 Цена: 300 EUR",,
A13526,75 m²,3,350 €,https://www.novelestate.com/estate_view.html?id=A13526,https://novelestate.com/images/estate/24463/Se-iznajmuva-nov-nevseluvan-stan (1).jpeg,rent,Центар,,2,5/7,Празен,2,,"Се издава празен стан во Скопје, Центар со површина од 75 m2.
 Екстра: Клима, Централно Парно, Лифт, Нова Зграда, Паркинг.
 Цена: 350 EUR",Yes,
A12970,165 m²,5,1600 €,https://www.novelestate.com/estate_view.html?id=A12970,https://novelestate.com/images/estate/23627/Se-izdava-luksuzen-stan-blizu-germanska-amb (3).jpeg,rent,Козле,,4,,Наместен,4,,"Се издава наместен стан во Скопје, Козле со површина од 165 m2.
 Екстра: Клима, Сопствено парно.
 Цена: 1600 EUR",,
A5679,54 m²,2,220 €,https://www.novelestate.com/estate_view.html?id=A5679,https://novelestate.com/images/estate/10438/IZDAVAM-STAN-NA-TOP-LOKACIJA.jpeg,rent,Центар,,1,1/8,Наместен,1,,"Се издава наместен стан во Скопје, Центар со површина од 54 m2.
 Екстра: Централно Парно, Лифт, Реновиран.
 Цена: 220 EUR",Yes,
A13238,100 m²,3,600 €,https://www.novelestate.com/estate_view.html?id=A13238,https://novelestate.com/images/estate/24031/slika_7.jpeg,rent,Злокуќани,,2,1,Наместен,2,,"Се издава наместен стан во Скопје, Злокуќани со површина од 100 m2.
 Екстра: Клима, Сопствено парно, Нова Зграда, Паркинг, Базен, Аларм, Камера.
 Цена: 600 EUR",,да
A10846,77 m²,3,300 €,https://www.novelestate.com/estate_view.html?id=A10846,https://novelestate.com/images/estate/19876/1.jpg,rent,Црниче,,2,2,Наместен,1,,"Се издава наместен стан во Скопје, Црниче со површина од 77 m2.
 Екстра: Клима, Сопствено парно, Нова Зграда, Лифт.
 Цена: 300 EUR",,
A11023,78 m²,3,450 €,https://www.novelestate.com/estate_view.html?id=A11023,https://novelestate.com/images/estate/20187/3.jpg,rent,Центар,,2,4-5,Празен,2,2017,"Се издава празен стан во Скопје, Центар со површина од 78 m2.
 Екстра: Централно Парно, Лифт, Клима, Нова Зграда.
 Цена: 450 EUR",Yes,
A4283,45 m²,2,250 €,https://www.novelestate.com/estate_view.html?id=A4283,https://novelestate.com/images/estate/7934/IMG_0322a.jpg,rent,Кисела Вода,,1,3,Наместен,1,,"Се издава наместен стан во Скопје, Кисела Вода со површина од 45 m2.
 Екстра: Клима, Централно Парно, Лифт, Нова Зграда.
 Цена: 250 EUR",Yes,
A13144,52 m²,2,250 €,https://www.novelestate.com/estate_view.html?id=A13144,https://novelestate.com/images/estate/23880/Se-izdava-stan-vo-Karposh-2 (4).jpeg,rent,Карпош 2,,1,2,Наместен,1,,"Се издава наместен стан во Скопје, Карпош 2 со површина од 52 m2.
 Екстра: Клима, Централно Парно.
 Цена: 250 EUR",Yes,
A13369,178 m²,5,1700 €,https://www.novelestate.com/estate_view.html?id=A13369,https://novelestate.com/images/estate/24211/Luksuzen-stan-od-178m2-vo-Centar.jpeg,rent,Центар,,4,7,Празен,2,,"Се издава празен стан во Скопје, Центар со површина од 178 m2.
 Екстра: Клима, Сопствено парно, Лифт, Нова Зграда.
 Цена: 1700 EUR",,
A0497,120 m²,3,350 €,https://www.novelestate.com/estate_view.html?id=A0497,https://novelestate.com/images/estate/1728/STANBENO-DELOVEN-PROSTOR-120m2.jpeg,rent,Кисела Вода,,,3/3,Празен,1,,"Се издава празен стан во Скопје, Кисела Вода со површина од 120 m2.
 Екстра: Централно Парно, Клима, Паркинг, Употребна дозвола, Кујнски елементи, Кујнски апарати.
 Цена: 350 EUR",Yes,
A6706,120 m²,4,300 €,https://www.novelestate.com/estate_view.html?id=A6706,https://novelestate.com/images/estate/12319/96aaf5e4f7714428a3fbc9121d107ea2.jpg,rent,Кисела Вода,,3,3,Празен,2,,"Се издава празен стан во Скопје, Кисела Вода со површина од 120 m2.
 Екстра: Клима, Централно Парно, Нова Зграда.
 Цена: 300 EUR",Yes,
A9040,52 m²,2,250 €,https://www.novelestate.com/estate_view.html?id=A9040,https://novelestate.com/images/estate/16653/5.jpg,rent,Дебар Маало,,1,2,Празен,1,,"Се издава празен стан во Скопје, Дебар Маало со површина од 52 m2.
 Екстра: Греење на струја, Клима.
 Цена: 250 EUR",,
A12495,74 m²,4,360 €,https://www.novelestate.com/estate_view.html?id=A12495,https://novelestate.com/images/estate/22789/Stan-od-74-m2-vo-Centar (6).jpeg,rent,Центар,,3,,Наместен,1,,"Се издава наместен стан во Скопје, Центар со површина од 74 m2.
 Екстра: Клима, Централно Парно, Лифт, Паркинг.
 Цена: 360 EUR",Yes,
A12587,72 m²,3,340 €,https://www.novelestate.com/estate_view.html?id=A12587,https://novelestate.com/images/estate/22945/Se-izdava-kompletno-namesten-stan-.jpeg,rent,Аеродром,,2,5,Наместен,1,,"Се издава наместен стан во Скопје, Аеродром со површина од 72 m2.
 Екстра: Студенти, Клима, Централно Парно, Лифт.
 Цена: 340 EUR",Yes,
A12389,68 m²,3,250 €,https://www.novelestate.com/estate_view.html?id=A12389,https://novelestate.com/images/estate/22578/Se-izdava-namesten-stan-68m2-vo-Aerodrom (9).jpeg,rent,Аеродром,,2,4,Наместен,1,,"Се издава наместен стан во Скопје, Аеродром со површина од 68 m2.
 Екстра: Клима, Централно Парно, Лифт.
 Цена: 250 EUR",Yes,
A12899,142 m²,4,1000 €,https://www.novelestate.com/estate_view.html?id=A12899,https://novelestate.com/images/estate/23526/Se-iznajmuva-stan-od-142m2-vo-Karpos-.jpeg,rent,Бардовци,,3,3,Празен,3,,"Се издава празен стан во Скопје, Бардовци со површина од 142 m2.
 Екстра: Клима, Сопствено парно, Нова Зграда, Паркинг.
 Цена: 1000 EUR",,
A2381,100 m²,4,250 €,https://www.novelestate.com/estate_view.html?id=A2381,https://novelestate.com/images/estate/4812/Image042.jpg,rent,Аеродром,,3,4,Наместен,1,,"Се издава наместен стан во Скопје, Аеродром со површина од 100 m2.
 Екстра: Лифт, Централно Парно.
 Цена: 250 EUR",Yes,
A9831,85 m²,4,250 €,https://www.novelestate.com/estate_view.html?id=A9831,https://novelestate.com/images/estate/17996/Se-izdava-stan-na-Vodno-povolno.jpeg,rent,Водно,,3,2,Наместен,2,,"Се издава наместен стан во Скопје, Водно со површина од 85 m2.
 Екстра: Греење на струја, Паркинг.
 Цена: 250 EUR",,да
A13410,60 m²,2,250 €,https://www.novelestate.com/estate_view.html?id=A13410,https://novelestate.com/images/estate/24263/e53952bc-1183-4ba1-9ca1-0872263595db.jpg,rent,Кисела Вода,,1,4,Наместен,1,,"Се издава наместен стан во Скопје, Кисела Вода со површина од 60 m2.
 Екстра: Клима, Греење на струја, Лифт.
 Цена: 250 EUR",,
A10729,68 m²,3,220 €,https://www.novelestate.com/estate_view.html?id=A10729,https://novelestate.com/images/estate/19690/SE-IZNAJMUVA-TROSOBEN-STAN-VO-NOVO-LISICE.jpeg,rent,Ново Лисиче,,2,3/4,Наместен,1,,"Се издава наместен стан во Скопје, Ново Лисиче со површина од 68 m2.
 Екстра: Клима, Централно Парно, Лифт.
 Цена: 220 EUR",Yes,
A13113,60 m²,3,200 €,https://www.novelestate.com/estate_view.html?id=A13113,https://novelestate.com/images/estate/23839/4.jpg,rent,Ново Лисиче,,2,3,Празен,1,,"Се издава празен стан во Скопје, Ново Лисиче со површина од 60 m2.
 Екстра: Централно Парно, Лифт, Нова Зграда.
 Цена: 200 EUR",Yes,
A10239,55 m²,3,250 €,https://www.novelestate.com/estate_view.html?id=A10239,https://novelestate.com/images/estate/18881/Izdavam-stan-vo-Kozle-.jpeg,rent,Козле,,2,1,Наместен,1,,"Се издава наместен стан во Скопје, Козле со површина од 55 m2.
 Екстра: Клима, Греење на струја, Нова Зграда, Паркинг.
 Цена: 250 EUR",,
A11590,76 m²,3,250 €,https://www.novelestate.com/estate_view.html?id=A11590,https://novelestate.com/images/estate/21237/Se-izdava-kompletno-namesten-stan (7).jpeg,rent,Аеродром,,2,5,Наместен,2,,"Се издава наместен стан во Скопје, Аеродром со површина од 76 m2.
 Екстра: Централно Парно, Лифт.
 Цена: 250 EUR",Yes,
A11007,33 m²,2,250 €,https://www.novelestate.com/estate_view.html?id=A11007,https://novelestate.com/images/estate/20164/3.jpg,rent,Аеродром,,1,4,Наместен,1,,"Се издава наместен стан во Скопје, Аеродром со површина од 33 m2.
 Екстра: Клима, Централно Парно, Лифт, Нова Зграда, Гаража.
 Цена: 250 EUR",Yes,
A9871,61 m²,3,300 €,https://www.novelestate.com/estate_view.html?id=A9871,https://novelestate.com/images/estate/18063/Se-izdava-nov-stan-vo-Aerodrom.jpeg,rent,Аеродром,,2,5,Наместен,1,,"Се издава наместен стан во Скопје, Аеродром со површина од 61 m2.
 Екстра: Клима, Централно Парно, Лифт, Нова Зграда.
 Цена: 300 EUR",Yes,
A1812,55 m²,2,200 €,https://www.novelestate.com/estate_view.html?id=A1812,https://novelestate.com/images/estate/3749/12fa0585-3609-4fbc-814a-f30e4acd2d1c.jpg,rent,Кисела Вода,,,пр,Наместен,1,,"Се издава наместен стан во Скопје, Кисела Вода со површина од 55 m2.
 Екстра: Греење на струја.
 Цена: 200 EUR",,
A0934,54 m²,2,220 €,https://www.novelestate.com/estate_view.html?id=A0934,https://novelestate.com/images/estate/2330/a0eaf90d-5b12-42c8-a7fb-3ca7274ceaea.jpg,rent,Карпош 3,,,1/4,Наместен,1,,"Се издава наместен стан во Скопје, Карпош 3 со површина од 54 m2.
 Екстра: Централно Парно.
 Цена: 220 EUR",Yes,
A3768,60 m²,2,300 €,https://www.novelestate.com/estate_view.html?id=A3768,https://novelestate.com/images/estate/6983/ImageHandler.jpg,rent,Центар,,1,1,Наместен,1,,"Се издава наместен стан во Скопје, Центар со површина од 60 m2.
 Екстра: Лифт, Реновиран, Централно Парно, Клима.
 Цена: 300 EUR",Yes,
A13133,70 m²,3,500 €,https://www.novelestate.com/estate_view.html?id=A13133,https://novelestate.com/images/estate/23868/117889062_1217281791939028_7095591845697538665_n.jpg,rent,Центар,,2,1,Наместен,1,,"Се издава наместен стан во Скопје, Центар со површина од 70 m2.
 Екстра: Клима, Централно Парно, Лифт, Паркинг.
 Цена: 500 EUR",Yes,
A12243,66 m²,3,250 €,https://www.novelestate.com/estate_view.html?id=A12243,"https://novelestate.com/images/estate/22329/viber image 2019-03-04 , 16.08.17.jpg",rent,Центар - Универзална Сала,,2,3,Празен,1,,"Се издава празен стан во Скопје, Центар - Универзална Сала со површина од 66 m2.
 Екстра: Клима, Централно Парно, Лифт, Нова Зграда, Гаража.
 Цена: 250 EUR",Yes,
A13218,40 m²,2,200 €,https://www.novelestate.com/estate_view.html?id=A13218,https://novelestate.com/images/estate/24000/Se-izdava-stan-vo-Centar (2).jpeg,rent,Центар,,1,приземје,Празен,1,,"Се издава празен стан во Скопје, Центар со површина од 40 m2.
 Екстра:
 Цена: 200 EUR",,
A10382,50 m²,2,400 €,https://www.novelestate.com/estate_view.html?id=A10382,https://novelestate.com/images/estate/19124/10.jpg,rent,Капиштец,,1,1,Наместен,1,,"Се издава наместен стан во Скопје, Капиштец со површина од 50 m2.
 Екстра: Клима, Централно Парно, Лифт, Нова Зграда, Гаража.
 Цена: 400 EUR",Yes,
A7086,220 m²,6,1000 €,https://www.novelestate.com/estate_view.html?id=A7086,https://novelestate.com/images/estate/13026/ImageHandler.jpg,rent,Центар,,4,5 и 6,Празен,3,,"Се издава празен стан во Скопје, Центар со површина од 220 m2.
 Екстра: Лифт, Паркинг, Клима, Централно Парно.
 Цена: 1000 EUR",Yes,
A13181,98 m²,3,550 €,https://www.novelestate.com/estate_view.html?id=A13181,https://novelestate.com/images/estate/23931/IMG-13e71c2a74e28892d22dacb493cff8b1-V.jpg,rent,Капиштец,,2,11/12,Наместен,2,,"Се издава наместен стан во Скопје, Капиштец со површина од 98 m2.
 Екстра: Клима, Централно Парно, Лифт.
 Цена: 550 EUR",Yes,
A12432,137 m²,3,1250 €,https://www.novelestate.com/estate_view.html?id=A12432,https://novelestate.com/images/estate/22670/7.jpg,rent,Водно,,2,3,Наместен,2,,"Се издава наместен стан во Скопје, Водно со површина од 137 m2.
 Екстра: Клима, Сопствено парно, Лифт, Нова Зграда, Паркинг.
 Цена: 1250 EUR",,
A13158,140 m²,4,Please contact,https://www.novelestate.com/estate_view.html?id=A13158,https://novelestate.com/images/estate/23901/9.jpg,rent,Водно,,3,приземје,Наместен,2,,"Се издава наместен стан во Скопје, Водно со површина од 140 m2.
 Екстра: Клима, Сопствено парно, Нова Зграда.
 Цена: 0 EUR",,
A7525,108 m²,4,500 €,https://www.novelestate.com/estate_view.html?id=A7525,https://novelestate.com/images/estate/13712/ImageHandler (4).jpg,rent,Црниче,,3,2,Наместен,2,,"Се издава наместен стан во Скопје, Црниче со површина од 108 m2.
 Екстра: Клима, Сопствено парно, Лифт, Нова Зграда, Паркинг.
 Цена: 500 EUR",,
A13151,62 m²,3,250 €,https://www.novelestate.com/estate_view.html?id=A13151,https://novelestate.com/images/estate/23888/6.jpeg,rent,Ново Лисиче,,2,3,Наместен,1,,"Се издава наместен стан во Скопје, Ново Лисиче со површина од 62 m2.
 Екстра: Клима, Централно Парно, Лифт.
 Цена: 250 EUR",Yes,
A2775,64 m²,3,300 €,https://www.novelestate.com/estate_view.html?id=A2775,https://novelestate.com/images/estate/5416/ImageHandler (3).jpg,rent,Мичурин,,,4,Наместен,1,,"Се издава наместен стан во Скопје, Мичурин со површина од 64 m2.
 Екстра: Лифт, Централно Парно.
 Цена: 300 EUR",Yes,
A11027,72 m²,4,300 €,https://www.novelestate.com/estate_view.html?id=A11027,https://novelestate.com/images/estate/20191/20171110_213948_resized.jpg,rent,Водно,ул. Востаничка,3,високо приземје,Наместен,1,,"Се издава наместен стан во Скопје, Водно со површина од 72 m2.
 Екстра:.
 Цена: 300 EUR",,
A3424,72 m²,3,290 €,https://www.novelestate.com/estate_view.html?id=A3424,https://novelestate.com/images/estate/6349/5.jpg,rent,Острово,,,3,Наместен,1,,"Се издава наместен стан во Скопје, Острово со површина од 72 m2.
 Екстра: Лифт, Централно Парно.
 Цена: 290 EUR",Yes,
A13096,53 m²,2,250 €,https://www.novelestate.com/estate_view.html?id=A13096,https://novelestate.com/images/estate/23815/557bb60b-62aa-4306-be48-a04f9381ae66.jpg,rent,Аеродром,,1,3,Наместен,1,,"Се издава наместен стан во Скопје, Аеродром со површина од 53 m2.
 Екстра: Реновиран.
 Цена: 250 EUR",,
A5394,105 m²,4,350 €,https://www.novelestate.com/estate_view.html?id=A5394,https://novelestate.com/images/estate/9844/1.jpg,rent,Водно,,3,3,Празен,2,,"Се издава празен стан во Скопје, Водно со површина од 105 m2.
 Екстра: Сопствено парно.
 Цена: 350 EUR",,
A10795,55 m²,2,200 €,https://www.novelestate.com/estate_view.html?id=A10795,https://novelestate.com/images/estate/19805/Izdavam-stan-vo-Aerodrom-pozadi-Capitol-Mall (4).jpeg,rent,Аеродром,,1,4,Наместен,1,,"Се издава наместен стан во Скопје, Аеродром со површина од 55 m2.
 Екстра: Централно Парно, Лифт.
 Цена: 200 EUR",Yes,
A12462,156 m²,4,1500 €,https://www.novelestate.com/estate_view.html?id=A12462,https://novelestate.com/images/estate/22721/IMG-20190416-WA0003.jpg,rent,Водно,ул. Тодор Александров,3,2,Наместен,3,,"Се издава наместен стан во Скопје, Водно со површина од 156 m2.
 Екстра: Клима, Сопствено парно, Лифт, Нова Зграда, Гаража.
 Цена: 1500 EUR",,
A3614,55 m²,2,300 €,https://www.novelestate.com/estate_view.html?id=A3614,https://novelestate.com/images/estate/6706/1324120264630.jpg,rent,Дебар Маало,,1,3,Наместен,1,,"Се издава наместен стан во Скопје, Дебар Маало со површина од 55 m2.
 Екстра: Лифт, Централно Парно.
 Цена: 300 EUR",Yes,
A13021,45 m²,2,300 €,https://www.novelestate.com/estate_view.html?id=A13021,https://novelestate.com/images/estate/23718/5.jpg,rent,Дебар Маало,,1,1,Празен,1,2019,"Се издава празен стан во Скопје, Дебар Маало со површина од 45 m2.
 Екстра: Лифт, Нова Зграда, Кујнски елементи, Греење на струја.
 Цена: 300 EUR",,
A4874,72 m²,3,250 €,https://www.novelestate.com/estate_view.html?id=A4874,https://novelestate.com/images/estate/8839/stan 6.JPG,rent,Карпош 4,,2,1/9,Наместен,1,,"Се издава наместен стан во Скопје, Карпош 4 со површина од 72 m2.
 Екстра: Лифт, Централно Парно.
 Цена: 250 EUR",Yes,
A12998,85 m²,3,Please contact,https://www.novelestate.com/estate_view.html?id=A12998,https://novelestate.com/images/estate/23684/SE-IZDAVA-STAN-VO-T-C-SKOPJANKA (3).jpeg,rent,Аеродром,,2,6,Наместен,2,,"Се издава наместен стан во Скопје, Аеродром со површина од 85 m2.
 Екстра: Студенти, Клима, Централно Парно, Лифт.
 Цена: 0 EUR",Yes,
A12174,60 m²,2,320 €,https://www.novelestate.com/estate_view.html?id=A12174,https://novelestate.com/images/estate/22232/3de12f4a-9184-4663-8b54-c4ae8aed5d8b.jpg,rent,Капиштец,ул.Народен Фронт,1,2,Празен,1,,"Се издава празен стан во Скопје, Капиштец со површина од 60 m2.
 Екстра: Централно Парно, Лифт.
 Цена: 320 EUR",Yes,
A5464,64 m²,3,230 €,https://www.novelestate.com/estate_view.html?id=A5464,https://novelestate.com/images/estate/9975/1.jpg,rent,Кисела Вода,,2,4,Наместен,1,,"Се издава наместен стан во Скопје, Кисела Вода со површина од 64 m2.
 Екстра: Лифт, Централно Парно.
 Цена: 230 EUR",Yes,
A11036,90 m²,3,1000 €,https://www.novelestate.com/estate_view.html?id=A11036,https://novelestate.com/images/estate/20219/LUKSUZEN-TROSOBEN-STAN-SO-SOPSTVEN-DVOR.jpeg,rent,Кисела Вода,ул.Киро Крстевски,2,приземје,Наместен,2,,"Се издава наместен стан во Скопје, Кисела Вода со површина од 90 m2.
 Екстра: Сопствено парно, Нова Зграда, Гаража, Клима.
 Цена: 1000 EUR",,40м2
A5544,50 m²,2,230 €,https://www.novelestate.com/estate_view.html?id=A5544,https://novelestate.com/images/estate/10199/2.jpg,rent,Кисела Вода,,1,приземје,Наместен,1,,"Се издава наместен стан во Скопје, Кисела Вода со површина од 50 m2.
 Екстра: Лифт, Централно Парно.
 Цена: 230 EUR",Yes,
A6188,76 m²,3,260 €,https://www.novelestate.com/estate_view.html?id=A6188,https://novelestate.com/images/estate/11116/ImageHandler (6).jpg,rent,Аеродром,,2,8,Наместен,1,,"Се издава наместен стан во Скопје, Аеродром со површина од 76 m2.
 Екстра: Централно Парно, Лифт.
 Цена: 260 EUR",Yes,
A12974,85 m²,3,350 €,https://www.novelestate.com/estate_view.html?id=A12974,https://novelestate.com/images/estate/23632/3.jpg,rent,Центар,,2,10,Наместен,1,,"Се издава наместен стан во Скопје, Центар со површина од 85 m2.
 Екстра: Клима, Централно Парно, Лифт.
 Цена: 350 EUR",Yes,
A12958,50 m²,2,200 €,https://www.novelestate.com/estate_view.html?id=A12958,https://novelestate.com/images/estate/23612/H.jpeg,rent,Аеродром,,1,5,Наместен,1,,"Се издава наместен стан во Скопје, Аеродром со површина од 50 m2.
 Екстра: Клима, Централно Парно, Лифт.
 Цена: 200 EUR",Yes,
A12908,84 m²,3,350 €,https://www.novelestate.com/estate_view.html?id=A12908,https://novelestate.com/images/estate/23542/Modern-stylish-apartment.jpeg,rent,Црниче,,2,2,Наместен,1,,"Се издава наместен стан во Скопје, Црниче со површина од 84 m2.
 Екстра: Клима, Сопствено парно, Нова Зграда.
 Цена: 350 EUR",,
A10881,50 m²,3,220 €,https://www.novelestate.com/estate_view.html?id=A10881,https://novelestate.com/images/estate/19942/Stan-za-studenti-i-mladi-bracni-parovi (3).jpeg,rent,Кисела Вода,,2,2,Наместен,1,,"Се издава наместен стан во Скопје, Кисела Вода со површина од 50 m2.
 Екстра:.
 Цена: 220 EUR",,
A6333,49 m²,2,Please contact,https://www.novelestate.com/estate_view.html?id=A6333,https://novelestate.com/images/estate/11381/Se-izdava-.jpeg,rent,Ново Лисиче,,1,3,Наместен,1,,"Се издава наместен стан во Скопје, Ново Лисиче со површина од 49 m2.
 Екстра: Клима, Греење на струја, Лифт, Нова Зграда, Паркинг.
 Цена: 0 EUR",,
A5794,52 m²,2,250 €,https://www.novelestate.com/estate_view.html?id=A5794,https://novelestate.com/images/estate/10581/Se-iznajmuva-stan-posle-20-08-2017 (1).jpeg,rent,Острово,,1,8,Наместен,1,,"Се издава наместен стан во Скопје, Острово со површина од 52 m2.
 Екстра: Клима, Централно Парно, Лифт.
 Цена: 250 EUR",Yes,
A2951,60 m²,3,250 €,https://www.novelestate.com/estate_view.html?id=A2951,https://novelestate.com/images/estate/5640/Se-izdava-stan-vo-Aerodrom-namesten-so-dve-spalni.jpeg,rent,Аеродром,,2,високо приземје,Наместен,1,,"Се издава наместен стан во Скопје, Аеродром со површина од 60 m2.
 Екстра: Лифт, Централно Парно.
 Цена: 250 EUR",Yes,
A12897,75 m²,3,350 €,https://www.novelestate.com/estate_view.html?id=A12897,https://novelestate.com/images/estate/23524/Namesten-stan-so-dve-spalni-vo-Centar-Debar-Maalo.jpeg,rent,Дебар Маало,,2,,Наместен,1,,"Се издава наместен стан во Скопје, Дебар Маало со површина од 75 m2.
 Екстра: Клима.
 Цена: 350 EUR",,
A9635,64 m²,2,250 €,https://www.novelestate.com/estate_view.html?id=A9635,https://novelestate.com/images/estate/17636/Se-izdava-stan-kaj-Bugarska-ambasada-vo-CENTAR-.jpeg,rent,Центар,,1,високо приземје,Наместен,1,,"Се издава наместен стан во Скопје, Центар со површина од 64 m2.
 Екстра: Клима, Централно Парно, Лифт, Паркинг.
 Цена: 250 EUR",Yes,
A5746,33 m²,1,190 €,https://www.novelestate.com/estate_view.html?id=A5746,https://novelestate.com/images/estate/10517/Se-izdava-ednosoben-stan-vo-Karpos-3 (1).jpeg,rent,Карпош 2,,,4,Наместен,,,"Се издава наместен стан во Скопје, Карпош 2 со површина од 33 m2.
 Екстра:.
 Цена: 190 EUR",,
A9644,52 m²,2,240 €,https://www.novelestate.com/estate_view.html?id=A9644,https://novelestate.com/images/estate/17665/Stan-vo-blizina-na-Transporten-centar (2).jpeg,rent,Аеродром - Нова Железничка,,1,4,Наместен,1,,"Се издава наместен стан во Скопје, Аеродром - Нова Железничка со површина од 52 m2.
 Екстра:.
 Цена: 240 EUR",,
A12871,50 m²,2,300 €,https://www.novelestate.com/estate_view.html?id=A12871,https://novelestate.com/images/estate/23484/9af30300-8b1a-47e6-ae15-00efab92d5dd.jpg,rent,Хром,,1,1,Наместен,1,,"Се издава наместен стан во Скопје, Хром со површина од 50 m2.
 Екстра: Клима, Греење на струја, Нова Зграда, Паркинг.
 Цена: 300 EUR",,
A10603,100 m²,4,800 €,https://www.novelestate.com/estate_view.html?id=A10603,https://novelestate.com/images/estate/19497/Stan-so-pogled-na-Skopje (2).jpeg,rent,Црниче,ул.Востаничка,3,3,Наместен,2,,"Се издава наместен стан во Скопје, Црниче со површина од 100 m2.
 Екстра: Клима, Сопствено парно, Лифт, Гаража.
 Цена: 800 EUR",,
A11610,63 m²,3,250 €,https://www.novelestate.com/estate_view.html?id=A11610,https://novelestate.com/images/estate/21281/Kompletno-namesten-stan-na-rampa (3).jpeg,rent,Кисела Вода,,2,3,Наместен,1,,"Се издава наместен стан во Скопје, Кисела Вода со површина од 63 m2.
 Екстра: Клима, Централно Парно, Лифт, Нова Зграда.
 Цена: 250 EUR",Yes,
A10112,44 m²,2,200 €,https://www.novelestate.com/estate_view.html?id=A10112,https://novelestate.com/images/estate/18637/c19d3dc7-8b0a-45c5-bb1c-e95fae9f36e8.jpg,rent,Ново Лисиче,,1,4,Наместен,1,,"Се издава наместен стан во Скопје, Ново Лисиче со површина од 44 m2.
 Екстра: Греење на струја.
 Цена: 200 EUR",,
A12291,43 m²,2,240 €,https://www.novelestate.com/estate_view.html?id=A12291,https://novelestate.com/images/estate/22421/-43m2-vo-Star-Aerodrom-Tobako-2- (1).jpeg,rent,Аеродром,,1,10,Наместен,1,,"Се издава наместен стан во Скопје, Аеродром со површина од 43 m2.
 Екстра: Клима, Централно Парно, Лифт, Нова Зграда.
 Цена: 240 EUR",Yes,
A12173,70 m²,4,300 €,https://www.novelestate.com/estate_view.html?id=A12173,https://novelestate.com/images/estate/22231/00238fee-a42e-40bc-82d8-355f680fdad3.jpg,rent,Центар,,3,1,Наместен,,,"Се издава наместен стан во Скопје, Центар со површина од 70 m2.
 Екстра:.
 Цена: 300 EUR",,
A9956,58 m²,2,250 €,https://www.novelestate.com/estate_view.html?id=A9956,https://novelestate.com/images/estate/18249/2aa2ec96-ac58-40cc-9add-6d47046999a8.jpg,rent,Центар - Универзална Сала,,1,1,Празен,1,,"Се издава празен стан во Скопје, Центар - Универзална Сала со површина од 58 m2.
 Екстра: Централно Парно.
 Цена: 250 EUR",Yes,
A9059,73 m²,3,250 €,https://www.novelestate.com/estate_view.html?id=A9059,https://novelestate.com/images/estate/16682/ImageHandler (9).jpg,rent,Аеродром,,2,1/4,Наместен,,,"Се издава наместен стан во Скопје, Аеродром со површина од 73 m2.
 Екстра: Клима, Централно Парно.
 Цена: 250 EUR",Yes,
A11521,75 m²,3,350 €,https://www.novelestate.com/estate_view.html?id=A11521,https://novelestate.com/images/estate/21119/0cac1e8e-94b1-4ad0-a16f-b9b990b2cd06.jpg,rent,Центар,,2,1,Наместен,1,,"Се издава наместен стан во Скопје, Центар со површина од 75 m2.
 Екстра: Клима, Сопствено парно, Реновиран.
 Цена: 350 EUR",,
A6481,56 m²,2,240 €,https://www.novelestate.com/estate_view.html?id=A6481,https://novelestate.com/images/estate/11851/Se-izdava-stan-vo-blizina-na-Katolicka-Crkva (1).jpeg,rent,Центар,,1,4,Празен,1,,"Се издава празен стан во Скопје, Центар со површина од 56 m2.
 Екстра: Централно Парно, Кујнски елементи, Лифт.
 Цена: 240 EUR",Yes,
A14907,65 m²,2,325 €,https://www.novelestate.com/estate_view.html?id=A14907,./img/no_photo.png,rent,Карпош 4,ул.Волгоградска,1,2/4,Наместен,1,,"Се издава наместен стан во Скопје, Карпош 4 со површина од 65 m2.
 Екстра: Клима, Реновиран.
 Цена: 325 EUR",,
A7940,115 m²,4,350 €,https://www.novelestate.com/estate_view.html?id=A7940,./img/no_photo.png,rent,Карпош 4,,3,2/4,Празен,2,,"Се издава празен стан во Скопје, Карпош 4 со површина од 115 m2.
 Екстра: Централно Парно, Кујнски елементи, Клима, Лифт.
 Цена: 350 EUR",Yes,
A15387,95 m²,1,1200 €,https://www.novelestate.com/estate_view.html?id=A15387,./img/no_photo.png,rent,Центар,,,приземје,Празен,1,,"Се издава празен стан во Скопје, Центар со површина од 95 m2.
 Екстра: Греење на струја, Употребна дозвола, Излог.
 Цена: 1200 EUR",,
A7813,73 m²,3,250 €,https://www.novelestate.com/estate_view.html?id=A7813,./img/no_photo.png,rent,Карпош 4,,2,2/4,Празен,1,,"Се издава празен стан во Скопје, Карпош 4 со површина од 73 m2.
 Екстра: Кујнски елементи, Централно Парно.
 Цена: 250 EUR",Yes,
A15363,67 m²,3,Please contact,https://www.novelestate.com/estate_view.html?id=A15363,./img/no_photo.png,rent,Центар,,2,3/6,Наместен,1,,"Се издава наместен стан во Скопје, Центар со површина од 67 m2.
 Екстра: Централно Парно, Лифт, Нова Зграда.
 Цена: 0 EUR",Yes,
A15352,31 m²,2,260 €,https://www.novelestate.com/estate_view.html?id=A15352,./img/no_photo.png,rent,Аеродром,кај Поликлиника Јане Сандански,1,10,Наместен,1,,"Се издава наместен стан во Скопје, Аеродром со површина од 31 m2.
 Екстра: Клима, Лифт, Нова Зграда.
 Цена: 260 EUR",,
A15326,97 m²,4,920 €,https://www.novelestate.com/estate_view.html?id=A15326,./img/no_photo.png,rent,Центар,,3,3,Наместен,5,,"Се издава наместен стан во Скопје, Центар со површина од 97 m2.
 Екстра: Клима, Централно Парно, Лифт, Нова Зграда.
 Цена: 920 EUR",Yes,
A15309,75 m²,3,700 €,https://www.novelestate.com/estate_view.html?id=A15309,./img/no_photo.png,rent,Центар,,2,1,Наместен,1,,"Се издава наместен стан во Скопје, Центар со површина од 75 m2.
 Екстра: Клима, Централно Парно, Лифт.
 Цена: 700 EUR",Yes,
A15308,54 m²,2,400 €,https://www.novelestate.com/estate_view.html?id=A15308,./img/no_photo.png,rent,Карпош 4,,1,1,Наместен,1,,"Се издава наместен стан во Скопје, Карпош 4 со површина од 54 m2.
 Екстра: Клима, Централно Парно, Лифт, Нова Зграда, Паркинг.
 Цена: 400 EUR",Yes,
A15265,43 m²,2,300 €,https://www.novelestate.com/estate_view.html?id=A15265,./img/no_photo.png,rent,Центар,,1,2,Наместен,1,,"Се издава наместен стан во Скопје, Центар со површина од 43 m2.
 Екстра: Клима, Лифт, Нова Зграда.
 Цена: 300 EUR",,
A15264,62 m²,3,350 €,https://www.novelestate.com/estate_view.html?id=A15264,./img/no_photo.png,rent,Ново Лисиче,ул.Гаврил Константиновиќ,2,1,Празен,1,,"Се издава празен стан во Скопје, Ново Лисиче со површина од 62 m2.
 Екстра: Сопствено парно.
 Цена: 350 EUR",,
A15262,65 m²,3,500 €,https://www.novelestate.com/estate_view.html?id=A15262,./img/no_photo.png,rent,Центар,ГТЦ,2,6,Наместен,1,,"Се издава наместен стан во Скопје, Центар со површина од 65 m2.
 Екстра: Клима, Централно Парно, Лифт, Реновиран, Паркинг.
 Цена: 500 EUR",Yes,
A15237,80 m²,3,350 €,https://www.novelestate.com/estate_view.html?id=A15237,./img/no_photo.png,rent,Ново Лисиче,,2,5,Наместен,2,,"Се издава наместен стан во Скопје, Ново Лисиче со површина од 80 m2.
 Екстра: Клима, Централно Парно, Лифт.
 Цена: 350 EUR",Yes,
A6930,50 m²,2,180 €,https://www.novelestate.com/estate_view.html?id=A6930,./img/no_photo.png,rent,Кисела Вода,,1,4/5,Празен,1,,"Се издава празен стан во Скопје, Кисела Вода со површина од 50 m2.
 Екстра: Лифт, Нова Зграда, Кујнски елементи, Клима, Централно Парно.
 Цена: 180 EUR",Yes,
A15098,62 m²,3,Please contact,https://www.novelestate.com/estate_view.html?id=A15098,./img/no_photo.png,rent,Автокоманда,,2,1,Празен,1,2022,"Се издава празен стан во Скопје, Автокоманда со површина од 62 m2.
 Екстра: Централно Парно, Лифт, Нова Зграда.
 Цена: 0 EUR",Yes,
A15085,93 m²,5,500 €,https://www.novelestate.com/estate_view.html?id=A15085,./img/no_photo.png,rent,Аеродром - Нова Железничка,ул.В.Комаров,4,5,Наместен,2,,"Се издава наместен стан во Скопје, Аеродром - Нова Железничка со површина од 93 m2.
 Екстра: Сопствено парно, Лифт.
 Цена: 500 EUR",,
A15075,87 m²,3,700 €,https://www.novelestate.com/estate_view.html?id=A15075,./img/no_photo.png,rent,Центар,,2,14,Празен,2,,"Се издава празен стан во Скопје, Центар со површина од 87 m2.
 Екстра: Клима, Централно Парно, Лифт, Нова Зграда.
 Цена: 700 EUR",Yes,
A15065,43 m²,2,350 €,https://www.novelestate.com/estate_view.html?id=A15065,./img/no_photo.png,rent,Аеродром - Нова Железничка,,1,приземје,Наместен,1,,"Се издава наместен стан во Скопје, Аеродром - Нова Железничка со површина од 43 m2.
 Екстра: Централно Парно, Лифт, Нова Зграда.
 Цена: 350 EUR",Yes,
A15035,62 m²,3,400 €,https://www.novelestate.com/estate_view.html?id=A15035,./img/no_photo.png,rent,Аеродром,,2,2,Наместен,2,,"Се издава наместен стан во Скопје, Аеродром со површина од 62 m2.
 Екстра: Клима, Централно Парно, Лифт, Нова Зграда, Гаража.
 Цена: 400 EUR",Yes,
A15015,80 m²,4,400 €,https://www.novelestate.com/estate_view.html?id=A15015,./img/no_photo.png,rent,Центар,,3,7/7,Наместен,1,,"Се издава наместен стан во Скопје, Центар со површина од 80 m2.
 Екстра: Клима, Лифт.
 Цена: 400 EUR",,
A15010,55 m²,2,500 €,https://www.novelestate.com/estate_view.html?id=A15010,./img/no_photo.png,rent,Центар,,1,1/4,Наместен,1,,"Се издава наместен стан во Скопје, Центар со површина од 55 m2.
 Екстра: Клима, Централно Парно.
 Цена: 500 EUR",Yes,
A15007,47 m²,2,340 €,https://www.novelestate.com/estate_view.html?id=A15007,./img/no_photo.png,rent,Аеродром,CORNER RESIDENCE,1,2,Наместен,1,2022,"Се издава наместен стан во Скопје, Аеродром со површина од 47 m2.
 Екстра: Клима, Лифт, Нова Зграда, Гаража.
 Цена: 340 EUR",,
A14976,55 m²,2,500 €,https://www.novelestate.com/estate_view.html?id=A14976,./img/no_photo.png,rent,Центар,,1,2,Наместен,1,2010,"Се издава наместен стан во Скопје, Центар со површина од 55 m2.
 Екстра: Клима, Централно Парно, Лифт, Нова Зграда.
 Цена: 500 EUR",Yes,
A14894,90 m²,3,300 €,https://www.novelestate.com/estate_view.html?id=A14894,./img/no_photo.png,rent,Аеродром,,2,4,Наместен,2,,"Се издава наместен стан во Скопје, Аеродром со површина од 90 m2.
 Екстра: Централно Парно, Лифт.
 Цена: 300 EUR",Yes,
A14893,57 m²,3,350 €,https://www.novelestate.com/estate_view.html?id=A14893,./img/no_photo.png,rent,Кисела Вода,,2,2,Наместен,1,,"Се издава наместен стан во Скопје, Кисела Вода со површина од 57 m2.
 Екстра: Централно Парно, Лифт, Паркинг.
 Цена: 350 EUR",Yes,
A14891,70 m²,3,300 €,https://www.novelestate.com/estate_view.html?id=A14891,./img/no_photo.png,rent,Аеродром,,2,5,Празен,1,,"Се издава празен стан во Скопје, Аеродром со површина од 70 m2.
 Екстра: Клима, Лифт, Нова Зграда, Паркинг.
 Цена: 300 EUR",,
A14831,68 m²,3,200 €,https://www.novelestate.com/estate_view.html?id=A14831,./img/no_photo.png,rent,Припор,,2,2,Празен,1,,"Се издава празен стан во Скопје, Припор со површина од 68 m2.
 Екстра: Клима, Сопствено парно, Лифт, Нова Зграда, Паркинг.
 Цена: 200 EUR",,
A14822,50 m²,2,350 €,https://www.novelestate.com/estate_view.html?id=A14822,./img/no_photo.png,rent,Аеродром,ул.Коста Новаковиќ,1,2,Наместен,1,,"Се издава наместен стан во Скопје, Аеродром со површина од 50 m2.
 Екстра: Централно Парно, Лифт.
 Цена: 350 EUR",Yes,
A14815,46 m²,2,450 €,https://www.novelestate.com/estate_view.html?id=A14815,./img/no_photo.png,rent,Карпош 1,,1,приземје,Наместен,1,,"Се издава наместен стан во Скопје, Карпош 1 со површина од 46 m2.
 Екстра:.
 Цена: 450 EUR",,да
A0200,55 m²,2,300 €,https://www.novelestate.com/estate_view.html?id=A0200,./img/no_photo.png,rent,Тафталиџе 1,,1,4/7,Наместен,1,,"Се издава наместен стан во Скопје, Тафталиџе 1 со површина од 55 m2.
 Екстра: Клима, Централно Парно, Интернет, Лифт.
 Цена: 300 EUR",Yes,
A14453,50 m²,2,Please contact,https://www.novelestate.com/estate_view.html?id=A14453,./img/no_photo.png,rent,Водно,,1,3,Наместен,1,,"Се издава наместен стан во Скопје, Водно со површина од 50 m2.
 Екстра: Клима, Сопствено парно, Лифт, Нова Зграда.
 Цена: 0 EUR",,
A14768,63 m²,3,400 €,https://www.novelestate.com/estate_view.html?id=A14768,./img/no_photo.png,rent,Аеродром,,2,33,Наместен,1,,"Се издава наместен стан во Скопје, Аеродром со површина од 63 m2.
 Екстра: Клима, Централно Парно, Лифт, Нова Зграда.
 Цена: 400 EUR",Yes,
A14702,49 m²,2,450 €,https://www.novelestate.com/estate_view.html?id=A14702,./img/no_photo.png,rent,Автокоманда,East Gate Living,1,3,Празен,1,2023,"Се издава празен стан во Скопје, Автокоманда со површина од 49 m2.
 Екстра: Лифт, Нова Зграда.
 Цена: 450 EUR",,
A5805,58 m²,2,300 €,https://www.novelestate.com/estate_view.html?id=A5805,./img/no_photo.png,rent,Центар,,1,6,Празен,1,,"Се издава празен стан во Скопје, Центар со површина од 58 m2.
 Екстра: Централно Парно, Лифт, Кујнски елементи.
 Цена: 300 EUR",Yes,
A7478,53 m²,2,300 €,https://www.novelestate.com/estate_view.html?id=A7478,./img/no_photo.png,rent,Тафталиџе 2,,1,4,Наместен,1,,"Се издава наместен стан во Скопје, Тафталиџе 2 со површина од 53 m2.
 Екстра: Клима, Централно Парно, Лифт, Паркинг.
 Цена: 300 EUR",Yes,
A13645,52 m²,2,160 €,https://www.novelestate.com/estate_view.html?id=A13645,./img/no_photo.png,rent,Аеродром,,1,3,Празен,1,,"Се издава празен стан во Скопје, Аеродром со површина од 52 m2.
 Екстра: Клима, Греење на струја, Лифт, Нова Зграда.
 Цена: 160 EUR",,
A10912,81 m²,3,200 €,https://www.novelestate.com/estate_view.html?id=A10912,./img/no_photo.png,rent,Аеродром,,2,2,Празен,1,,"Се издава празен стан во Скопје, Аеродром со површина од 81 m2.
 Екстра: Централно Парно.
 Цена: 200 EUR",Yes,
A7929,55 m²,1,200 €,https://www.novelestate.com/estate_view.html?id=A7929,./img/no_photo.png,rent,Водно,,,приземје,Наместен,1,,"Се издава наместен стан во Скопје, Водно со површина од 55 m2.
 Екстра: Греење на струја, Реновиран.
 Цена: 200 EUR",,
A14233,100 m²,3,550 €,https://www.novelestate.com/estate_view.html?id=A14233,./img/no_photo.png,rent,Пржино,,2,1,Наместен,1,,"Се издава наместен стан во Скопје, Пржино со површина од 100 m2.
 Екстра: Клима, Сопствено парно, Паркинг.
 Цена: 550 EUR",,
A14167,260 m²,6,2000 €,https://www.novelestate.com/estate_view.html?id=A14167,./img/no_photo.png,rent,Центар - Универзална Сала,,5,2,Празен,3,,"Се издава празен стан во Скопје, Центар - Универзална Сала со површина од 260 m2.
 Екстра: Клима, Сопствено парно, Кујнски елементи, Кујнски апарати.
 Цена: 2000 EUR",,+
A14139,80 m²,3,280 €,https://www.novelestate.com/estate_view.html?id=A14139,./img/no_photo.png,rent,Аеродром,,2,9,Наместен,2,,"Се издава наместен стан во Скопје, Аеродром со површина од 80 m2.
 Екстра: Клима, Централно Парно, Лифт.
 Цена: 280 EUR",Yes,
A14037,39 m²,2,170 €,https://www.novelestate.com/estate_view.html?id=A14037,./img/no_photo.png,rent,Аеродром,,1,3/8,Празен,1,,"Се издава празен стан во Скопје, Аеродром со површина од 39 m2.
 Екстра: Централно Парно, Лифт, Нова Зграда.
 Цена: 170 EUR",Yes,
A13273,70 m²,3,250 €,https://www.novelestate.com/estate_view.html?id=A13273,./img/no_photo.png,rent,Центар,,2,3,Наместен,1,,"Се издава наместен стан во Скопје, Центар со површина од 70 m2.
 Екстра: Клима, Централно Парно, Лифт.
 Цена: 250 EUR",Yes,
A13988,51 m²,2,Please contact,https://www.novelestate.com/estate_view.html?id=A13988,./img/no_photo.png,rent,Центар,,1,3,Наместен,1,,"Се издава наместен стан во Скопје, Центар со површина од 51 m2.
 Екстра: Клима, Централно Парно, Лифт, Нова Зграда.
 Цена: 0 EUR",Yes,
A13962,68 m²,3,400 €,https://www.novelestate.com/estate_view.html?id=A13962,./img/no_photo.png,rent,Центар,,2,1,Празен,1,,"Се издава празен стан во Скопје, Центар со површина од 68 m2.
 Екстра: Греење на струја, Лифт.
 Цена: 400 EUR",,
A13916,65 m²,2,600 €,https://www.novelestate.com/estate_view.html?id=A13916,./img/no_photo.png,rent,Водно,,1,2,Наместен,1,,"Се издава наместен стан во Скопје, Водно со површина од 65 m2.
 Екстра: Клима, Сопствено парно, Лифт, Нова Зграда, Паркинг.
 Цена: 600 EUR",,
A12485,79 m²,3,230 €,https://www.novelestate.com/estate_view.html?id=A12485,./img/no_photo.png,rent,Аеродром,,2,2,Празен,1,,"Се издава празен стан во Скопје, Аеродром со површина од 79 m2.
 Екстра: Клима, Централно Парно, Лифт.
 Цена: 230 EUR",Yes,
A11877,58 m²,3,270 €,https://www.novelestate.com/estate_view.html?id=A11877,./img/no_photo.png,rent,Карпош 2,,2,2,Празен,1,,"Се издава празен стан во Скопје, Карпош 2 со површина од 58 m2.
 Екстра: Греење на струја, Реновиран.
 Цена: 270 EUR",,
A13846,111 m²,4,700 €,https://www.novelestate.com/estate_view.html?id=A13846,./img/no_photo.png,rent,Центар,,3,3/3,Наместен,2,,"Се издава наместен стан во Скопје, Центар со површина од 111 m2.
 Екстра: Клима, Централно Парно.
 Цена: 700 EUR",Yes,
A13844,100 m²,3,500 €,https://www.novelestate.com/estate_view.html?id=A13844,./img/no_photo.png,rent,Центар,,2,1/3,Наместен,2,,"Се издава наместен стан во Скопје, Центар со површина од 100 m2.
 Екстра: Клима, Сопствено парно.
 Цена: 500 EUR",,
A13828,60 m²,3,Please contact,https://www.novelestate.com/estate_view.html?id=A13828,./img/no_photo.png,rent,Кисела Вода,,2,1,Наместен,1,,"Се издава наместен стан во Скопје, Кисела Вода со површина од 60 m2.
 Екстра: Клима, Греење на струја, Лифт, Нова Зграда.
 Цена: 0 EUR",,
A13827,60 m²,2,Please contact,https://www.novelestate.com/estate_view.html?id=A13827,./img/no_photo.png,rent,Кисела Вода,,1,1,Наместен,1,,"Се издава наместен стан во Скопје, Кисела Вода со површина од 60 m2.
 Екстра: Клима, Греење на струја, Лифт, Нова Зграда.
 Цена: 0 EUR",,
A13826,56 m²,3,Please contact,https://www.novelestate.com/estate_view.html?id=A13826,./img/no_photo.png,rent,Кисела Вода,,2,1,Наместен,1,,"Се издава наместен стан во Скопје, Кисела Вода со површина од 56 m2.
 Екстра: Клима, Греење на струја, Лифт, Нова Зграда.
 Цена: 0 EUR",,
A13811,50 m²,2,230 €,https://www.novelestate.com/estate_view.html?id=A13811,./img/no_photo.png,rent,Центар,,1,5/5,Празен,1,,"Се издава празен стан во Скопје, Центар со површина од 50 m2.
 Екстра: Клима.
 Цена: 230 EUR",,
A13802,50 m²,2,Please contact,https://www.novelestate.com/estate_view.html?id=A13802,./img/no_photo.png,rent,Центар,ул.Македонија,1,1,Празен,1,,"Се издава празен стан во Скопје, Центар со површина од 50 m2.
 Екстра:
 Цена: 0 EUR",,
A13771,54 m²,2,Please contact,https://www.novelestate.com/estate_view.html?id=A13771,./img/no_photo.png,rent,Центар,,1,5/7,Наместен,1,,"Се издава наместен стан во Скопје, Центар со површина од 54 m2.
 Екстра:.
 Цена: 0 EUR",,
A13744,77 m²,3,250 €,https://www.novelestate.com/estate_view.html?id=A13744,./img/no_photo.png,rent,Козле,,2,приземје,Празен,,,"Се издава празен стан во Скопје, Козле со површина од 77 m2.
 Екстра: Сопствено парно, Лифт, Гаража.
 Цена: 250 EUR",,
A13719,55 m²,2,200 €,https://www.novelestate.com/estate_view.html?id=A13719,./img/no_photo.png,rent,Центар - Универзална Сала,,1,2,Наместен,1,,"Се издава наместен стан во Скопје, Центар - Универзална Сала со површина од 55 m2.
 Екстра: Клима, Централно Парно, Реновиран.
 Цена: 200 EUR",Yes,
A4587,75 m²,3,250 €,https://www.novelestate.com/estate_view.html?id=A4587,./img/no_photo.png,rent,Центар,,,1,Наместен,1,,"Се издава наместен стан во Скопје, Центар со површина од 75 m2.
 Екстра: Лифт, Централно Парно.
 Цена: 250 EUR",Yes,
A13704,58 m²,2,150 €,https://www.novelestate.com/estate_view.html?id=A13704,./img/no_photo.png,rent,Центар,,,приземје,Празен,1,,"Се издава празен стан во Скопје, Центар со површина од 58 m2.
 Екстра: Клима, Паркинг.
 Цена: 150 EUR",,
A13673,40 m²,2,220 €,https://www.novelestate.com/estate_view.html?id=A13673,./img/no_photo.png,rent,Центар,,1,2,Наместен,,,"Се издава наместен стан во Скопје, Центар со површина од 40 m2.
 Екстра: Клима, Централно Парно, Паркинг.
 Цена: 220 EUR",Yes,
A13651,66 m²,3,240 €,https://www.novelestate.com/estate_view.html?id=A13651,./img/no_photo.png,rent,Карпош 1,,2,5,Наместен,1,,"Се издава наместен стан во Скопје, Карпош 1 со површина од 66 m2.
 Екстра: Клима, Греење на струја, Лифт.
 Цена: 240 EUR",,
A13643,28 m²,1,200 €,https://www.novelestate.com/estate_view.html?id=A13643,./img/no_photo.png,rent,Центар,,,1,Наместен,1,,"Се издава наместен стан во Скопје, Центар со површина од 28 m2.
 Екстра: Клима, Греење на струја.
 Цена: 200 EUR",,
A13616,40 m²,2,200 €,https://www.novelestate.com/estate_view.html?id=A13616,./img/no_photo.png,rent,Кисела Вода,,1,4,Наместен,1,,"Се издава наместен стан во Скопје, Кисела Вода со површина од 40 m2.
 Екстра: Централно Парно, Лифт, Нова Зграда.
 Цена: 200 EUR",Yes,
A13608,56 m²,2,250 €,https://www.novelestate.com/estate_view.html?id=A13608,./img/no_photo.png,rent,Ново Лисиче,,1,3,Празен,1,,"Се издава празен стан во Скопје, Ново Лисиче со површина од 56 m2.
 Екстра: Сопствено парно, Паркинг.
 Цена: 250 EUR",,
A13036,120 m²,4,400 €,https://www.novelestate.com/estate_view.html?id=A13036,./img/no_photo.png,rent,Козле,,3,3,,2,,"Се издава  стан во Скопје, Козле со површина од 120 m2.
 Екстра:
 Цена: 400 EUR",,
A13584,73 m²,3,250 €,https://www.novelestate.com/estate_view.html?id=A13584,./img/no_photo.png,rent,Ново Лисиче,,2,6,Празен,2,,"Се издава празен стан во Скопје, Ново Лисиче со површина од 73 m2.
 Екстра: Клима, Централно Парно, Лифт, Нова Зграда.
 Цена: 250 EUR",Yes,
A8543,90 m²,3,180 €,https://www.novelestate.com/estate_view.html?id=A8543,./img/no_photo.png,rent,Кисела Вода,,2,3,Наместен,,,"Се издава наместен стан во Скопје, Кисела Вода со површина од 90 m2.
 Екстра: Централно Парно.
 Цена: 180 EUR",Yes,
A12474,66 m²,3,300 €,https://www.novelestate.com/estate_view.html?id=A12474,./img/no_photo.png,rent,Водно,,2,1,Наместен,1,,"Се издава наместен стан во Скопје, Водно со површина од 66 m2.
 Екстра: Клима, Сопствено парно, Нова Зграда.
 Цена: 300 EUR",,
A6183,65 m²,2,200 €,https://www.novelestate.com/estate_view.html?id=A6183,./img/no_photo.png,rent,Капиштец,,1,6,Наместен,1,,"Се издава наместен стан во Скопје, Капиштец со површина од 65 m2.
 Екстра: Централно Парно, Лифт.
 Цена: 200 EUR",Yes,
A13392,40 m²,2,200 €,https://www.novelestate.com/estate_view.html?id=A13392,./img/no_photo.png,rent,Аеродром,,1,4,Празен,1,,"Се издава празен стан во Скопје, Аеродром со површина од 40 m2.
 Екстра: Клима, Централно Парно, Лифт, Нова Зграда.
 Цена: 200 EUR",Yes,
A13379,35 m²,1,160 €,https://www.novelestate.com/estate_view.html?id=A13379,./img/no_photo.png,rent,Ѓорче Петров,,,6,Празен,,,"Се издава празен стан во Скопје, Ѓорче Петров со површина од 35 m2.
 Екстра: Лифт.
 Цена: 160 EUR",,
A13337,60 m²,2,300 €,https://www.novelestate.com/estate_view.html?id=A13337,./img/no_photo.png,rent,Центар,,1,5,Наместен,1,,"Се издава наместен стан во Скопје, Центар со површина од 60 m2.
 Екстра: Студенти, Клима, Централно Парно, Лифт.
 Цена: 300 EUR",Yes,
A10043,70 m²,3,350 €,https://www.novelestate.com/estate_view.html?id=A10043,./img/no_photo.png,rent,Водно,,2,1,Наместен,2,,"Се издава наместен стан во Скопје, Водно со површина од 70 m2.
 Екстра: Клима, Централно Парно, Паркинг.
 Цена: 350 EUR",Yes,
A13291,45 m²,1,200 €,https://www.novelestate.com/estate_view.html?id=A13291,./img/no_photo.png,rent,Козле,,,2,Празен,1,,"Се издава празен стан во Скопје, Козле со површина од 45 m2.
 Екстра: Клима, Греење на струја, Лифт.
 Цена: 200 EUR",,
A13280,64 m²,3,250 €,https://www.novelestate.com/estate_view.html?id=A13280,./img/no_photo.png,rent,Карпош 3,,2,2,Празен,1,,"Се издава празен стан во Скопје, Карпош 3 со површина од 64 m2.
 Екстра: Клима, Централно Парно, Лифт, Кујнски елементи, Кујнски апарати.
 Цена: 250 EUR",Yes,
A13263,52 m²,2,250 €,https://www.novelestate.com/estate_view.html?id=A13263,./img/no_photo.png,rent,Аеродром - Нова Железничка,,1,5,Наместен,1,,"Се издава наместен стан во Скопје, Аеродром - Нова Железничка со површина од 52 m2.
 Екстра: Клима, Централно Парно, Лифт, Нова Зграда.
 Цена: 250 EUR",Yes,
A13233,50 m²,2,220 €,https://www.novelestate.com/estate_view.html?id=A13233,./img/no_photo.png,rent,Кисела Вода,,1,3,Наместен,1,,"Се издава наместен стан во Скопје, Кисела Вода со површина од 50 m2.
 Екстра: Клима, Централно Парно, Лифт, Нова Зграда.
 Цена: 220 EUR",Yes,
A13179,70 m²,3,320 €,https://www.novelestate.com/estate_view.html?id=A13179,./img/no_photo.png,rent,Центар,,2,3/6,Наместен,1,,"Се издава наместен стан во Скопје, Центар со површина од 70 m2.
 Екстра: Клима, Централно Парно, Лифт, Нова Зграда.
 Цена: 320 EUR",Yes,
A8357,70 m²,3,250 €,https://www.novelestate.com/estate_view.html?id=A8357,./img/no_photo.png,rent,Мичурин,,2,2,Наместен,2,,"Се издава наместен стан во Скопје, Мичурин со површина од 70 m2.
 Екстра: Греење на струја, Лифт.
 Цена: 250 EUR",,
A8456,40 m²,2,200 €,https://www.novelestate.com/estate_view.html?id=A8456,./img/no_photo.png,rent,Аеродром,,1,2,Наместен,1,,"Се издава наместен стан во Скопје, Аеродром со површина од 40 m2.
 Екстра: Лифт, Нова Зграда, Клима, Централно Парно.
 Цена: 200 EUR",Yes,
A12239,62 m²,2,Please contact,https://www.novelestate.com/estate_view.html?id=A12239,./img/no_photo.png,rent,Кисела Вода,,1,2,Наместен,1,,"Се издава наместен стан во Скопје, Кисела Вода со површина од 62 m2.
 Екстра: Греење на струја, Лифт.
 Цена: 0 EUR",,
A8102,60 m²,2,300 €,https://www.novelestate.com/estate_view.html?id=A8102,./img/no_photo.png,rent,Дебар Маало,,1,приземје,Празен,1,,"Се издава празен стан во Скопје, Дебар Маало со површина од 60 m2.
 Екстра: Централно Парно, Клима, Кујнски елементи, Кујнски апарати.
 Цена: 300 EUR",Yes,
A13081,80 m²,3,350 €,https://www.novelestate.com/estate_view.html?id=A13081,./img/no_photo.png,rent,Водно,,2,5,Наместен,1,,"Се издава наместен стан во Скопје, Водно со површина од 80 m2.
 Екстра:.
 Цена: 350 EUR",,
A13080,62 m²,2,Please contact,https://www.novelestate.com/estate_view.html?id=A13080,./img/no_photo.png,rent,Тафталиџе 1,ул.Лондонска,1,2,Наместен,,,"Се издава наместен стан во Скопје, Тафталиџе 1 со површина од 62 m2.
 Екстра: Паркинг.
 Цена: 0 EUR",,
A13065,300 m²,5,Please contact,https://www.novelestate.com/estate_view.html?id=A13065,./img/no_photo.png,rent,Водно,,4,1,Наместен,3,,"Се издава наместен стан во Скопје, Водно со површина од 300 m2.
 Екстра:.
 Цена: 0 EUR",,да
A12996,56 m²,3,200 €,https://www.novelestate.com/estate_view.html?id=A12996,./img/no_photo.png,rent,Кисела Вода,,2,2,Наместен,1,,"Се издава наместен стан во Скопје, Кисела Вода со површина од 56 m2.
 Екстра: Клима, Централно Парно, Гаража.
 Цена: 200 EUR",Yes,
A2778,103 m²,3,300 €,https://www.novelestate.com/estate_view.html?id=A2778,./img/no_photo.png,rent,Аеродром,,2,2/5,Наместен,2,,"Се издава наместен стан во Скопје, Аеродром со површина од 103 m2.
 Екстра: Централно Парно.
 Цена: 300 EUR",Yes,
A10987,75 m²,3,250 €,https://www.novelestate.com/estate_view.html?id=A10987,./img/no_photo.png,rent,Центар,ул.Цицо Поповиќ,2,пр/4,Наместен,1,,"Се издава наместен стан во Скопје, Центар со површина од 75 m2.
 Екстра: Централно Парно.
 Цена: 250 EUR",Yes,
A10903,55 m²,2,200 €,https://www.novelestate.com/estate_view.html?id=A10903,./img/no_photo.png,rent,Аеродром,,1,1,Наместен,1,,"Се издава наместен стан во Скопје, Аеродром со површина од 55 m2.
 Екстра: Централно Парно.
 Цена: 200 EUR",Yes,
A12940,60 m²,2,Please contact,https://www.novelestate.com/estate_view.html?id=A12940,./img/no_photo.png,rent,Карпош 4,,1,,Наместен,1,,"Се издава наместен стан во Скопје, Карпош 4 со површина од 60 m2.
 Екстра:.
 Цена: 0 EUR",,
A12943,62 m²,2,300 €,https://www.novelestate.com/estate_view.html?id=A12943,./img/no_photo.png,rent,Ново Лисиче,,1,4,Наместен,1,,"Се издава наместен стан во Скопје, Ново Лисиче со површина од 62 m2.
 Екстра: Клима, Централно Парно, Лифт, Нова Зграда.
 Цена: 300 EUR",Yes,
A12817,72 m²,3,180 €,https://www.novelestate.com/estate_view.html?id=A12817,./img/no_photo.png,rent,Карпош 4,,2,6/9,Празен,1,,"Се издава празен стан во Скопје, Карпош 4 со површина од 72 m2.
 Екстра: Клима, Централно Парно, Лифт, Кујнски елементи, Кујнски апарати.
 Цена: 180 EUR",Yes,
A12887,50 m²,2,280 €,https://www.novelestate.com/estate_view.html?id=A12887,./img/no_photo.png,rent,Аеродром - Нова Железничка,Тобако 2 - Елена Лука,1,2,Наместен,1,,"Се издава наместен стан во Скопје, Аеродром - Нова Железничка со површина од 50 m2.
 Екстра: Лифт, Нова Зграда.
 Цена: 280 EUR",,
A12886,87 m²,3,450 €,https://www.novelestate.com/estate_view.html?id=A12886,./img/no_photo.png,rent,Дебар Маало,ДМ кафана,2,3,Наместен,2,,"Се издава наместен стан во Скопје, Дебар Маало со површина од 87 m2.
 Екстра: Сопствено парно, Греење на струја, Лифт, Паркинг.
 Цена: 450 EUR",,
A12867,60 m²,3,300 €,https://www.novelestate.com/estate_view.html?id=A12867,./img/no_photo.png,rent,Центар,,2,3,Наместен,1,,"Се издава наместен стан во Скопје, Центар со површина од 60 m2.
 Екстра: Клима, Централно Парно, Лифт.
 Цена: 300 EUR",Yes,
A6533,80 m²,3,300 €,https://www.novelestate.com/estate_view.html?id=A6533,./img/no_photo.png,rent,Козле,,2,2,Наместен,1,,"Се издава наместен стан во Скопје, Козле со површина од 80 m2.
 Екстра: Сопствено парно, Нова Зграда.
 Цена: 300 EUR",,
A9240,36 m²,2,200 €,https://www.novelestate.com/estate_view.html?id=A9240,./img/no_photo.png,rent,Центар,,1,приземје,Празен,1,,"Се издава празен стан во Скопје, Центар со површина од 36 m2.
 Екстра: Клима, Централно Парно.
 Цена: 200 EUR",Yes,
