url,price,image_url,type,deposit,comission,minimal lease,structure,furnished,size,available_from,neighborhood,heating,bedrooms,window_type,bathrooms,intercom,year_built,security,renovated,cameras,floor,fireplace,elevator,terrace,parking,images
https://www.square.mk/izdavanje-na-stanovi-vo-skopje/1427/,500 €,https://www.square.mk/wp-content/uploads/2023/10/IMG_0286.jpg,rent,500 €,БЕЗ ПРОВИЗИЈА,12 месеци,Трособен,Да,72 m2,Веднаш,Аеродром,Парно,2,ПВЦ,1,Да,1990,Не,Да,Не,8,Не,Да,Да,Не,"['https://www.square.mk/wp-content/uploads/2022/11/Logo.webp', 'https://www.square.mk/wp-content/uploads/2023/10/IMG_0294.jpg', 'https://www.square.mk/wp-content/uploads/2023/10/IMG_0286.jpg', 'https://www.square.mk/wp-content/uploads/2023/10/IMG_0287.jpg', 'https://www.square.mk/wp-content/uploads/2023/10/IMG_0294.jpg', 'https://www.square.mk/wp-content/uploads/2023/10/IMG_0286.jpg', 'https://www.square.mk/wp-content/uploads/2022/12/Logo-white.webp']"
https://www.square.mk/izdavanje-na-stanovi-vo-skopje/1427/,500 €,https://www.square.mk/wp-content/uploads/2023/10/IMG_0286.jpg,rent,500 €,БЕЗ ПРОВИЗИЈА,12 месеци,Трособен,Да,72 m2,Веднаш,Аеродром,Парно,2,ПВЦ,1,Да,1990,Не,Да,Не,8,Не,Да,Да,Не,"['https://www.square.mk/wp-content/uploads/2022/11/Logo.webp', 'https://www.square.mk/wp-content/uploads/2023/10/IMG_0294.jpg', 'https://www.square.mk/wp-content/uploads/2023/10/IMG_0286.jpg', 'https://www.square.mk/wp-content/uploads/2023/10/IMG_0287.jpg', 'https://www.square.mk/wp-content/uploads/2023/10/IMG_0294.jpg', 'https://www.square.mk/wp-content/uploads/2023/10/IMG_0286.jpg', 'https://www.square.mk/wp-content/uploads/2022/12/Logo-white.webp']"
https://www.square.mk/izdavanje-na-stanovi-vo-skopje/1997/,800 €,https://www.square.mk/wp-content/uploads/2024/11/IMG_1236.jpg,rent,800 €,БЕЗ ПРОВИЗИЈА,12 месеци,Четрисобен,Да,110 m2,Веднаш,Центар,Инвертер,3,ПВЦ,3,Да,2015,Не,Да,Не,1,Не,Да,Да,Да,"['https://www.square.mk/wp-content/uploads/2022/11/Logo.webp', 'https://www.square.mk/wp-content/uploads/2024/11/IMG_1248.jpg', 'https://www.square.mk/wp-content/uploads/2024/11/IMG_1233.jpg', 'https://www.square.mk/wp-content/uploads/2024/11/IMG_1234.jpg', 'https://www.square.mk/wp-content/uploads/2024/11/IMG_1248.jpg', 'https://www.square.mk/wp-content/uploads/2024/11/IMG_1233.jpg', 'https://www.square.mk/wp-content/uploads/2022/12/Logo-white.webp']"
https://www.square.mk/izdavanje-na-stanovi-vo-skopje/1252/,400 €,https://www.square.mk/wp-content/uploads/2023/05/1252_WEB_00001.jpg,rent,400 €,БЕЗ ПРОВИЗИЈА,12 месеци,Двособен,Да,38 m2,Веднаш,Центар,Централно,1,ПВЦ,1,Да,2010,Не,2022,Не,4,Не,Да,Да,Да,"['https://www.square.mk/wp-content/uploads/2022/11/Logo.webp', 'https://www.square.mk/wp-content/uploads/2023/05/1252_WEB_00011.jpg', 'https://www.square.mk/wp-content/uploads/2023/05/1252_WEB_00000.jpg', 'https://www.square.mk/wp-content/uploads/2023/05/1252_WEB_00001.jpg', 'https://www.square.mk/wp-content/uploads/2023/05/1252_WEB_00011.jpg', 'https://www.square.mk/wp-content/uploads/2023/05/1252_WEB_00000.jpg', 'https://www.square.mk/wp-content/uploads/2022/12/Logo-white.webp']"
https://www.square.mk/izdavanje-na-stanovi-vo-skopje/1975/,650 €,https://www.square.mk/wp-content/uploads/2024/11/IMG_0894.jpg,rent,650 €,БЕЗ ПРОВИЗИЈА,12 месеци,Трособен,Да,58 m2,Веднаш,Кисела Вода,Инвертер,2,ПВЦ,1,Да,2024,Не,Нов,Не,2,Не,Да,Да,Да,"['https://www.square.mk/wp-content/uploads/2022/11/Logo.webp', 'https://www.square.mk/wp-content/uploads/2024/11/IMG_0902.jpg', 'https://www.square.mk/wp-content/uploads/2024/11/IMG_0893.jpg', 'https://www.square.mk/wp-content/uploads/2024/11/IMG_0894.jpg', 'https://www.square.mk/wp-content/uploads/2024/11/IMG_0902.jpg', 'https://www.square.mk/wp-content/uploads/2024/11/IMG_0893.jpg', 'https://www.square.mk/wp-content/uploads/2022/12/Logo-white.webp']"
https://www.square.mk/izdavanje-na-stanovi-vo-skopje/1683/,650 €,https://www.square.mk/wp-content/uploads/2024/03/IMG_5616.jpg,rent,650 €,БЕЗ ПРОВИЗИЈА,12 месеци,Трособен,Да,77 m2,Веднаш,Џевахир,Инвертер,2,ПВЦ,1,Да,2023,Да,Нов,Да,,Не,Да,Да,Да,"['https://www.square.mk/wp-content/uploads/2022/11/Logo.webp', 'https://www.square.mk/wp-content/uploads/2024/03/IMG_5626.jpg', 'https://www.square.mk/wp-content/uploads/2024/03/IMG_5615.jpg', 'https://www.square.mk/wp-content/uploads/2024/03/IMG_5616.jpg', 'https://www.square.mk/wp-content/uploads/2024/03/IMG_5626.jpg', 'https://www.square.mk/wp-content/uploads/2024/03/IMG_5615.jpg', 'https://www.square.mk/wp-content/uploads/2022/12/Logo-white.webp']"
https://www.square.mk/izdavanje-na-stanovi-vo-skopje/1662/,550 €,https://www.square.mk/wp-content/uploads/2024/02/IMG_5258.jpg,rent,550 €,БЕЗ ПРОВИЗИЈА,12 месеци,Трособен,Да,70 m2,Веднаш,Тафталиџе,Парно,2,ПВЦ,2,Да,2020,Не,Да,Не,6,Не,Да,Да,Не,"['https://www.square.mk/wp-content/uploads/2022/11/Logo.webp', 'https://www.square.mk/wp-content/uploads/2024/02/IMG_5270.jpg', 'https://www.square.mk/wp-content/uploads/2024/02/IMG_5257.jpg', 'https://www.square.mk/wp-content/uploads/2024/02/IMG_5258.jpg', 'https://www.square.mk/wp-content/uploads/2024/02/IMG_5270.jpg', 'https://www.square.mk/wp-content/uploads/2024/02/IMG_5257.jpg', 'https://www.square.mk/wp-content/uploads/2022/12/Logo-white.webp']"
https://www.square.mk/izdavanje-na-stanovi-vo-skopje/1139/,490 €,https://www.square.mk/wp-content/uploads/2023/03/1139_WEB_00001.jpg,rent,490 €,БЕЗ ПРОВИЗИЈА,12 месеци,Двособен,Да,51 m2,Веднаш,Џевахир,Струја,1,ПВЦ,1,Да,2019,Да,2022,Да,28,Не,Да,Да,Подземен,"['https://www.square.mk/wp-content/uploads/2022/11/Logo.webp', 'https://www.square.mk/wp-content/uploads/2023/03/1139_WEB_00010.jpg', 'https://www.square.mk/wp-content/uploads/2023/03/1139_WEB_00000.jpg', 'https://www.square.mk/wp-content/uploads/2023/03/1139_WEB_00001.jpg', 'https://www.square.mk/wp-content/uploads/2023/03/1139_WEB_00010.jpg', 'https://www.square.mk/wp-content/uploads/2023/03/1139_WEB_00000.jpg', 'https://www.square.mk/wp-content/uploads/2022/12/Logo-white.webp']"
https://www.square.mk/izdavanje-na-stanovi-vo-skopje/10250/,800 €,https://www.square.mk/wp-content/uploads/2025/08/IMG_5817.jpg,rent,800 €,БЕЗ ПРОВИЗИЈА,12 месеци,Двособен,Да,62 m2,Веднаш,Водно,Инвертер,1,ПВЦ,1,Да,2020,Не,Нов,Не,7,Не,Да,Да,Да,"['https://www.square.mk/wp-content/uploads/2022/11/Logo.webp', 'https://www.square.mk/wp-content/uploads/2025/08/IMG_5829.jpg', 'https://www.square.mk/wp-content/uploads/2025/08/IMG_5817.jpg', 'https://www.square.mk/wp-content/uploads/2025/08/IMG_5818.jpg', 'https://www.square.mk/wp-content/uploads/2025/08/IMG_5829.jpg', 'https://www.square.mk/wp-content/uploads/2025/08/IMG_5817.jpg', 'https://www.square.mk/wp-content/uploads/2022/12/Logo-white.webp']"
https://www.square.mk/izdavanje-na-stanovi-vo-skopje/10145/,400 €,https://www.square.mk/wp-content/uploads/2025/03/IMG_3826.jpg,rent,400 €,БЕЗ ПРОВИЗИЈА,12 месеци,Двособен,Да,45 m2,Веднаш,Центар,Инвертер,1,ПВЦ,1,Да,2016,Не,Да,Не,1,Не,Да,Не,Не,"['https://www.square.mk/wp-content/uploads/2022/11/Logo.webp', 'https://www.square.mk/wp-content/uploads/2025/03/IMG_3833.jpg', 'https://www.square.mk/wp-content/uploads/2025/03/IMG_3826.jpg', 'https://www.square.mk/wp-content/uploads/2025/03/IMG_3827.jpg', 'https://www.square.mk/wp-content/uploads/2025/03/IMG_3833.jpg', 'https://www.square.mk/wp-content/uploads/2025/03/IMG_3826.jpg', 'https://www.square.mk/wp-content/uploads/2022/12/Logo-white.webp']"
https://www.square.mk/izdavanje-na-stanovi-vo-skopje/1713/,600 €,https://www.square.mk/wp-content/uploads/2024/03/IMG_6174.jpg,rent,600 €,БЕЗ ПРОВИЗИЈА,12 месеци,Двособен,Да,47 m2,Веднаш,Џевахир,Парно,1,ПВЦ,1,Да,2023,Да,Нов,Да,16,Не,Да,Не,Да,"['https://www.square.mk/wp-content/uploads/2022/11/Logo.webp', 'https://www.square.mk/wp-content/uploads/2024/03/IMG_6183.jpg', 'https://www.square.mk/wp-content/uploads/2024/03/IMG_6173.jpg', 'https://www.square.mk/wp-content/uploads/2024/03/IMG_6174.jpg', 'https://www.square.mk/wp-content/uploads/2024/03/IMG_6183.jpg', 'https://www.square.mk/wp-content/uploads/2024/03/IMG_6173.jpg', 'https://www.square.mk/wp-content/uploads/2022/12/Logo-white.webp']"
https://www.square.mk/izdavanje-na-stanovi-vo-skopje/1713/,600 €,https://www.square.mk/wp-content/uploads/2024/03/IMG_6174.jpg,rent,600 €,БЕЗ ПРОВИЗИЈА,12 месеци,Двособен,Да,47 m2,Веднаш,Џевахир,Парно,1,ПВЦ,1,Да,2023,Да,Нов,Да,16,Не,Да,Не,Да,"['https://www.square.mk/wp-content/uploads/2022/11/Logo.webp', 'https://www.square.mk/wp-content/uploads/2024/03/IMG_6183.jpg', 'https://www.square.mk/wp-content/uploads/2024/03/IMG_6173.jpg', 'https://www.square.mk/wp-content/uploads/2024/03/IMG_6174.jpg', 'https://www.square.mk/wp-content/uploads/2024/03/IMG_6183.jpg', 'https://www.square.mk/wp-content/uploads/2024/03/IMG_6173.jpg', 'https://www.square.mk/wp-content/uploads/2022/12/Logo-white.webp']"
https://www.square.mk/izdavanje-na-stanovi-vo-skopje/1728/,600 €,https://www.square.mk/wp-content/uploads/2024/04/IMG_6482.jpg,rent,600 €,БЕЗ ПРОВИЗИЈА,12 месеци,Двособен,Да,47 m2,Веднаш,Џевахир,Парно,1,ПВЦ,1,Да,2023,Да,Нов,Да,11,Не,Да,Не,Не,"['https://www.square.mk/wp-content/uploads/2022/11/Logo.webp', 'https://www.square.mk/wp-content/uploads/2024/04/IMG_6494.jpg', 'https://www.square.mk/wp-content/uploads/2024/04/IMG_6482.jpg', 'https://www.square.mk/wp-content/uploads/2024/04/IMG_6483.jpg', 'https://www.square.mk/wp-content/uploads/2024/04/IMG_6494.jpg', 'https://www.square.mk/wp-content/uploads/2024/04/IMG_6482.jpg', 'https://www.square.mk/wp-content/uploads/2022/12/Logo-white.webp']"
https://www.square.mk/izdavanje-na-stanovi-vo-skopje/1848/,400 €,https://www.square.mk/wp-content/uploads/2024/07/image001-24.jpg,rent,400 €,БЕЗ ПРОВИЗИЈА,12 месеци,Трособен,Да,74 m2,Веднаш,Тафталиџе,Парно,2,ПВЦ,2,Да,2020,Не,Нов,Не,1,Не,Да,Да,Не,"['https://www.square.mk/wp-content/uploads/2022/11/Logo.webp', 'https://www.square.mk/wp-content/uploads/2024/07/image011-10.jpg', 'https://www.square.mk/wp-content/uploads/2024/07/image001-24.jpg', 'https://www.square.mk/wp-content/uploads/2024/07/image002-24.jpg', 'https://www.square.mk/wp-content/uploads/2024/07/image011-10.jpg', 'https://www.square.mk/wp-content/uploads/2024/07/image001-24.jpg', 'https://www.square.mk/wp-content/uploads/2022/12/Logo-white.webp']"
https://www.square.mk/izdavanje-na-stanovi-vo-skopje/1701/,400 €,https://www.square.mk/wp-content/uploads/2024/03/IMG_5994.jpg,rent,400 €,БЕЗ ПРОВИЗИЈА,12 месеци,Двособен,Да,58 m2,Веднаш,Центар,Инвертер,1,ПВЦ,1,Да,2023,Не,Нов,Не,1,Не,Да,Да,Не,"['https://www.square.mk/wp-content/uploads/2022/11/Logo.webp', 'https://www.square.mk/wp-content/uploads/2024/03/IMG_6001.jpg', 'https://www.square.mk/wp-content/uploads/2024/03/IMG_5993.jpg', 'https://www.square.mk/wp-content/uploads/2024/03/IMG_5994.jpg', 'https://www.square.mk/wp-content/uploads/2024/03/IMG_6001.jpg', 'https://www.square.mk/wp-content/uploads/2024/03/IMG_5993.jpg', 'https://www.square.mk/wp-content/uploads/2022/12/Logo-white.webp']"
https://www.square.mk/izdavanje-na-stanovi-vo-skopje/10038/,500 €,https://www.square.mk/wp-content/uploads/2025/01/IMG_1959.jpg,rent,500 €,БЕЗ ПРОВИЗИЈА,12 месеци,Двособен,Да,55 m2,Веднаш,Тафталиџе,Струја,1,ПВЦ,1,Да,2024,Не,Нов,Не,1,Не,Не,Да,Не,"['https://www.square.mk/wp-content/uploads/2022/11/Logo.webp', 'https://www.square.mk/wp-content/uploads/2025/01/IMG_1970.jpg', 'https://www.square.mk/wp-content/uploads/2025/01/IMG_1959.jpg', 'https://www.square.mk/wp-content/uploads/2025/01/IMG_1960.jpg', 'https://www.square.mk/wp-content/uploads/2025/01/IMG_1970.jpg', 'https://www.square.mk/wp-content/uploads/2025/01/IMG_1959.jpg', 'https://www.square.mk/wp-content/uploads/2022/12/Logo-white.webp']"
https://www.square.mk/izdavanje-na-stanovi-vo-skopje/1538/,700 €,https://www.square.mk/wp-content/uploads/2023/12/IMG_2751.jpg,rent,700 €,БЕЗ ПРОВИЗИЈА,12 месеци,Трособен,Да,79 m2,Веднаш,Центар,Парно,2,ПВЦ,1,Да,1980,Не,Да,Не,3,Не,Да,Не,Не,"['https://www.square.mk/wp-content/uploads/2022/11/Logo.webp', 'https://www.square.mk/wp-content/uploads/2023/12/IMG_2761.jpg', 'https://www.square.mk/wp-content/uploads/2023/12/IMG_2751.jpg', 'https://www.square.mk/wp-content/uploads/2023/12/IMG_2752.jpg', 'https://www.square.mk/wp-content/uploads/2023/12/IMG_2761.jpg', 'https://www.square.mk/wp-content/uploads/2023/12/IMG_2751.jpg', 'https://www.square.mk/wp-content/uploads/2022/12/Logo-white.webp']"
https://www.square.mk/izdavanje-na-stanovi-vo-skopje/1305/,480 €,https://www.square.mk/wp-content/uploads/2023/06/1305_WEB_00001.jpg,rent,480 €,БЕЗ ПРОВИЗИЈА,12 месеци,Двособен,Да,50 m2,Веднаш,Центар,Инвертер,1,ПВЦ,1,Да,2018,Не,Нов,Не,3,Не,Да,Не,Не,"['https://www.square.mk/wp-content/uploads/2022/11/Logo.webp', 'https://www.square.mk/wp-content/uploads/2023/06/1305_WEB_00009.jpg', 'https://www.square.mk/wp-content/uploads/2023/06/1305_WEB_00000.jpg', 'https://www.square.mk/wp-content/uploads/2023/06/1305_WEB_00001.jpg', 'https://www.square.mk/wp-content/uploads/2023/06/1305_WEB_00009.jpg', 'https://www.square.mk/wp-content/uploads/2023/06/1305_WEB_00000.jpg', 'https://www.square.mk/wp-content/uploads/2022/12/Logo-white.webp']"
https://www.square.mk/izdavanje-na-stanovi-vo-skopje/1479/,850 €,https://www.square.mk/wp-content/uploads/2025/08/IMG_5796.jpg,rent,850 €,БЕЗ ПРОВИЗИЈА,12 месеци,Трособен,Да,100 m2,Веднаш,Црниче,Инвертер,2,ПВЦ,2,Да,2012,Не,Да,Не,Приземје,Не,Не,Да,Да,"['https://www.square.mk/wp-content/uploads/2022/11/Logo.webp', 'https://www.square.mk/wp-content/uploads/2025/08/IMG_5812.jpg', 'https://www.square.mk/wp-content/uploads/2025/08/IMG_5795.jpg', 'https://www.square.mk/wp-content/uploads/2025/08/IMG_5796.jpg', 'https://www.square.mk/wp-content/uploads/2025/08/IMG_5812.jpg', 'https://www.square.mk/wp-content/uploads/2025/08/IMG_5795.jpg', 'https://www.square.mk/wp-content/uploads/2022/12/Logo-white.webp']"
https://www.square.mk/izdavanje-na-stanovi-vo-skopje/1989/,350 €,https://www.square.mk/wp-content/uploads/2024/11/IMG_1107.jpg,rent,350 €,БЕЗ ПРОВИЗИЈА,12 месеци,Двособен,Да,40 m2,Веднаш,Козле,Инвертер,1,ПВЦ,1,Да,2024,Не,Нов,Не,3,Не,Да,Да,Не,"['https://www.square.mk/wp-content/uploads/2022/11/Logo.webp', 'https://www.square.mk/wp-content/uploads/2024/11/IMG_1118.jpg', 'https://www.square.mk/wp-content/uploads/2024/11/IMG_1107.jpg', 'https://www.square.mk/wp-content/uploads/2024/11/IMG_1108.jpg', 'https://www.square.mk/wp-content/uploads/2024/11/IMG_1118.jpg', 'https://www.square.mk/wp-content/uploads/2024/11/IMG_1107.jpg', 'https://www.square.mk/wp-content/uploads/2022/12/Logo-white.webp']"
https://www.square.mk/izdavanje-na-stanovi-vo-skopje/1978/,400 €,https://www.square.mk/wp-content/uploads/2024/11/image002-3.jpg,rent,400 €,БЕЗ ПРОВИЗИЈА,12 месеци,Двособен,Да,46 m2,Веднаш,Центар,Парно,1,ПВЦ,1,Да,2017,Не,Да,Не,2,Не,Да,Да,Не,"['https://www.square.mk/wp-content/uploads/2022/11/Logo.webp', 'https://www.square.mk/wp-content/uploads/2024/11/image007-3.jpg', 'https://www.square.mk/wp-content/uploads/2024/11/image001-3.jpg', 'https://www.square.mk/wp-content/uploads/2024/11/image002-3.jpg', 'https://www.square.mk/wp-content/uploads/2024/11/image007-3.jpg', 'https://www.square.mk/wp-content/uploads/2024/11/image001-3.jpg', 'https://www.square.mk/wp-content/uploads/2022/12/Logo-white.webp']"
https://www.square.mk/izdavanje-na-stanovi-vo-skopje/1978/,400 €,https://www.square.mk/wp-content/uploads/2024/11/image002-3.jpg,rent,400 €,БЕЗ ПРОВИЗИЈА,12 месеци,Двособен,Да,46 m2,Веднаш,Центар,Парно,1,ПВЦ,1,Да,2017,Не,Да,Не,2,Не,Да,Да,Не,"['https://www.square.mk/wp-content/uploads/2022/11/Logo.webp', 'https://www.square.mk/wp-content/uploads/2024/11/image007-3.jpg', 'https://www.square.mk/wp-content/uploads/2024/11/image001-3.jpg', 'https://www.square.mk/wp-content/uploads/2024/11/image002-3.jpg', 'https://www.square.mk/wp-content/uploads/2024/11/image007-3.jpg', 'https://www.square.mk/wp-content/uploads/2024/11/image001-3.jpg', 'https://www.square.mk/wp-content/uploads/2022/12/Logo-white.webp']"
https://www.square.mk/izdavanje-na-stanovi-vo-skopje/10247/,650 €,https://www.square.mk/wp-content/uploads/2025/07/IMG_5757.jpg,rent,650 €,БЕЗ ПРОВИЗИЈА,12 месеци,Трособен,Да,66 m2,Веднаш,Џевахир,Инвертер,2,ПВЦ,1,Да,2023,Да,Нов,Да,,Не,Да,Не,Не,"['https://www.square.mk/wp-content/uploads/2022/11/Logo.webp', 'https://www.square.mk/wp-content/uploads/2025/07/IMG_5766.jpg', 'https://www.square.mk/wp-content/uploads/2025/07/IMG_5757.jpg', 'https://www.square.mk/wp-content/uploads/2025/07/IMG_5758.jpg', 'https://www.square.mk/wp-content/uploads/2025/07/IMG_5766.jpg', 'https://www.square.mk/wp-content/uploads/2025/07/IMG_5757.jpg', 'https://www.square.mk/wp-content/uploads/2022/12/Logo-white.webp']"
https://www.square.mk/izdavanje-na-stanovi-vo-skopje/1903/,370 €,https://www.square.mk/wp-content/uploads/2024/09/image001-3.jpg,rent,370 €,БЕЗ ПРОВИЗИЈА,12 месеци,Двособен,Да,45 m2,Веднаш,Центар,Парно,1,ПВЦ,1,Да,1975,Не,2023,Не,1,Не,Да,Не,Не,"['https://www.square.mk/wp-content/uploads/2022/11/Logo.webp', 'https://www.square.mk/wp-content/uploads/2024/09/image006-3.jpg', 'https://www.square.mk/wp-content/uploads/2024/09/image001-3.jpg', 'https://www.square.mk/wp-content/uploads/2024/09/image002-3.jpg', 'https://www.square.mk/wp-content/uploads/2024/09/image006-3.jpg', 'https://www.square.mk/wp-content/uploads/2024/09/image001-3.jpg', 'https://www.square.mk/wp-content/uploads/2022/12/Logo-white.webp']"
https://www.square.mk/izdavanje-na-stanovi-vo-skopje/1195/,500 €,https://www.square.mk/wp-content/uploads/2023/04/1195_WEB_00001.jpg,rent,500 €,БЕЗ ПРОВИЗИЈА,6 месеци,Двособен,Да,51 m2,Веднаш,Тафталиџе,Парно,1,Алуминиум,1,Да,2019,Да,2022,Да,8,Не,Да,Да,Не,"['https://www.square.mk/wp-content/uploads/2022/11/Logo.webp', 'https://www.square.mk/wp-content/uploads/2023/04/1195_WEB_00010.jpg', 'https://www.square.mk/wp-content/uploads/2023/04/1195_WEB_00001.jpg', 'https://www.square.mk/wp-content/uploads/2023/04/1195_WEB_00000.jpg', 'https://www.square.mk/wp-content/uploads/2023/04/1195_WEB_00010.jpg', 'https://www.square.mk/wp-content/uploads/2023/04/1195_WEB_00001.jpg', 'https://www.square.mk/wp-content/uploads/2022/12/Logo-white.webp']"
https://www.square.mk/izdavanje-na-stanovi-vo-skopje/1497/,600 €,https://www.square.mk/wp-content/uploads/2023/11/IMG_1886.jpg,rent,600 €,БЕЗ ПРОВИЗИЈА,6 месеци,Трособен,Да,95 m2,Веднаш,Тафталиџе,Парно,2,ПВЦ,2,Да,2003,Не,Да,Не,4,Не,Да,Да,Да,"['https://www.square.mk/wp-content/uploads/2022/11/Logo.webp', 'https://www.square.mk/wp-content/uploads/2023/11/IMG_1898.jpg', 'https://www.square.mk/wp-content/uploads/2023/11/IMG_1886.jpg', 'https://www.square.mk/wp-content/uploads/2023/11/IMG_1887.jpg', 'https://www.square.mk/wp-content/uploads/2023/11/IMG_1898.jpg', 'https://www.square.mk/wp-content/uploads/2023/11/IMG_1886.jpg', 'https://www.square.mk/wp-content/uploads/2022/12/Logo-white.webp']"
https://www.square.mk/izdavanje-na-stanovi-vo-skopje/10246/,600 €,https://www.square.mk/wp-content/uploads/2025/07/IMG_5726.jpg,rent,600 €,БЕЗ ПРОВИЗИЈА,12 месеци,Трособен,Да,70 m2,Веднаш,Козле,Инвертер,2,ПВЦ,1,Да,2015,Не,Да,Не,2,Не,Не,Да,Да,"['https://www.square.mk/wp-content/uploads/2022/11/Logo.webp', 'https://www.square.mk/wp-content/uploads/2025/07/IMG_5738.jpg', 'https://www.square.mk/wp-content/uploads/2025/07/IMG_5726.jpg', 'https://www.square.mk/wp-content/uploads/2025/07/IMG_5727.jpg', 'https://www.square.mk/wp-content/uploads/2025/07/IMG_5738.jpg', 'https://www.square.mk/wp-content/uploads/2025/07/IMG_5726.jpg', 'https://www.square.mk/wp-content/uploads/2022/12/Logo-white.webp']"
https://www.square.mk/izdavanje-na-stanovi-vo-skopje/10245/,550 €,https://www.square.mk/wp-content/uploads/2025/07/IMG_5713.jpg,rent,550 €,БЕЗ ПРОВИЗИЈА,12 месеци,Трособен,Да,55 m2,Веднаш,Водно,Инвертер,2,ПВЦ,1,Да,2023,Не,Нов,Не,1,Да,Да,Да,Да,"['https://www.square.mk/wp-content/uploads/2022/11/Logo.webp', 'https://www.square.mk/wp-content/uploads/2025/07/IMG_5723.jpg', 'https://www.square.mk/wp-content/uploads/2025/07/IMG_5713.jpg', 'https://www.square.mk/wp-content/uploads/2025/07/IMG_5714.jpg', 'https://www.square.mk/wp-content/uploads/2025/07/IMG_5723.jpg', 'https://www.square.mk/wp-content/uploads/2025/07/IMG_5713.jpg', 'https://www.square.mk/wp-content/uploads/2022/12/Logo-white.webp']"
https://www.square.mk/izdavanje-na-stanovi-vo-skopje/10243/,450 €,https://www.square.mk/wp-content/uploads/2025/07/IMG_5702.jpg,rent,450 €,БЕЗ ПРОВИЗИЈА,12 месеци,Двособен,Да,52 m2,Веднаш,Центар,Инвертер,1,ПВЦ,1,Да,2023,Не,Нов,Не,4,Не,Да,Да,Да,"['https://www.square.mk/wp-content/uploads/2022/11/Logo.webp', 'https://www.square.mk/wp-content/uploads/2025/07/IMG_5710.jpg', 'https://www.square.mk/wp-content/uploads/2025/07/IMG_5702.jpg', 'https://www.square.mk/wp-content/uploads/2025/07/IMG_5703.jpg', 'https://www.square.mk/wp-content/uploads/2025/07/IMG_5710.jpg', 'https://www.square.mk/wp-content/uploads/2025/07/IMG_5702.jpg', 'https://www.square.mk/wp-content/uploads/2022/12/Logo-white.webp']"
https://www.square.mk/izdavanje-na-stanovi-vo-skopje/1057/,800 €,https://www.square.mk/wp-content/uploads/2023/09/IMG_8629.jpg,rent,800 €,БЕЗ ПРОВИЗИЈА,12 месеци,Четрисобен,Да,78 m2,Веднаш,Аеродром,Парно,3,ПВЦ,2,Да,2022,Да,Нов,Не,9,Не,Да,Да,Да,"['https://www.square.mk/wp-content/uploads/2022/11/Logo.webp', 'https://www.square.mk/wp-content/uploads/2023/09/IMG_8638.jpg', 'https://www.square.mk/wp-content/uploads/2023/09/IMG_8626.jpg', 'https://www.square.mk/wp-content/uploads/2023/09/IMG_8627.jpg', 'https://www.square.mk/wp-content/uploads/2023/09/IMG_8638.jpg', 'https://www.square.mk/wp-content/uploads/2023/09/IMG_8626.jpg', 'https://www.square.mk/wp-content/uploads/2022/12/Logo-white.webp']"
https://www.square.mk/izdavanje-na-stanovi-vo-skopje/1749/,500 €,https://www.square.mk/wp-content/uploads/2024/04/IMG_6862.jpg,rent,500 €,БЕЗ ПРОВИЗИЈА,12 месеци,Трособен,Да,85 m2,Веднаш,Центар,Парно,2,ПВЦ,2,Да,2004,Не,Да,Не,Приземје,Не,Да,Да,Не,"['https://www.square.mk/wp-content/uploads/2022/11/Logo.webp', 'https://www.square.mk/wp-content/uploads/2024/04/IMG_6875.jpg', 'https://www.square.mk/wp-content/uploads/2024/04/IMG_6861.jpg', 'https://www.square.mk/wp-content/uploads/2024/04/IMG_6862.jpg', 'https://www.square.mk/wp-content/uploads/2024/04/IMG_6875.jpg', 'https://www.square.mk/wp-content/uploads/2024/04/IMG_6861.jpg', 'https://www.square.mk/wp-content/uploads/2022/12/Logo-white.webp']"
https://www.square.mk/izdavanje-na-stanovi-vo-skopje/1749/,500 €,https://www.square.mk/wp-content/uploads/2024/04/IMG_6862.jpg,rent,500 €,БЕЗ ПРОВИЗИЈА,12 месеци,Трособен,Да,85 m2,Веднаш,Центар,Парно,2,ПВЦ,2,Да,2004,Не,Да,Не,Приземје,Не,Да,Да,Не,"['https://www.square.mk/wp-content/uploads/2022/11/Logo.webp', 'https://www.square.mk/wp-content/uploads/2024/04/IMG_6875.jpg', 'https://www.square.mk/wp-content/uploads/2024/04/IMG_6861.jpg', 'https://www.square.mk/wp-content/uploads/2024/04/IMG_6862.jpg', 'https://www.square.mk/wp-content/uploads/2024/04/IMG_6875.jpg', 'https://www.square.mk/wp-content/uploads/2024/04/IMG_6861.jpg', 'https://www.square.mk/wp-content/uploads/2022/12/Logo-white.webp']"
https://www.square.mk/izdavanje-na-stanovi-vo-skopje/1194/,500 €,https://www.square.mk/wp-content/uploads/2023/04/1194_WEB_00000.jpg,rent,500 €,БЕЗ ПРОВИЗИЈА,12 месеци,Трособен,Да,64 m2,Веднаш,Црниче,Инвертер,2,ПВЦ,1,Да,2023,Не,Нов,Не,4,Не,Да,Да,Да,"['https://www.square.mk/wp-content/uploads/2022/11/Logo.webp', 'https://www.square.mk/wp-content/uploads/2023/04/1194_WEB_00012.jpg', 'https://www.square.mk/wp-content/uploads/2023/04/1194_WEB_00000.jpg', 'https://www.square.mk/wp-content/uploads/2023/04/1194_WEB_00001.jpg', 'https://www.square.mk/wp-content/uploads/2023/04/1194_WEB_00012.jpg', 'https://www.square.mk/wp-content/uploads/2023/04/1194_WEB_00000.jpg', 'https://www.square.mk/wp-content/uploads/2022/12/Logo-white.webp']"
https://www.square.mk/izdavanje-na-stanovi-vo-skopje/1901/,600 €,https://www.square.mk/wp-content/uploads/2024/09/image003-1.jpg,rent,600 €,БЕЗ ПРОВИЗИЈА,12 месеци,Трособен,Да,95 m2,Веднаш,Центар,Парно,2,ПВЦ,2,Да,2015,Не,Да,Не,3,Не,Да,Да,Да,"['https://www.square.mk/wp-content/uploads/2022/11/Logo.webp', 'https://www.square.mk/wp-content/uploads/2024/09/image013-1.jpg', 'https://www.square.mk/wp-content/uploads/2024/09/image001-1.jpg', 'https://www.square.mk/wp-content/uploads/2024/09/image002-1.jpg', 'https://www.square.mk/wp-content/uploads/2024/09/image013-1.jpg', 'https://www.square.mk/wp-content/uploads/2024/09/image001-1.jpg', 'https://www.square.mk/wp-content/uploads/2022/12/Logo-white.webp']"
https://www.square.mk/izdavanje-na-stanovi-vo-skopje/1580/,450 €,https://www.square.mk/wp-content/uploads/2024/01/IMG_3569.jpg,rent,450 €,БЕЗ ПРОВИЗИЈА,12 месеци,Двособен,Да,50 m2,Веднаш,Центар,Инвертер,1,ПВЦ,1,Да,2023,Не,Нов,Не,3,Не,Да,Да,Не,"['https://www.square.mk/wp-content/uploads/2022/11/Logo.webp', 'https://www.square.mk/wp-content/uploads/2024/01/IMG_3579.jpg', 'https://www.square.mk/wp-content/uploads/2024/01/IMG_3569.jpg', 'https://www.square.mk/wp-content/uploads/2024/01/IMG_3570.jpg', 'https://www.square.mk/wp-content/uploads/2024/01/IMG_3579.jpg', 'https://www.square.mk/wp-content/uploads/2024/01/IMG_3569.jpg', 'https://www.square.mk/wp-content/uploads/2022/12/Logo-white.webp']"
https://www.square.mk/izdavanje-na-stanovi-vo-skopje/10239/,"1,500 €",https://www.square.mk/wp-content/uploads/2025/07/IMG_5649.jpg,rent,"1,500 €",БЕЗ ПРОВИЗИЈА,12 месеци,Четворособен,Да,150 m2,Веднаш,Жданец,Инвертер,3,ПВЦ,2,Да,2024,Не,Нов,Не,1,Не,Да,Да,Да,"['https://www.square.mk/wp-content/uploads/2022/11/Logo.webp', 'https://www.square.mk/wp-content/uploads/2025/07/IMG_5664.jpg', 'https://www.square.mk/wp-content/uploads/2025/07/IMG_5649.jpg', 'https://www.square.mk/wp-content/uploads/2025/07/IMG_5650.jpg', 'https://www.square.mk/wp-content/uploads/2025/07/IMG_5664.jpg', 'https://www.square.mk/wp-content/uploads/2025/07/IMG_5649.jpg', 'https://www.square.mk/wp-content/uploads/2022/12/Logo-white.webp']"
https://www.square.mk/izdavanje-na-stanovi-vo-skopje/10238/,450 €,https://www.square.mk/wp-content/uploads/2025/07/IMG_5627.jpg,rent,450 €,БЕЗ ПРОВИЗИЈА,12 месеци,Двособен,Да,55 m2,Веднаш,Центар,Парно,1,ПВЦ,1,Да,2015,Не,Да,Не,5,Не,Да,Да,Да,"['https://www.square.mk/wp-content/uploads/2022/11/Logo.webp', 'https://www.square.mk/wp-content/uploads/2025/07/IMG_5637.jpg', 'https://www.square.mk/wp-content/uploads/2025/07/IMG_5627.jpg', 'https://www.square.mk/wp-content/uploads/2025/07/IMG_5628.jpg', 'https://www.square.mk/wp-content/uploads/2025/07/IMG_5637.jpg', 'https://www.square.mk/wp-content/uploads/2025/07/IMG_5627.jpg', 'https://www.square.mk/wp-content/uploads/2022/12/Logo-white.webp']"
https://www.square.mk/izdavanje-na-stanovi-vo-skopje/10237/,650 €,https://www.square.mk/wp-content/uploads/2025/07/IMG_5593.jpg,rent,650 €,БЕЗ ПРОВИЗИЈА,12 месеци,Трособен,Да,75 m2,Веднаш,Тафталиџе,Инвертер,2,ПВЦ,1,Да,2020,Не,Нов,Не,8,Не,Да,Да,Не,"['https://www.square.mk/wp-content/uploads/2022/11/Logo.webp', 'https://www.square.mk/wp-content/uploads/2025/07/IMG_5607.jpg', 'https://www.square.mk/wp-content/uploads/2025/07/IMG_5593.jpg', 'https://www.square.mk/wp-content/uploads/2025/07/IMG_5594.jpg', 'https://www.square.mk/wp-content/uploads/2025/07/IMG_5607.jpg', 'https://www.square.mk/wp-content/uploads/2025/07/IMG_5593.jpg', 'https://www.square.mk/wp-content/uploads/2022/12/Logo-white.webp']"
https://www.square.mk/izdavanje-na-stanovi-vo-skopje/10236/,"1,000 €",https://www.square.mk/wp-content/uploads/2025/07/IMG_5611.jpg,rent,"1,000 €",БЕЗ ПРОВИЗИЈА,12 месеци,Трособен,Да,75 m2,Веднаш,Аеродром,Парно,2,ПВЦ,1,Да,2024,Не,Нов,Не,6,Не,Да,Да,Да,"['https://www.square.mk/wp-content/uploads/2022/11/Logo.webp', 'https://www.square.mk/wp-content/uploads/2025/07/IMG_5623.jpg', 'https://www.square.mk/wp-content/uploads/2025/07/IMG_5611.jpg', 'https://www.square.mk/wp-content/uploads/2025/07/IMG_5612.jpg', 'https://www.square.mk/wp-content/uploads/2025/07/IMG_5623.jpg', 'https://www.square.mk/wp-content/uploads/2025/07/IMG_5611.jpg', 'https://www.square.mk/wp-content/uploads/2022/12/Logo-white.webp']"
https://www.square.mk/izdavanje-na-stanovi-vo-skopje/10234/,800 €,https://www.square.mk/wp-content/uploads/2025/07/IMG_5553.jpg,rent,800 €,БЕЗ ПРОВИЗИЈА,12 месеци,Двособен,Да,42 m2,Веднаш,Дајмонд мол,Инвертер,1,ALU,1,Да,2024,Да,Нов,Да,19,Не,Да,Да,Да,"['https://www.square.mk/wp-content/uploads/2022/11/Logo.webp', 'https://www.square.mk/wp-content/uploads/2025/07/IMG_5564.jpg', 'https://www.square.mk/wp-content/uploads/2025/07/IMG_5553.jpg', 'https://www.square.mk/wp-content/uploads/2025/07/IMG_5554.jpg', 'https://www.square.mk/wp-content/uploads/2025/07/IMG_5564.jpg', 'https://www.square.mk/wp-content/uploads/2025/07/IMG_5553.jpg', 'https://www.square.mk/wp-content/uploads/2022/12/Logo-white.webp']"
https://www.square.mk/izdavanje-na-stanovi-vo-skopje/10232/,550 €,https://www.square.mk/wp-content/uploads/2025/07/IMG_5540.jpg,rent,550 €,БЕЗ ПРОВИЗИЈА,12 месеци,Трособен,Да,56 m2,Веднаш,Дебар Маало,Инвертер,2,ПВЦ,1,Да,2016,Не,Да,Не,2,Не,Да,Да,Да,"['https://www.square.mk/wp-content/uploads/2022/11/Logo.webp', 'https://www.square.mk/wp-content/uploads/2025/07/IMG_5549.jpg', 'https://www.square.mk/wp-content/uploads/2025/07/IMG_5540.jpg', 'https://www.square.mk/wp-content/uploads/2025/07/IMG_5541.jpg', 'https://www.square.mk/wp-content/uploads/2025/07/IMG_5549.jpg', 'https://www.square.mk/wp-content/uploads/2025/07/IMG_5540.jpg', 'https://www.square.mk/wp-content/uploads/2022/12/Logo-white.webp']"
https://www.square.mk/izdavanje-na-stanovi-vo-skopje/10232/,550 €,https://www.square.mk/wp-content/uploads/2025/07/IMG_5540.jpg,rent,550 €,БЕЗ ПРОВИЗИЈА,12 месеци,Трособен,Да,56 m2,Веднаш,Дебар Маало,Инвертер,2,ПВЦ,1,Да,2016,Не,Да,Не,2,Не,Да,Да,Да,"['https://www.square.mk/wp-content/uploads/2022/11/Logo.webp', 'https://www.square.mk/wp-content/uploads/2025/07/IMG_5549.jpg', 'https://www.square.mk/wp-content/uploads/2025/07/IMG_5540.jpg', 'https://www.square.mk/wp-content/uploads/2025/07/IMG_5541.jpg', 'https://www.square.mk/wp-content/uploads/2025/07/IMG_5549.jpg', 'https://www.square.mk/wp-content/uploads/2025/07/IMG_5540.jpg', 'https://www.square.mk/wp-content/uploads/2022/12/Logo-white.webp']"
https://www.square.mk/izdavanje-na-stanovi-vo-skopje/1830/,500 €,https://www.square.mk/wp-content/uploads/2024/06/image001-32.jpg,rent,500 €,БЕЗ ПРОВИЗИЈА,12 месеци,Двособен,Да,45 m2,Веднаш,Центар,Парно,1,ПВЦ,1,Да,2022,Не,Нов,Не,3,Не,Да,Да,Да,"['https://www.square.mk/wp-content/uploads/2022/11/Logo.webp', 'https://www.square.mk/wp-content/uploads/2024/06/image009-26.jpg', 'https://www.square.mk/wp-content/uploads/2024/06/image001-32.jpg', 'https://www.square.mk/wp-content/uploads/2024/06/image002-30.jpg', 'https://www.square.mk/wp-content/uploads/2024/06/image009-26.jpg', 'https://www.square.mk/wp-content/uploads/2024/06/image001-32.jpg', 'https://www.square.mk/wp-content/uploads/2022/12/Logo-white.webp']"
https://www.square.mk/izdavanje-na-stanovi-vo-skopje/10229/,380 €,https://www.square.mk/wp-content/uploads/2025/07/IMG_5482.jpg,rent,380 €,БЕЗ ПРОВИЗИЈА,12 месеци,Двособен,Да,40 m2,Веднаш,Козле,Инвертер,1,ПВЦ,1,Да,2016,Не,Да,Не,1,Не,Не,Да,Да,"['https://www.square.mk/wp-content/uploads/2022/11/Logo.webp', 'https://www.square.mk/wp-content/uploads/2025/07/IMG_5490.jpg', 'https://www.square.mk/wp-content/uploads/2025/07/IMG_5482.jpg', 'https://www.square.mk/wp-content/uploads/2025/07/IMG_5483.jpg', 'https://www.square.mk/wp-content/uploads/2025/07/IMG_5490.jpg', 'https://www.square.mk/wp-content/uploads/2025/07/IMG_5482.jpg', 'https://www.square.mk/wp-content/uploads/2022/12/Logo-white.webp']"
https://www.square.mk/izdavanje-na-stanovi-vo-skopje/1752/,450 €,https://www.square.mk/wp-content/uploads/2024/04/IMG_6941.jpg,rent,450 €,БЕЗ ПРОВИЗИЈА,12 месеци,Двособен,Да,55 m2,Веднаш,Ново Лисиче,Парно,1,ПВЦ,1,Да,2015,Не,Да,Не,Приземје,Не,Да,Да,Не,"['https://www.square.mk/wp-content/uploads/2022/11/Logo.webp', 'https://www.square.mk/wp-content/uploads/2024/04/IMG_6949.jpg', 'https://www.square.mk/wp-content/uploads/2024/04/IMG_6941.jpg', 'https://www.square.mk/wp-content/uploads/2024/04/IMG_6942.jpg', 'https://www.square.mk/wp-content/uploads/2024/04/IMG_6949.jpg', 'https://www.square.mk/wp-content/uploads/2024/04/IMG_6941.jpg', 'https://www.square.mk/wp-content/uploads/2022/12/Logo-white.webp']"
https://www.square.mk/izdavanje-na-stanovi-vo-skopje/10228/,900 €,https://www.square.mk/wp-content/uploads/2025/07/IMG_5462.jpg,rent,900 €,БЕЗ ПРОВИЗИЈА,12 месеци,Четворособен,Да,95 m2,Веднаш,Тафталиџе,Парно,3,ПВЦ,1,Да,1998,Не,Да,Не,4,Не,Не,Да,Не,"['https://www.square.mk/wp-content/uploads/2022/11/Logo.webp', 'https://www.square.mk/wp-content/uploads/2025/07/IMG_5475.jpg', 'https://www.square.mk/wp-content/uploads/2025/07/IMG_5462.jpg', 'https://www.square.mk/wp-content/uploads/2025/07/IMG_5463.jpg', 'https://www.square.mk/wp-content/uploads/2025/07/IMG_5475.jpg', 'https://www.square.mk/wp-content/uploads/2025/07/IMG_5462.jpg', 'https://www.square.mk/wp-content/uploads/2022/12/Logo-white.webp']"
https://www.square.mk/izdavanje-na-stanovi-vo-skopje/10202/,800 €,https://www.square.mk/wp-content/uploads/2025/05/IMG_4893.jpg,rent,800 €,БЕЗ ПРОВИЗИЈА,12 месеци,Трособен,Да,78 m2,Веднаш,Центар,Парно,2,ПВЦ,2,Да,2019,Да,Да,Да,12,Не,Да,Да,Да,"['https://www.square.mk/wp-content/uploads/2022/11/Logo.webp', 'https://www.square.mk/wp-content/uploads/2025/05/IMG_4908.jpg', 'https://www.square.mk/wp-content/uploads/2025/05/IMG_4893.jpg', 'https://www.square.mk/wp-content/uploads/2025/05/IMG_4894.jpg', 'https://www.square.mk/wp-content/uploads/2025/05/IMG_4908.jpg', 'https://www.square.mk/wp-content/uploads/2025/05/IMG_4893.jpg', 'https://www.square.mk/wp-content/uploads/2022/12/Logo-white.webp']"
https://www.square.mk/izdavanje-na-stanovi-vo-skopje/1637/,"1,200 €",https://www.square.mk/wp-content/uploads/2024/02/IMG_4765.jpg,rent,"1,200 €",БЕЗ ПРОВИЗИЈА,12 месеци,Четрисобен,Да,163 m2,Веднаш,Водно,Инвертер,3,ПВЦ,4,Да,2010,Не,Да,Не,3,Не,Да,Да,Да,"['https://www.square.mk/wp-content/uploads/2022/11/Logo.webp', 'https://www.square.mk/wp-content/uploads/2024/02/IMG_4783.jpg', 'https://www.square.mk/wp-content/uploads/2024/02/IMG_4765.jpg', 'https://www.square.mk/wp-content/uploads/2024/02/IMG_4766.jpg', 'https://www.square.mk/wp-content/uploads/2024/02/IMG_4783.jpg', 'https://www.square.mk/wp-content/uploads/2024/02/IMG_4765.jpg', 'https://www.square.mk/wp-content/uploads/2022/12/Logo-white.webp']"
https://www.square.mk/izdavanje-na-stanovi-vo-skopje/1888/,650 €,https://www.square.mk/wp-content/uploads/2024/08/image001-19.jpg,rent,650 €,БЕЗ ПРОВИЗИЈА,12 месеци,Трособен,Да,78 m2,Веднаш,Карпош,Парно,2,ПВЦ,2,Да,2016,Не,2024,Не,1,Не,Да,Да,Да,"['https://www.square.mk/wp-content/uploads/2022/11/Logo.webp', 'https://www.square.mk/wp-content/uploads/2024/08/image011-10.jpg', 'https://www.square.mk/wp-content/uploads/2024/08/image001-19.jpg', 'https://www.square.mk/wp-content/uploads/2024/08/image002-20.jpg', 'https://www.square.mk/wp-content/uploads/2024/08/image011-10.jpg', 'https://www.square.mk/wp-content/uploads/2024/08/image001-19.jpg', 'https://www.square.mk/wp-content/uploads/2022/12/Logo-white.webp']"
https://www.square.mk/izdavanje-na-stanovi-vo-skopje/10022/,"1,000 €",https://www.square.mk/wp-content/uploads/2024/12/IMG_1681.jpg,rent,"1,000 €",БЕЗ ПРОВИЗИЈА,12 месеци,Четрисобен,Да,115 m2,Веднаш,Козле,Инвертер,3,ПВЦ,2,Да,2021,Не,Нов,Не,3,Не,Да,Да,Да,"['https://www.square.mk/wp-content/uploads/2022/11/Logo.webp', 'https://www.square.mk/wp-content/uploads/2024/12/IMG_1699.jpg', 'https://www.square.mk/wp-content/uploads/2024/12/IMG_1681.jpg', 'https://www.square.mk/wp-content/uploads/2024/12/IMG_1679.jpg', 'https://www.square.mk/wp-content/uploads/2024/12/IMG_1699.jpg', 'https://www.square.mk/wp-content/uploads/2024/12/IMG_1681.jpg', 'https://www.square.mk/wp-content/uploads/2022/12/Logo-white.webp']"
https://www.square.mk/izdavanje-na-stanovi-vo-skopje/1731/,750 €,https://www.square.mk/wp-content/uploads/2024/08/image001-21.jpg,rent,750 €,БЕЗ ПРОВИЗИЈА,12 месеци,Трособен,Да,74 m2,Веднаш,Центар,Инвертер,2,ПВЦ,2,Да,2016,Не,Да,Не,6,Не,Да,Не,Да,"['https://www.square.mk/wp-content/uploads/2022/11/Logo.webp', 'https://www.square.mk/wp-content/uploads/2024/08/image012-8.jpg', 'https://www.square.mk/wp-content/uploads/2024/08/image001-21.jpg', 'https://www.square.mk/wp-content/uploads/2024/08/image002-22.jpg', 'https://www.square.mk/wp-content/uploads/2024/08/image012-8.jpg', 'https://www.square.mk/wp-content/uploads/2024/08/image001-21.jpg', 'https://www.square.mk/wp-content/uploads/2022/12/Logo-white.webp']"
https://www.square.mk/izdavanje-na-stanovi-vo-skopje/1731/,750 €,https://www.square.mk/wp-content/uploads/2024/08/image001-21.jpg,rent,750 €,БЕЗ ПРОВИЗИЈА,12 месеци,Трособен,Да,74 m2,Веднаш,Центар,Инвертер,2,ПВЦ,2,Да,2016,Не,Да,Не,6,Не,Да,Не,Да,"['https://www.square.mk/wp-content/uploads/2022/11/Logo.webp', 'https://www.square.mk/wp-content/uploads/2024/08/image012-8.jpg', 'https://www.square.mk/wp-content/uploads/2024/08/image001-21.jpg', 'https://www.square.mk/wp-content/uploads/2024/08/image002-22.jpg', 'https://www.square.mk/wp-content/uploads/2024/08/image012-8.jpg', 'https://www.square.mk/wp-content/uploads/2024/08/image001-21.jpg', 'https://www.square.mk/wp-content/uploads/2022/12/Logo-white.webp']"
https://www.square.mk/izdavanje-na-stanovi-vo-skopje/10177/,700 €,https://www.square.mk/wp-content/uploads/2025/05/IMG_4430.jpg,rent,700 €,БЕЗ ПРОВИЗИЈА,12 месеци,Трособен,Да,90 m2,Веднаш,Центар,Парно,2,ПВЦ,2,Да,1962,Не,Да,Не,5,Не,Да,Да,Не,"['https://www.square.mk/wp-content/uploads/2022/11/Logo.webp', 'https://www.square.mk/wp-content/uploads/2025/05/IMG_4447.jpg', 'https://www.square.mk/wp-content/uploads/2025/05/IMG_4430.jpg', 'https://www.square.mk/wp-content/uploads/2025/05/IMG_4431.jpg', 'https://www.square.mk/wp-content/uploads/2025/05/IMG_4447.jpg', 'https://www.square.mk/wp-content/uploads/2025/05/IMG_4430.jpg', 'https://www.square.mk/wp-content/uploads/2022/12/Logo-white.webp']"
https://www.square.mk/izdavanje-na-stanovi-vo-skopje/10065/,"1,200 €",https://www.square.mk/wp-content/uploads/2025/01/IMG_2409.jpg,rent,"1,200 €",БЕЗ ПРОВИЗИЈА,12 месеци,Четрисобен,Да,135 m2,Веднаш,Козле,Инвертер,3,ПВЦ,2,Да,2015,Не,Да,Не,1,Да,Да,Да,Да,"['https://www.square.mk/wp-content/uploads/2022/11/Logo.webp', 'https://www.square.mk/wp-content/uploads/2025/01/IMG_2431.jpg', 'https://www.square.mk/wp-content/uploads/2025/01/IMG_2409.jpg', 'https://www.square.mk/wp-content/uploads/2025/01/IMG_2408.jpg', 'https://www.square.mk/wp-content/uploads/2025/01/IMG_2431.jpg', 'https://www.square.mk/wp-content/uploads/2025/01/IMG_2409.jpg', 'https://www.square.mk/wp-content/uploads/2022/12/Logo-white.webp']"
https://www.square.mk/izdavanje-na-stanovi-vo-skopje/10060/,"1,000 €",https://www.square.mk/wp-content/uploads/2025/01/IMG_2328.jpg,rent,"1,000 €",БЕЗ ПРОВИЗИЈА,12 месеци,Четрисобен,Да,137 m2,Веднаш,Водно,Парно,3,ПВЦ,3,Да,2018,Не,,Не,1,Не,Да,Да,Да,"['https://www.square.mk/wp-content/uploads/2022/11/Logo.webp', 'https://www.square.mk/wp-content/uploads/2025/01/IMG_2347.jpg', 'https://www.square.mk/wp-content/uploads/2025/01/IMG_2328.jpg', 'https://www.square.mk/wp-content/uploads/2025/01/IMG_2329.jpg', 'https://www.square.mk/wp-content/uploads/2025/01/IMG_2347.jpg', 'https://www.square.mk/wp-content/uploads/2025/01/IMG_2328.jpg', 'https://www.square.mk/wp-content/uploads/2022/12/Logo-white.webp']"
https://www.square.mk/izdavanje-na-stanovi-vo-skopje/10144/,500 €,https://www.square.mk/wp-content/uploads/2025/03/IMG_3848.jpg,rent,500 €,БЕЗ ПРОВИЗИЈА,12 месеци,Трособен,Да,74 m2,Веднаш,Центар,Парно,2,ПВЦ,1,Да,2010,Не,Да,Не,3,Не,Да,Да,Не,"['https://www.square.mk/wp-content/uploads/2022/11/Logo.webp', 'https://www.square.mk/wp-content/uploads/2025/03/IMG_3858.jpg', 'https://www.square.mk/wp-content/uploads/2025/03/IMG_3848.jpg', 'https://www.square.mk/wp-content/uploads/2025/03/IMG_3849.jpg', 'https://www.square.mk/wp-content/uploads/2025/03/IMG_3858.jpg', 'https://www.square.mk/wp-content/uploads/2025/03/IMG_3848.jpg', 'https://www.square.mk/wp-content/uploads/2022/12/Logo-white.webp']"
https://www.square.mk/izdavanje-na-stanovi-vo-skopje/1238/,600 €,https://www.square.mk/wp-content/uploads/2023/05/1238_WEB_00000.jpg,rent,600 €,БЕЗ ПРОВИЗИЈА,12 месеци,Tрособен,Да,85 m2,Веднаш,Vodno,Инвертер,2,PVC,2,Да,2015,Не,2023,Не,4,Не,Да,Да,Подземен,"['https://www.square.mk/wp-content/uploads/2022/11/Logo.webp', 'https://www.square.mk/wp-content/uploads/2023/05/1238_WEB_00007.jpg', 'https://www.square.mk/wp-content/uploads/2023/05/1238_WEB_00000.jpg', 'https://www.square.mk/wp-content/uploads/2023/05/1238_WEB_00001.jpg', 'https://www.square.mk/wp-content/uploads/2023/05/1238_WEB_00007.jpg', 'https://www.square.mk/wp-content/uploads/2023/05/1238_WEB_00000.jpg', 'https://www.square.mk/wp-content/uploads/2022/12/Logo-white.webp']"
https://www.square.mk/izdavanje-na-stanovi-vo-skopje/10227/,700 €,https://www.square.mk/wp-content/uploads/2025/07/IMG_5399.jpg,rent,700 €,БЕЗ ПРОВИЗИЈА,12 месеци,Двособен,Да,59 m2,Веднаш,Џевахир,Инвертер,1,ПВЦ,1,Да,2023,Да,Нов,Да,,Не,Да,Да,Да,"['https://www.square.mk/wp-content/uploads/2022/11/Logo.webp', 'https://www.square.mk/wp-content/uploads/2025/07/IMG_5408.jpg', 'https://www.square.mk/wp-content/uploads/2025/07/IMG_5396.jpg', 'https://www.square.mk/wp-content/uploads/2025/07/IMG_5397.jpg', 'https://www.square.mk/wp-content/uploads/2025/07/IMG_5408.jpg', 'https://www.square.mk/wp-content/uploads/2025/07/IMG_5396.jpg', 'https://www.square.mk/wp-content/uploads/2022/12/Logo-white.webp']"
https://www.square.mk/izdavanje-na-stanovi-vo-skopje/10226/,850 €,https://www.square.mk/wp-content/uploads/2025/07/IMG_5382.jpg,rent,850 €,БЕЗ ПРОВИЗИЈА,12 месеци,Трособен,Не,94 m2,Веднаш,Дајмонд мол,Инвертер,2,ПВЦ,2,Да,2023,Да,Нов,Да,16,Не,Да,Да,Да,"['https://www.square.mk/wp-content/uploads/2022/11/Logo.webp', 'https://www.square.mk/wp-content/uploads/2025/07/IMG_5393.jpg', 'https://www.square.mk/wp-content/uploads/2025/07/IMG_5382.jpg', 'https://www.square.mk/wp-content/uploads/2025/07/IMG_5383.jpg', 'https://www.square.mk/wp-content/uploads/2025/07/IMG_5393.jpg', 'https://www.square.mk/wp-content/uploads/2025/07/IMG_5382.jpg', 'https://www.square.mk/wp-content/uploads/2022/12/Logo-white.webp']"
https://www.square.mk/izdavanje-na-stanovi-vo-skopje/10225/,400 €,https://www.square.mk/wp-content/uploads/2025/07/IMG_5411.jpg,rent,400 €,БЕЗ ПРОВИЗИЈА,12 месеци,Двособен,Да,52 m2,Веднаш,Козле,Инвертер,1,ПВЦ,1,Да,2010,Не,Да,Не,1,Не,Не,Да,Не,"['https://www.square.mk/wp-content/uploads/2022/11/Logo.webp', 'https://www.square.mk/wp-content/uploads/2025/07/IMG_5422.jpg', 'https://www.square.mk/wp-content/uploads/2025/07/IMG_5411.jpg', 'https://www.square.mk/wp-content/uploads/2025/07/IMG_5412.jpg', 'https://www.square.mk/wp-content/uploads/2025/07/IMG_5422.jpg', 'https://www.square.mk/wp-content/uploads/2025/07/IMG_5411.jpg', 'https://www.square.mk/wp-content/uploads/2022/12/Logo-white.webp']"
https://www.square.mk/izdavanje-na-stanovi-vo-skopje/1072/,430 €,https://www.square.mk/wp-content/uploads/2023/07/1072_WEB_00000.jpg,rent,430 €,БЕЗ ПРОВИЗИЈА,12 месеци,Двособен,По договор,55 m2,Веднаш,Тафталиџе,Инвертер,1,ПВЦ,1,Не,2012,Не,Да,Не,4,Не,Да,Да,Да,"['https://www.square.mk/wp-content/uploads/2022/11/Logo.webp', 'https://www.square.mk/wp-content/uploads/2023/07/1072_WEB_00010.jpg', 'https://www.square.mk/wp-content/uploads/2023/07/1072_WEB_00000.jpg', 'https://www.square.mk/wp-content/uploads/2023/07/1072_WEB_00002.jpg', 'https://www.square.mk/wp-content/uploads/2023/07/1072_WEB_00010.jpg', 'https://www.square.mk/wp-content/uploads/2023/07/1072_WEB_00000.jpg', 'https://www.square.mk/wp-content/uploads/2022/12/Logo-white.webp']"
https://www.square.mk/izdavanje-na-stanovi-vo-skopje/1072/,430 €,https://www.square.mk/wp-content/uploads/2023/07/1072_WEB_00000.jpg,rent,430 €,БЕЗ ПРОВИЗИЈА,12 месеци,Двособен,По договор,55 m2,Веднаш,Тафталиџе,Инвертер,1,ПВЦ,1,Не,2012,Не,Да,Не,4,Не,Да,Да,Да,"['https://www.square.mk/wp-content/uploads/2022/11/Logo.webp', 'https://www.square.mk/wp-content/uploads/2023/07/1072_WEB_00010.jpg', 'https://www.square.mk/wp-content/uploads/2023/07/1072_WEB_00000.jpg', 'https://www.square.mk/wp-content/uploads/2023/07/1072_WEB_00002.jpg', 'https://www.square.mk/wp-content/uploads/2023/07/1072_WEB_00010.jpg', 'https://www.square.mk/wp-content/uploads/2023/07/1072_WEB_00000.jpg', 'https://www.square.mk/wp-content/uploads/2022/12/Logo-white.webp']"
https://www.square.mk/izdavanje-na-stanovi-vo-skopje/10251/,800 €,https://www.square.mk/wp-content/uploads/2025/08/IMG_5833.jpg,rent,800 €,БЕЗ ПРОВИЗИЈА,12 месеци,Трособен,Да,68 m2,Веднаш,Џевахир,Инвертер,2,ПВЦ,1,Да,2025,Да,Нов,Да,9,Не,Да,Не,Да,"['https://www.square.mk/wp-content/uploads/2022/11/Logo.webp', 'https://www.square.mk/wp-content/uploads/2025/08/IMG_5842.jpg', 'https://www.square.mk/wp-content/uploads/2025/08/IMG_5833.jpg', 'https://www.square.mk/wp-content/uploads/2025/08/IMG_5834.jpg', 'https://www.square.mk/wp-content/uploads/2025/08/IMG_5842.jpg', 'https://www.square.mk/wp-content/uploads/2025/08/IMG_5833.jpg', 'https://www.square.mk/wp-content/uploads/2022/12/Logo-white.webp']"
https://www.square.mk/izdavanje-na-stanovi-vo-skopje/1440/,600 €,https://www.square.mk/wp-content/uploads/2023/10/IMG_0598.jpg,rent,600 €,БЕЗ ПРОВИЗИЈА,12 месеци,Двособен,Да,68 m2,Веднаш,Дебар Маало,Струја,1,Алуминиум,1,Да,2015,Не,Да,Не,3,Не,Да,Да,Не,"['https://www.square.mk/wp-content/uploads/2022/11/Logo.webp', 'https://www.square.mk/wp-content/uploads/2023/10/IMG_0608.jpg', 'https://www.square.mk/wp-content/uploads/2023/10/IMG_0598.jpg', 'https://www.square.mk/wp-content/uploads/2023/10/IMG_0599.jpg', 'https://www.square.mk/wp-content/uploads/2023/10/IMG_0608.jpg', 'https://www.square.mk/wp-content/uploads/2023/10/IMG_0598.jpg', 'https://www.square.mk/wp-content/uploads/2022/12/Logo-white.webp']"
https://www.square.mk/izdavanje-na-stanovi-vo-skopje/1750/,600 €,https://www.square.mk/wp-content/uploads/2024/04/IMG_6897.jpg,rent,600 €,БЕЗ ПРОВИЗИЈА,12 месеци,Трособен,Да,71 m2,Веднаш,Центар,Парно,2,ПВЦ,2,Да,2010,Не,Да,Не,4,Не,Да,Да,Да,"['https://www.square.mk/wp-content/uploads/2022/11/Logo.webp', 'https://www.square.mk/wp-content/uploads/2024/04/IMG_6909.jpg', 'https://www.square.mk/wp-content/uploads/2024/04/IMG_6896.jpg', 'https://www.square.mk/wp-content/uploads/2024/04/IMG_6897.jpg', 'https://www.square.mk/wp-content/uploads/2024/04/IMG_6909.jpg', 'https://www.square.mk/wp-content/uploads/2024/04/IMG_6896.jpg', 'https://www.square.mk/wp-content/uploads/2022/12/Logo-white.webp']"
https://www.square.mk/izdavanje-na-stanovi-vo-skopje/10146/,370 €,https://www.square.mk/wp-content/uploads/2025/03/IMG_3836.jpg,rent,370 €,БЕЗ ПРОВИЗИЈА,12 месеци,Гарсоњера,Да,35 m2,Веднаш,Тафталиџе,Парно,1,ПВЦ,1,Да,2020,Не,Нов,Не,1,Не,Да,Да,Не,"['https://www.square.mk/wp-content/uploads/2022/11/Logo.webp', 'https://www.square.mk/wp-content/uploads/2025/03/IMG_3845.jpg', 'https://www.square.mk/wp-content/uploads/2025/03/IMG_3836.jpg', 'https://www.square.mk/wp-content/uploads/2025/03/IMG_3837.jpg', 'https://www.square.mk/wp-content/uploads/2025/03/IMG_3845.jpg', 'https://www.square.mk/wp-content/uploads/2025/03/IMG_3836.jpg', 'https://www.square.mk/wp-content/uploads/2022/12/Logo-white.webp']"
https://www.square.mk/izdavanje-na-stanovi-vo-skopje/1032/,500 €,https://www.square.mk/wp-content/uploads/2023/09/IMG_8444.jpg,rent,500 €,БЕЗ ПРОВИЗИЈА,12 месеци,Двособен,Да,60 m2,Веднаш,Карпош,Парно,1,ПВЦ,1,Да,2003,Не,Да,Не,5,Не,Да,Да,Не,"['https://www.square.mk/wp-content/uploads/2022/11/Logo.webp', 'https://www.square.mk/wp-content/uploads/2023/09/IMG_8452.jpg', 'https://www.square.mk/wp-content/uploads/2023/09/IMG_8443.jpg', 'https://www.square.mk/wp-content/uploads/2023/09/IMG_8444.jpg', 'https://www.square.mk/wp-content/uploads/2023/09/IMG_8452.jpg', 'https://www.square.mk/wp-content/uploads/2023/09/IMG_8443.jpg', 'https://www.square.mk/wp-content/uploads/2022/12/Logo-white.webp']"
https://www.square.mk/izdavanje-na-stanovi-vo-skopje/10235/,550 €,https://www.square.mk/wp-content/uploads/2025/07/IMG_5567.jpg,rent,550 €,БЕЗ ПРОВИЗИЈА,12 месеци,Двособен,Да,48 m2,Веднаш,Дебар Маало,Парно,1,ПВЦ,1,Да,2005,Не,Да,Не,2,Не,Да,Да,Да,"['https://www.square.mk/wp-content/uploads/2022/11/Logo.webp', 'https://www.square.mk/wp-content/uploads/2025/07/IMG_5575.jpg', 'https://www.square.mk/wp-content/uploads/2025/07/IMG_5567.jpg', 'https://www.square.mk/wp-content/uploads/2025/07/IMG_5568.jpg', 'https://www.square.mk/wp-content/uploads/2025/07/IMG_5575.jpg', 'https://www.square.mk/wp-content/uploads/2025/07/IMG_5567.jpg', 'https://www.square.mk/wp-content/uploads/2022/12/Logo-white.webp']"
https://www.square.mk/izdavanje-na-stanovi-vo-skopje/1483/,950 €,https://www.square.mk/wp-content/uploads/2023/11/IMG_6707.jpg,rent,950 €,БЕЗ ПРОВИЗИЈА,12 месеци,Трособен,Да,74 m2,Веднаш,Центар,Струја,2,ПВЦ,2,Да,2022,Не,Нов,Не,4,Не,Да,Да,Да,"['https://www.square.mk/wp-content/uploads/2022/11/Logo.webp', 'https://www.square.mk/wp-content/uploads/2023/11/IMG_6718.jpg', 'https://www.square.mk/wp-content/uploads/2023/11/IMG_6706.jpg', 'https://www.square.mk/wp-content/uploads/2023/11/IMG_6707.jpg', 'https://www.square.mk/wp-content/uploads/2023/11/IMG_6718.jpg', 'https://www.square.mk/wp-content/uploads/2023/11/IMG_6706.jpg', 'https://www.square.mk/wp-content/uploads/2022/12/Logo-white.webp']"
https://www.square.mk/izdavanje-na-stanovi-vo-skopje/10087/,450 €,https://www.square.mk/wp-content/uploads/2025/02/IMG_2825.jpg,rent,450 €,БЕЗ ПРОВИЗИЈА,12 месеци,Двособен,Да,60 m2,Веднаш,Тафталиџе,Парно,1,ПВЦ,1,Да,2019,Не,Да,Не,5,Не,Да,Да,Не,"['https://www.square.mk/wp-content/uploads/2022/11/Logo.webp', 'https://www.square.mk/wp-content/uploads/2025/02/IMG_2835.jpg', 'https://www.square.mk/wp-content/uploads/2025/02/IMG_2825.jpg', 'https://www.square.mk/wp-content/uploads/2025/02/IMG_2826.jpg', 'https://www.square.mk/wp-content/uploads/2025/02/IMG_2835.jpg', 'https://www.square.mk/wp-content/uploads/2025/02/IMG_2825.jpg', 'https://www.square.mk/wp-content/uploads/2022/12/Logo-white.webp']"
https://www.square.mk/izdavanje-na-stanovi-vo-skopje/1827/,"1,000 €",https://www.square.mk/wp-content/uploads/2024/06/image002-26.jpg,rent,"1,000 €",БЕЗ ПРОВИЗИЈА,12 месеци,Трособен,Да,78 m2,Веднаш,Џевахир,Инвертер,2,ПВЦ,2,Да,2022,Да,Нов,Да,33,Не,Да,Да,Да,"['https://www.square.mk/wp-content/uploads/2022/11/Logo.webp', 'https://www.square.mk/wp-content/uploads/2024/06/image011-12.jpg', 'https://www.square.mk/wp-content/uploads/2024/06/image001-28.jpg', 'https://www.square.mk/wp-content/uploads/2024/06/image002-26.jpg', 'https://www.square.mk/wp-content/uploads/2024/06/image011-12.jpg', 'https://www.square.mk/wp-content/uploads/2024/06/image001-28.jpg', 'https://www.square.mk/wp-content/uploads/2022/12/Logo-white.webp']"
https://www.square.mk/izdavanje-na-stanovi-vo-skopje/1827/,"1,000 €",https://www.square.mk/wp-content/uploads/2024/06/image002-26.jpg,rent,"1,000 €",БЕЗ ПРОВИЗИЈА,12 месеци,Трособен,Да,78 m2,Веднаш,Џевахир,Инвертер,2,ПВЦ,2,Да,2022,Да,Нов,Да,33,Не,Да,Да,Да,"['https://www.square.mk/wp-content/uploads/2022/11/Logo.webp', 'https://www.square.mk/wp-content/uploads/2024/06/image011-12.jpg', 'https://www.square.mk/wp-content/uploads/2024/06/image001-28.jpg', 'https://www.square.mk/wp-content/uploads/2024/06/image002-26.jpg', 'https://www.square.mk/wp-content/uploads/2024/06/image011-12.jpg', 'https://www.square.mk/wp-content/uploads/2024/06/image001-28.jpg', 'https://www.square.mk/wp-content/uploads/2022/12/Logo-white.webp']"
https://www.square.mk/izdavanje-na-stanovi-vo-skopje/10223/,650 €,https://www.square.mk/wp-content/uploads/2025/07/IMG_5352.jpg,rent,650 €,БЕЗ ПРОВИЗИЈА,12 месеци,Трособен,Да,82 m2,Веднаш,Центар,Парно,2,ПВЦ,2,Да,2024,Не,Нов,Не,7,Не,Да,Да,Да,"['https://www.square.mk/wp-content/uploads/2022/11/Logo.webp', 'https://www.square.mk/wp-content/uploads/2025/07/IMG_5364.jpg', 'https://www.square.mk/wp-content/uploads/2025/07/IMG_5351.jpg', 'https://www.square.mk/wp-content/uploads/2025/07/IMG_5352.jpg', 'https://www.square.mk/wp-content/uploads/2025/07/IMG_5364.jpg', 'https://www.square.mk/wp-content/uploads/2025/07/IMG_5351.jpg', 'https://www.square.mk/wp-content/uploads/2022/12/Logo-white.webp']"
https://www.square.mk/izdavanje-na-stanovi-vo-skopje/1831/,550 €,https://www.square.mk/wp-content/uploads/2024/06/image001-30.jpg,rent,550 €,БЕЗ ПРОВИЗИЈА,12 месеци,Трособен,Да,95 m2,Веднаш,Центар,Парно,2,ПВЦ,2,Да,1999,Не,Да,Не,5,Не,Да,Да,Не,"['https://www.square.mk/wp-content/uploads/2022/11/Logo.webp', 'https://www.square.mk/wp-content/uploads/2024/06/image012-10.jpg', 'https://www.square.mk/wp-content/uploads/2024/06/image001-30.jpg', 'https://www.square.mk/wp-content/uploads/2024/06/image002-28.jpg', 'https://www.square.mk/wp-content/uploads/2024/06/image012-10.jpg', 'https://www.square.mk/wp-content/uploads/2024/06/image001-30.jpg', 'https://www.square.mk/wp-content/uploads/2022/12/Logo-white.webp']"
https://www.square.mk/izdavanje-na-stanovi-vo-skopje/1926/,800 €,https://www.square.mk/wp-content/uploads/2024/09/image003-26.jpg,rent,800 €,БЕЗ ПРОВИЗИЈА,12 месеци,Двособен,Да,50 m2,Веднаш,Центар,Парно,1,ПВЦ,1,Да,2024,Да,Нов,Да,,Не,Да,Да,Да,"['https://www.square.mk/wp-content/uploads/2022/11/Logo.webp', 'https://www.square.mk/wp-content/uploads/2024/09/image011-15.jpg', 'https://www.square.mk/wp-content/uploads/2024/09/image002-25.jpg', 'https://www.square.mk/wp-content/uploads/2024/09/image003-26.jpg', 'https://www.square.mk/wp-content/uploads/2024/09/image011-15.jpg', 'https://www.square.mk/wp-content/uploads/2024/09/image002-25.jpg', 'https://www.square.mk/wp-content/uploads/2022/12/Logo-white.webp']"
https://www.square.mk/izdavanje-na-stanovi-vo-skopje/1265/,500 €,https://www.square.mk/wp-content/uploads/2024/07/image008-12.jpg,rent,500 €,БЕЗ ПРОВИЗИЈА,1 година,Двособен,Да,41+57 m2,Веднаш,Аеродром,Струја,1,ПВЦ,1,Да,2022,Не,Нов,Не,5,Не,Да,Да,25 €,"['https://www.square.mk/wp-content/uploads/2022/11/Logo.webp', 'https://www.square.mk/wp-content/uploads/2024/07/image012-2.jpg', 'https://www.square.mk/wp-content/uploads/2024/07/image001-14.jpg', 'https://www.square.mk/wp-content/uploads/2024/07/image002-14.jpg', 'https://www.square.mk/wp-content/uploads/2024/07/image012-2.jpg', 'https://www.square.mk/wp-content/uploads/2024/07/image001-14.jpg', 'https://www.square.mk/wp-content/uploads/2022/12/Logo-white.webp']"
https://www.square.mk/izdavanje-na-stanovi-vo-skopje/1835/,470 €,https://www.square.mk/wp-content/uploads/2024/07/image001.jpg,rent,470 €,БЕЗ ПРОВИЗИЈА,12 месеци,Трособен,Да,67 m2,Веднаш,Центар,Парно,2,ПВЦ,1,Да,1989,Не,Да,Не,3,Не,Да,Не,Не,"['https://www.square.mk/wp-content/uploads/2022/11/Logo.webp', 'https://www.square.mk/wp-content/uploads/2024/07/image008.jpg', 'https://www.square.mk/wp-content/uploads/2024/07/image001.jpg', 'https://www.square.mk/wp-content/uploads/2024/07/image002.jpg', 'https://www.square.mk/wp-content/uploads/2024/07/image008.jpg', 'https://www.square.mk/wp-content/uploads/2024/07/image001.jpg', 'https://www.square.mk/wp-content/uploads/2022/12/Logo-white.webp']"
https://www.square.mk/izdavanje-na-stanovi-vo-skopje/1700/,800 €,https://www.square.mk/wp-content/uploads/2024/08/IMG_5205.jpg,rent,800 €,БЕЗ ПРОВИЗИЈА,12 месеци,Трособен,Да,88 m2,Веднаш,Центар,Инвертер,2,ПВЦ,2,Да,2015,Не,Да,Не,2,Не,Да,Да,Да,"['https://www.square.mk/wp-content/uploads/2022/11/Logo.webp', 'https://www.square.mk/wp-content/uploads/2024/08/IMG_5216.jpg', 'https://www.square.mk/wp-content/uploads/2024/08/IMG_5205.jpg', 'https://www.square.mk/wp-content/uploads/2024/08/IMG_5206.jpg', 'https://www.square.mk/wp-content/uploads/2024/08/IMG_5216.jpg', 'https://www.square.mk/wp-content/uploads/2024/08/IMG_5205.jpg', 'https://www.square.mk/wp-content/uploads/2022/12/Logo-white.webp']"
https://www.square.mk/izdavanje-na-stanovi-vo-skopje/1883/,750 €,https://www.square.mk/wp-content/uploads/2024/08/image001-14.jpg,rent,750 €,БЕЗ ПРОВИЗИЈА,12 месеци,Двособен,Да,53 m2,Веднаш,Центар,Парно,1,ПВЦ,1,Да,2024,Да,Нов,Да,,Не,Да,Да,Да,"['https://www.square.mk/wp-content/uploads/2022/11/Logo.webp', 'https://www.square.mk/wp-content/uploads/2024/08/image012-7.jpg', 'https://www.square.mk/wp-content/uploads/2024/08/image001-14.jpg', 'https://www.square.mk/wp-content/uploads/2024/08/image002-15.jpg', 'https://www.square.mk/wp-content/uploads/2024/08/image012-7.jpg', 'https://www.square.mk/wp-content/uploads/2024/08/image001-14.jpg', 'https://www.square.mk/wp-content/uploads/2022/12/Logo-white.webp']"
https://www.square.mk/izdavanje-na-stanovi-vo-skopje/1437/,"1,200 €",https://www.square.mk/wp-content/uploads/2023/10/IMG_0501.jpg,rent,"1,200 €",БЕЗ ПРОВИЗИЈА,12 месеци,Трособен,Да,138 m2,Веднаш,Водно,Струја,2,Алуминиум,3,Да,2016,Не,Да,Не,1,Не,Да,Да,Да,"['https://www.square.mk/wp-content/uploads/2022/11/Logo.webp', 'https://www.square.mk/wp-content/uploads/2023/10/IMG_0516.jpg', 'https://www.square.mk/wp-content/uploads/2023/10/IMG_0501.jpg', 'https://www.square.mk/wp-content/uploads/2023/10/IMG_0502.jpg', 'https://www.square.mk/wp-content/uploads/2023/10/IMG_0516.jpg', 'https://www.square.mk/wp-content/uploads/2023/10/IMG_0501.jpg', 'https://www.square.mk/wp-content/uploads/2022/12/Logo-white.webp']"
https://www.square.mk/izdavanje-na-stanovi-vo-skopje/1660/,400 €,https://www.square.mk/wp-content/uploads/2024/02/IMG_5181.jpg,rent,400 €,БЕЗ ПРОВИЗИЈА,12 месеци,Двособен,Да,50 m2,Веднаш,Водно,Инвертер,1,ПВЦ,1,Да,2010,Не,Да,Не,3,Не,Да,Не,Не,"['https://www.square.mk/wp-content/uploads/2022/11/Logo.webp', 'https://www.square.mk/wp-content/uploads/2024/02/IMG_5190.jpg', 'https://www.square.mk/wp-content/uploads/2024/02/IMG_5181.jpg', 'https://www.square.mk/wp-content/uploads/2024/02/IMG_5182.jpg', 'https://www.square.mk/wp-content/uploads/2024/02/IMG_5190.jpg', 'https://www.square.mk/wp-content/uploads/2024/02/IMG_5181.jpg', 'https://www.square.mk/wp-content/uploads/2022/12/Logo-white.webp']"
https://www.square.mk/izdavanje-na-stanovi-vo-skopje/1660/,400 €,https://www.square.mk/wp-content/uploads/2024/02/IMG_5181.jpg,rent,400 €,БЕЗ ПРОВИЗИЈА,12 месеци,Двособен,Да,50 m2,Веднаш,Водно,Инвертер,1,ПВЦ,1,Да,2010,Не,Да,Не,3,Не,Да,Не,Не,"['https://www.square.mk/wp-content/uploads/2022/11/Logo.webp', 'https://www.square.mk/wp-content/uploads/2024/02/IMG_5190.jpg', 'https://www.square.mk/wp-content/uploads/2024/02/IMG_5181.jpg', 'https://www.square.mk/wp-content/uploads/2024/02/IMG_5182.jpg', 'https://www.square.mk/wp-content/uploads/2024/02/IMG_5190.jpg', 'https://www.square.mk/wp-content/uploads/2024/02/IMG_5181.jpg', 'https://www.square.mk/wp-content/uploads/2022/12/Logo-white.webp']"
https://www.square.mk/izdavanje-na-stanovi-vo-skopje/1891/,400 €,https://www.square.mk/wp-content/uploads/2024/08/image002-23.jpg,rent,400 €,БЕЗ ПРОВИЗИЈА,12 месеци,Двособен,Да,44 m2,Веднаш,Аеродром,Инвертер,1,ПВЦ,1,Да,2020,Не,Нов,Не,3,Не,Да,Да,Не,"['https://www.square.mk/wp-content/uploads/2022/11/Logo.webp', 'https://www.square.mk/wp-content/uploads/2024/08/image009-22.jpg', 'https://www.square.mk/wp-content/uploads/2024/08/image001-22.jpg', 'https://www.square.mk/wp-content/uploads/2024/08/image002-23.jpg', 'https://www.square.mk/wp-content/uploads/2024/08/image009-22.jpg', 'https://www.square.mk/wp-content/uploads/2024/08/image001-22.jpg', 'https://www.square.mk/wp-content/uploads/2022/12/Logo-white.webp']"
https://www.square.mk/izdavanje-na-stanovi-vo-skopje/10217/,650 €,https://www.square.mk/wp-content/uploads/2025/06/IMG_5151.jpg,rent,650 €,БЕЗ ПРОВИЗИЈА,12 месеци,Двособен,Да,83 m2,Веднаш,Дебар Маало,Парно,1,ПВЦ,2,Да,2015,Не,Да,Не,2,Не,Да,Да,Да,"['https://www.square.mk/wp-content/uploads/2022/11/Logo.webp', 'https://www.square.mk/wp-content/uploads/2025/06/IMG_5163.jpg', 'https://www.square.mk/wp-content/uploads/2025/06/IMG_5151.jpg', 'https://www.square.mk/wp-content/uploads/2025/06/IMG_5152.jpg', 'https://www.square.mk/wp-content/uploads/2025/06/IMG_5163.jpg', 'https://www.square.mk/wp-content/uploads/2025/06/IMG_5151.jpg', 'https://www.square.mk/wp-content/uploads/2022/12/Logo-white.webp']"
https://www.square.mk/izdavanje-na-stanovi-vo-skopje/1871/,400 €,https://www.square.mk/wp-content/uploads/2024/08/image001.jpg,rent,400 €,БЕЗ ПРОВИЗИЈА,12 месеци,Двособен,Да,51 m2,Веднаш,Аеродром,Инвертер,1,ПВЦ,1,Да,2024,Не,Нов,Не,3,Не,Да,Да,Не,"['https://www.square.mk/wp-content/uploads/2022/11/Logo.webp', 'https://www.square.mk/wp-content/uploads/2024/08/image009.jpg', 'https://www.square.mk/wp-content/uploads/2024/08/image001.jpg', 'https://www.square.mk/wp-content/uploads/2024/08/image002.jpg', 'https://www.square.mk/wp-content/uploads/2024/08/image009.jpg', 'https://www.square.mk/wp-content/uploads/2024/08/image001.jpg', 'https://www.square.mk/wp-content/uploads/2022/12/Logo-white.webp']"
https://www.square.mk/izdavanje-na-stanovi-vo-skopje/1733/,400 €,https://www.square.mk/wp-content/uploads/2024/04/IMG_6598.jpg,rent,400 €,БЕЗ ПРОВИЗИЈА,12 месеци,Трособен,Да,75 m2,Веднаш,Капиштец,Парно,2,ПВЦ,1,Да,1980,Не,Да,Не,11,Не,Да,Да,Не,"['https://www.square.mk/wp-content/uploads/2022/11/Logo.webp', 'https://www.square.mk/wp-content/uploads/2024/04/IMG_6605.jpg', 'https://www.square.mk/wp-content/uploads/2024/04/IMG_6596.jpg', 'https://www.square.mk/wp-content/uploads/2024/04/IMG_6597.jpg', 'https://www.square.mk/wp-content/uploads/2024/04/IMG_6605.jpg', 'https://www.square.mk/wp-content/uploads/2024/04/IMG_6596.jpg', 'https://www.square.mk/wp-content/uploads/2022/12/Logo-white.webp']"
https://www.square.mk/izdavanje-na-stanovi-vo-skopje/1401/,550 €,https://www.square.mk/wp-content/uploads/2023/10/IMG_9675.jpg,rent,600 €,БЕЗ ПРОВИЗИЈА,6 месеци,Трособен,Да,60 m2,Веднаш,Центар,Парно,2,ПВЦ,1,Да,2015,Не,Да,Не,1,Не,Да,Да,Да,"['https://www.square.mk/wp-content/uploads/2022/11/Logo.webp', 'https://www.square.mk/wp-content/uploads/2023/10/IMG_9682.jpg', 'https://www.square.mk/wp-content/uploads/2023/10/IMG_9675.jpg', 'https://www.square.mk/wp-content/uploads/2023/10/IMG_9676.jpg', 'https://www.square.mk/wp-content/uploads/2023/10/IMG_9682.jpg', 'https://www.square.mk/wp-content/uploads/2023/10/IMG_9675.jpg', 'https://www.square.mk/wp-content/uploads/2022/12/Logo-white.webp']"
https://www.square.mk/izdavanje-na-stanovi-vo-skopje/1936/,350 €,https://www.square.mk/wp-content/uploads/2024/10/image001-4.jpg,rent,350 €,БЕЗ ПРОВИЗИЈА,12 месеци,Двособен,Да,47 m2,Веднаш,Кисела Вода,Инвертер,1,ПВЦ,1,Да,2018,Не,2023,Не,2,Не,Да,Да,Не,"['https://www.square.mk/wp-content/uploads/2022/11/Logo.webp', 'https://www.square.mk/wp-content/uploads/2024/10/image009-5.jpg', 'https://www.square.mk/wp-content/uploads/2024/10/image001-4.jpg', 'https://www.square.mk/wp-content/uploads/2024/10/image002-4.jpg', 'https://www.square.mk/wp-content/uploads/2024/10/image009-5.jpg', 'https://www.square.mk/wp-content/uploads/2024/10/image001-4.jpg', 'https://www.square.mk/wp-content/uploads/2022/12/Logo-white.webp']"
https://www.square.mk/izdavanje-na-stanovi-vo-skopje/10069/,600 €,https://www.square.mk/wp-content/uploads/2025/02/IMG_2477.jpg,rent,600 €,БЕЗ ПРОВИЗИЈА,12 месеци,Трособен,Да,76 m2,Веднаш,Дебар Маало,Парно,2,ПВЦ,2,Да,1999,Не,Да,Не,1,Не,Да,Да,Не,"['https://www.square.mk/wp-content/uploads/2022/11/Logo.webp', 'https://www.square.mk/wp-content/uploads/2025/02/IMG_2490.jpg', 'https://www.square.mk/wp-content/uploads/2025/02/IMG_2477.jpg', 'https://www.square.mk/wp-content/uploads/2025/02/IMG_2478.jpg', 'https://www.square.mk/wp-content/uploads/2025/02/IMG_2490.jpg', 'https://www.square.mk/wp-content/uploads/2025/02/IMG_2477.jpg', 'https://www.square.mk/wp-content/uploads/2022/12/Logo-white.webp']"
https://www.square.mk/izdavanje-na-stanovi-vo-skopje/10212/,750 €,https://www.square.mk/wp-content/uploads/2025/06/IMG_5064.jpg,rent,750 €,БЕЗ ПРОВИЗИЈА,12 месеци,Трособен,Да,72 m2,Веднаш,Тафталиџе,Инвертер,2,ПВЦ,1,Да,2012,Не,Да,Не,2,Не,Не,Да,Да,"['https://www.square.mk/wp-content/uploads/2022/11/Logo.webp', 'https://www.square.mk/wp-content/uploads/2025/06/IMG_5075.jpg', 'https://www.square.mk/wp-content/uploads/2025/06/IMG_5064.jpg', 'https://www.square.mk/wp-content/uploads/2025/06/IMG_5065.jpg', 'https://www.square.mk/wp-content/uploads/2025/06/IMG_5075.jpg', 'https://www.square.mk/wp-content/uploads/2025/06/IMG_5064.jpg', 'https://www.square.mk/wp-content/uploads/2022/12/Logo-white.webp']"
https://www.square.mk/izdavanje-na-stanovi-vo-skopje/10211/,"1,000 €",https://www.square.mk/wp-content/uploads/2025/06/IMG_5039.jpg,rent,"1,000 €",БЕЗ ПРОВИЗИЈА,12 месеци,Трособен,Да,110 m2,Веднаш,Козле,Инвертер,2,ПВЦ,2,Да,2024,Не,Нов,Не,1,Не,Не,Да,Да,"['https://www.square.mk/wp-content/uploads/2022/11/Logo.webp', 'https://www.square.mk/wp-content/uploads/2025/06/IMG_5055.jpg', 'https://www.square.mk/wp-content/uploads/2025/06/IMG_5039.jpg', 'https://www.square.mk/wp-content/uploads/2025/06/IMG_5040.jpg', 'https://www.square.mk/wp-content/uploads/2025/06/IMG_5055.jpg', 'https://www.square.mk/wp-content/uploads/2025/06/IMG_5039.jpg', 'https://www.square.mk/wp-content/uploads/2022/12/Logo-white.webp']"
https://www.square.mk/izdavanje-na-stanovi-vo-skopje/10211/,"1,000 €",https://www.square.mk/wp-content/uploads/2025/06/IMG_5039.jpg,rent,"1,000 €",БЕЗ ПРОВИЗИЈА,12 месеци,Трособен,Да,110 m2,Веднаш,Козле,Инвертер,2,ПВЦ,2,Да,2024,Не,Нов,Не,1,Не,Не,Да,Да,"['https://www.square.mk/wp-content/uploads/2022/11/Logo.webp', 'https://www.square.mk/wp-content/uploads/2025/06/IMG_5055.jpg', 'https://www.square.mk/wp-content/uploads/2025/06/IMG_5039.jpg', 'https://www.square.mk/wp-content/uploads/2025/06/IMG_5040.jpg', 'https://www.square.mk/wp-content/uploads/2025/06/IMG_5055.jpg', 'https://www.square.mk/wp-content/uploads/2025/06/IMG_5039.jpg', 'https://www.square.mk/wp-content/uploads/2022/12/Logo-white.webp']"
https://www.square.mk/izdavanje-na-stanovi-vo-skopje/1991/,450 €,https://www.square.mk/wp-content/uploads/2024/11/IMG_1137.jpg,rent,450 €,БЕЗ ПРОВИЗИЈА,12 месеци,Двособен,Да,47 m2,Веднаш,Центар,Инвертер,1,ПВЦ,1,Да,1991,Не,2020,Не,1,Не,Не,Да,Не,"['https://www.square.mk/wp-content/uploads/2022/11/Logo.webp', 'https://www.square.mk/wp-content/uploads/2024/11/IMG_1147.jpg', 'https://www.square.mk/wp-content/uploads/2024/11/IMG_1139.jpg', 'https://www.square.mk/wp-content/uploads/2024/11/IMG_1137.jpg', 'https://www.square.mk/wp-content/uploads/2024/11/IMG_1147.jpg', 'https://www.square.mk/wp-content/uploads/2024/11/IMG_1139.jpg', 'https://www.square.mk/wp-content/uploads/2022/12/Logo-white.webp']"
https://www.square.mk/izdavanje-na-stanovi-vo-skopje/1365/,450 €,https://www.square.mk/wp-content/uploads/2023/09/IMG_8959.jpg,rent,450 €,БЕЗ ПРОВИЗИЈА,12 месеци,Трособен,Да,65 m2,Веднаш,Карпош,Парно,2,ПВЦ,1,Да,1972,Не,Да,Не,Приземје,Не,Не,Да,Не,"['https://www.square.mk/wp-content/uploads/2022/11/Logo.webp', 'https://www.square.mk/wp-content/uploads/2023/09/IMG_8967.jpg', 'https://www.square.mk/wp-content/uploads/2023/09/IMG_8958.jpg', 'https://www.square.mk/wp-content/uploads/2023/09/IMG_8959.jpg', 'https://www.square.mk/wp-content/uploads/2023/09/IMG_8967.jpg', 'https://www.square.mk/wp-content/uploads/2023/09/IMG_8958.jpg', 'https://www.square.mk/wp-content/uploads/2022/12/Logo-white.webp']"
https://www.square.mk/izdavanje-na-stanovi-vo-skopje/10210/,"1,100 €",https://www.square.mk/wp-content/uploads/2025/06/IMG_5014.jpg,rent,"1,100 €",БЕЗ ПРОВИЗИЈА,12 месеци,Двособен,Да,76 m2,Веднаш,Тафталиџе,Парно,1,ПВЦ,1,Да,2025,Не,Нов,Не,2,Не,Да,Да,Не,"['https://www.square.mk/wp-content/uploads/2022/11/Logo.webp', 'https://www.square.mk/wp-content/uploads/2025/06/IMG_5027.jpg', 'https://www.square.mk/wp-content/uploads/2025/06/IMG_5014.jpg', 'https://www.square.mk/wp-content/uploads/2025/06/IMG_5015.jpg', 'https://www.square.mk/wp-content/uploads/2025/06/IMG_5027.jpg', 'https://www.square.mk/wp-content/uploads/2025/06/IMG_5014.jpg', 'https://www.square.mk/wp-content/uploads/2022/12/Logo-white.webp']"
https://www.square.mk/izdavanje-na-stanovi-vo-skopje/10206/,450 €,https://www.square.mk/wp-content/uploads/2025/06/IMG_4955.jpg,rent,450 €,БЕЗ ПРОВИЗИЈА,12 месеци,Двособен,Да,60 m2,Веднаш,Козле,Инвертер,1,ПВЦ,1,Да,2007,Не,Да,Не,Приземје,Не,Не,Да,Да,"['https://www.square.mk/wp-content/uploads/2022/11/Logo.webp', 'https://www.square.mk/wp-content/uploads/2025/06/IMG_4964.jpg', 'https://www.square.mk/wp-content/uploads/2025/06/IMG_4955.jpg', 'https://www.square.mk/wp-content/uploads/2025/06/IMG_4956.jpg', 'https://www.square.mk/wp-content/uploads/2025/06/IMG_4964.jpg', 'https://www.square.mk/wp-content/uploads/2025/06/IMG_4955.jpg', 'https://www.square.mk/wp-content/uploads/2022/12/Logo-white.webp']"
https://www.square.mk/izdavanje-na-stanovi-vo-skopje/1277/,650 €,https://www.square.mk/wp-content/uploads/2023/06/1277_WEB_00002.jpg,rent,650 €,БЕЗ ПРОВИЗИЈА,1 година,Трособен,Да,78 m2,Веднаш,Центар,Струја,2,ПВЦ,2,Да,2016,Не,Нов,Не,6,Не,Да,Да,Да,"['https://www.square.mk/wp-content/uploads/2022/11/Logo.webp', 'https://www.square.mk/wp-content/uploads/2023/06/1277_WEB_00015.jpg', 'https://www.square.mk/wp-content/uploads/2023/06/1277_WEB_00000.jpg', 'https://www.square.mk/wp-content/uploads/2023/06/1277_WEB_00001.jpg', 'https://www.square.mk/wp-content/uploads/2023/06/1277_WEB_00015.jpg', 'https://www.square.mk/wp-content/uploads/2023/06/1277_WEB_00000.jpg', 'https://www.square.mk/wp-content/uploads/2022/12/Logo-white.webp']"
https://www.square.mk/izdavanje-na-stanovi-vo-skopje/1870/,450 €,https://www.square.mk/wp-content/uploads/2024/08/image001-2.jpg,rent,450 €,БЕЗ ПРОВИЗИЈА,12 месеци,Двособен,Да,56 m2,Веднаш,Кисела Вода,Парно,1,ПВЦ,1,Да,2012,Не,Да,Не,2,Не,Да,Да,Да,"['https://www.square.mk/wp-content/uploads/2022/11/Logo.webp', 'https://www.square.mk/wp-content/uploads/2024/08/image010-2.jpg', 'https://www.square.mk/wp-content/uploads/2024/08/image001-2.jpg', 'https://www.square.mk/wp-content/uploads/2024/08/image002-3.jpg', 'https://www.square.mk/wp-content/uploads/2024/08/image010-2.jpg', 'https://www.square.mk/wp-content/uploads/2024/08/image001-2.jpg', 'https://www.square.mk/wp-content/uploads/2022/12/Logo-white.webp']"
https://www.square.mk/izdavanje-na-stanovi-vo-skopje/1919/,400 €,https://www.square.mk/wp-content/uploads/2024/09/image002-18.jpg,rent,400 €,БЕЗ ПРОВИЗИЈА,12 месеци,Двособен,Да,53 m2,Веднаш,Кисела Вода,Инвертер,1,ПВЦ,1,Да,2013,Не,2024,Не,3,Не,Да,Да,Да,"['https://www.square.mk/wp-content/uploads/2022/11/Logo.webp', 'https://www.square.mk/wp-content/uploads/2024/09/image008-18.jpg', 'https://www.square.mk/wp-content/uploads/2024/09/image001-18.jpg', 'https://www.square.mk/wp-content/uploads/2024/09/image002-18.jpg', 'https://www.square.mk/wp-content/uploads/2024/09/image008-18.jpg', 'https://www.square.mk/wp-content/uploads/2024/09/image001-18.jpg', 'https://www.square.mk/wp-content/uploads/2022/12/Logo-white.webp']"
https://www.square.mk/izdavanje-na-stanovi-vo-skopje/10021/,400 €,https://www.square.mk/wp-content/uploads/2024/12/IMG_1668.jpg,rent,400 €,БЕЗ ПРОВИЗИЈА,12 месеци,Двособен,Да,39 m2,Веднаш,Кисела Вода,Инвертер,1,ПВЦ,1,Да,2024,Не,Нов,Не,1,Не,Да,Да,Не,"['https://www.square.mk/wp-content/uploads/2022/11/Logo.webp', 'https://www.square.mk/wp-content/uploads/2024/12/IMG_1675.jpg', 'https://www.square.mk/wp-content/uploads/2024/12/IMG_1668.jpg', 'https://www.square.mk/wp-content/uploads/2024/12/IMG_1667.jpg', 'https://www.square.mk/wp-content/uploads/2024/12/IMG_1675.jpg', 'https://www.square.mk/wp-content/uploads/2024/12/IMG_1668.jpg', 'https://www.square.mk/wp-content/uploads/2022/12/Logo-white.webp']"
https://www.square.mk/izdavanje-na-stanovi-vo-skopje/10186/,580 €,https://www.square.mk/wp-content/uploads/2025/05/IMG_4546.jpg,rent,580 €,БЕЗ ПРОВИЗИЈА,12 месеци,Трособен,Да,90 m2,Веднаш,Аеродром,Парно,2,ПВЦ,2,Да,2005,Не,Да,Не,2,Не,Да,Да,Да,"['https://www.square.mk/wp-content/uploads/2022/11/Logo.webp', 'https://www.square.mk/wp-content/uploads/2025/05/IMG_4564.jpg', 'https://www.square.mk/wp-content/uploads/2025/05/IMG_4546.jpg', 'https://www.square.mk/wp-content/uploads/2025/05/IMG_4547.jpg', 'https://www.square.mk/wp-content/uploads/2025/05/IMG_4564.jpg', 'https://www.square.mk/wp-content/uploads/2025/05/IMG_4546.jpg', 'https://www.square.mk/wp-content/uploads/2022/12/Logo-white.webp']"
https://www.square.mk/izdavanje-na-stanovi-vo-skopje/10186/,580 €,https://www.square.mk/wp-content/uploads/2025/05/IMG_4546.jpg,rent,580 €,БЕЗ ПРОВИЗИЈА,12 месеци,Трособен,Да,90 m2,Веднаш,Аеродром,Парно,2,ПВЦ,2,Да,2005,Не,Да,Не,2,Не,Да,Да,Да,"['https://www.square.mk/wp-content/uploads/2022/11/Logo.webp', 'https://www.square.mk/wp-content/uploads/2025/05/IMG_4564.jpg', 'https://www.square.mk/wp-content/uploads/2025/05/IMG_4546.jpg', 'https://www.square.mk/wp-content/uploads/2025/05/IMG_4547.jpg', 'https://www.square.mk/wp-content/uploads/2025/05/IMG_4564.jpg', 'https://www.square.mk/wp-content/uploads/2025/05/IMG_4546.jpg', 'https://www.square.mk/wp-content/uploads/2022/12/Logo-white.webp']"
https://www.square.mk/izdavanje-na-stanovi-vo-skopje/1730/,550 €,https://www.square.mk/wp-content/uploads/2024/04/IMG_6465.jpg,rent,550 €,БЕЗ ПРОВИЗИЈА,12 месеци,Трособен,Да,86 m2,Веднаш,Центар,Струја,2,ПВЦ,2,Да,1980,Не,Да,Не,8,Не,Да,Да,Не,"['https://www.square.mk/wp-content/uploads/2022/11/Logo.webp', 'https://www.square.mk/wp-content/uploads/2024/04/IMG_6477.jpg', 'https://www.square.mk/wp-content/uploads/2024/04/IMG_6465.jpg', 'https://www.square.mk/wp-content/uploads/2024/04/IMG_6466.jpg', 'https://www.square.mk/wp-content/uploads/2024/04/IMG_6477.jpg', 'https://www.square.mk/wp-content/uploads/2024/04/IMG_6465.jpg', 'https://www.square.mk/wp-content/uploads/2022/12/Logo-white.webp']"
https://www.square.mk/izdavanje-na-stanovi-vo-skopje/1590/,430 €,https://www.square.mk/wp-content/uploads/2024/01/IMG_3793.jpg,rent,430 €,БЕЗ ПРОВИЗИЈА,12 месеци,Трособен,Да,75 m2,Веднаш,Тафталиџе,Струја,1,ПВЦ,2,Да,1991,Не,Да,Да,Приземје,Не,Не,Да,Не,"['https://www.square.mk/wp-content/uploads/2022/11/Logo.webp', 'https://www.square.mk/wp-content/uploads/2024/01/IMG_3800.jpg', 'https://www.square.mk/wp-content/uploads/2024/01/IMG_3791.jpg', 'https://www.square.mk/wp-content/uploads/2024/01/IMG_3792.jpg', 'https://www.square.mk/wp-content/uploads/2024/01/IMG_3800.jpg', 'https://www.square.mk/wp-content/uploads/2024/01/IMG_3791.jpg', 'https://www.square.mk/wp-content/uploads/2022/12/Logo-white.webp']"
https://www.square.mk/izdavanje-na-stanovi-vo-skopje/1547/,630 €,https://www.square.mk/wp-content/uploads/2023/12/IMG_2904.jpg,rent,630 €,БЕЗ ПРОВИЗИЈА,12 месеци,Трособен,Да,90 m2,Веднаш,Центар,Парно,2,ПВЦ,2,Да,1980,Не,Да,Не,12,Не,Да,Да,Да,"['https://www.square.mk/wp-content/uploads/2022/11/Logo.webp', 'https://www.square.mk/wp-content/uploads/2023/12/IMG_2916.jpg', 'https://www.square.mk/wp-content/uploads/2023/12/IMG_2904.jpg', 'https://www.square.mk/wp-content/uploads/2023/12/IMG_2905.jpg', 'https://www.square.mk/wp-content/uploads/2023/12/IMG_2916.jpg', 'https://www.square.mk/wp-content/uploads/2023/12/IMG_2904.jpg', 'https://www.square.mk/wp-content/uploads/2022/12/Logo-white.webp']"
https://www.square.mk/izdavanje-na-stanovi-vo-skopje/10187/,400 €,https://www.square.mk/wp-content/uploads/2025/05/IMG_4567.jpg,rent,400 €,БЕЗ ПРОВИЗИЈА,12 месеци,Двособен,Да,58 m2,Веднаш,Капиштец,Парно,1,ПВЦ,1,Да,2006,Не,Да,Не,4,Не,Да,Да,Не,"['https://www.square.mk/wp-content/uploads/2022/11/Logo.webp', 'https://www.square.mk/wp-content/uploads/2025/05/IMG_4578.jpg', 'https://www.square.mk/wp-content/uploads/2025/05/IMG_4567.jpg', 'https://www.square.mk/wp-content/uploads/2025/05/IMG_4568.jpg', 'https://www.square.mk/wp-content/uploads/2025/05/IMG_4578.jpg', 'https://www.square.mk/wp-content/uploads/2025/05/IMG_4567.jpg', 'https://www.square.mk/wp-content/uploads/2022/12/Logo-white.webp']"
https://www.square.mk/izdavanje-na-stanovi-vo-skopje/10067/,750 €,https://www.square.mk/wp-content/uploads/2025/02/IMG_2451.jpg,rent,750 €,БЕЗ ПРОВИЗИЈА,12 месеци,Трособен,Да,64 m2,Веднаш,Џевахир,Инвертер,2,ПВЦ,1,Да,2018,Да,Нов,Да,,Не,Да,Не,Да,"['https://www.square.mk/wp-content/uploads/2022/11/Logo.webp', 'https://www.square.mk/wp-content/uploads/2025/02/IMG_2459.jpg', 'https://www.square.mk/wp-content/uploads/2025/02/IMG_2450.jpg', 'https://www.square.mk/wp-content/uploads/2025/02/IMG_2451.jpg', 'https://www.square.mk/wp-content/uploads/2025/02/IMG_2459.jpg', 'https://www.square.mk/wp-content/uploads/2025/02/IMG_2450.jpg', 'https://www.square.mk/wp-content/uploads/2022/12/Logo-white.webp']"
https://www.square.mk/izdavanje-na-stanovi-vo-skopje/10184/,"1,100 €",https://www.square.mk/wp-content/uploads/2025/05/IMG_4527.jpg,rent,"1,100 €",БЕЗ ПРОВИЗИЈА,12 месеци,Четрисобна,Да,200 m2,Веднаш,Водно,Инвертер,3,Дрво,2,Да,1978,Не,Да,Не,,Не,,Да,Да,"['https://www.square.mk/wp-content/uploads/2022/11/Logo.webp', 'https://www.square.mk/wp-content/uploads/2025/05/IMG_4541.jpg', 'https://www.square.mk/wp-content/uploads/2025/05/IMG_4524.jpg', 'https://www.square.mk/wp-content/uploads/2025/05/IMG_4525.jpg', 'https://www.square.mk/wp-content/uploads/2025/05/IMG_4541.jpg', 'https://www.square.mk/wp-content/uploads/2025/05/IMG_4524.jpg', 'https://www.square.mk/wp-content/uploads/2022/12/Logo-white.webp']"
https://www.square.mk/izdavanje-na-stanovi-vo-skopje/10183/,450 €,https://www.square.mk/wp-content/uploads/2025/05/IMG_4507.jpg,rent,450 €,БЕЗ ПРОВИЗИЈА,12 месеци,Двособен,Да,55 m2,Веднаш,Дебар Маало,Инвертер,1,ПВЦ,1,Да,2015,Не,Да,Не,1,Не,Не,Да,Не,"['https://www.square.mk/wp-content/uploads/2022/11/Logo.webp', 'https://www.square.mk/wp-content/uploads/2025/05/IMG_4517.jpg', 'https://www.square.mk/wp-content/uploads/2025/05/IMG_4507.jpg', 'https://www.square.mk/wp-content/uploads/2025/05/IMG_4508.jpg', 'https://www.square.mk/wp-content/uploads/2025/05/IMG_4517.jpg', 'https://www.square.mk/wp-content/uploads/2025/05/IMG_4507.jpg', 'https://www.square.mk/wp-content/uploads/2022/12/Logo-white.webp']"
https://www.square.mk/izdavanje-na-stanovi-vo-skopje/1311/,480 €,https://www.square.mk/wp-content/uploads/2023/07/1311_WEB_00001.jpg,rent,480 €,БЕЗ ПРОВИЗИЈА,1 година,Трособен,Да,65 m2,Веднаш,Центар,Парно,2,ПВЦ,2,Да,2012,Не,Нов,Не,3,Не,Да,Да,Да,"['https://www.square.mk/wp-content/uploads/2022/11/Logo.webp', 'https://www.square.mk/wp-content/uploads/2023/07/1311_WEB_00013.jpg', 'https://www.square.mk/wp-content/uploads/2023/07/1311_WEB_00001.jpg', 'https://www.square.mk/wp-content/uploads/2023/07/1311_WEB_00002.jpg', 'https://www.square.mk/wp-content/uploads/2023/07/1311_WEB_00013.jpg', 'https://www.square.mk/wp-content/uploads/2023/07/1311_WEB_00001.jpg', 'https://www.square.mk/wp-content/uploads/2022/12/Logo-white.webp']"
https://www.square.mk/izdavanje-na-stanovi-vo-skopje/1393/,480 €,https://www.square.mk/wp-content/uploads/2023/10/IMG_9465.jpg,rent,480 €,БЕЗ ПРОВИЗИЈА,12 месеци,Трособен,Да,65 m2,Веднаш,Центар,Парно,2,ПВЦ,1,Да,2013,Не,Да,Не,4,Не,Да,Да,Да,"['https://www.square.mk/wp-content/uploads/2022/11/Logo.webp', 'https://www.square.mk/wp-content/uploads/2023/10/IMG_9477.jpg', 'https://www.square.mk/wp-content/uploads/2023/10/IMG_9465.jpg', 'https://www.square.mk/wp-content/uploads/2023/10/IMG_9466.jpg', 'https://www.square.mk/wp-content/uploads/2023/10/IMG_9477.jpg', 'https://www.square.mk/wp-content/uploads/2023/10/IMG_9465.jpg', 'https://www.square.mk/wp-content/uploads/2022/12/Logo-white.webp']"
https://www.square.mk/izdavanje-na-stanovi-vo-skopje/1393/,480 €,https://www.square.mk/wp-content/uploads/2023/10/IMG_9465.jpg,rent,480 €,БЕЗ ПРОВИЗИЈА,12 месеци,Трособен,Да,65 m2,Веднаш,Центар,Парно,2,ПВЦ,1,Да,2013,Не,Да,Не,4,Не,Да,Да,Да,"['https://www.square.mk/wp-content/uploads/2022/11/Logo.webp', 'https://www.square.mk/wp-content/uploads/2023/10/IMG_9477.jpg', 'https://www.square.mk/wp-content/uploads/2023/10/IMG_9465.jpg', 'https://www.square.mk/wp-content/uploads/2023/10/IMG_9466.jpg', 'https://www.square.mk/wp-content/uploads/2023/10/IMG_9477.jpg', 'https://www.square.mk/wp-content/uploads/2023/10/IMG_9465.jpg', 'https://www.square.mk/wp-content/uploads/2022/12/Logo-white.webp']"
https://www.square.mk/izdavanje-na-stanovi-vo-skopje/1296/,400 €,https://www.square.mk/wp-content/uploads/2023/06/1296_WEB_00000.jpg,rent,400 €,БЕЗ ПРОВИЗИЈА,12 месеци,Двособен,Да,59 m2,Веднаш,Аеродром,Парно,1,ПВЦ,1,Да,2018,Не,Нов,Не,4,Не,Да,Да,2000 den,"['https://www.square.mk/wp-content/uploads/2022/11/Logo.webp', 'https://www.square.mk/wp-content/uploads/2023/06/1296_WEB_00009.jpg', 'https://www.square.mk/wp-content/uploads/2023/06/1296_WEB_00000.jpg', 'https://www.square.mk/wp-content/uploads/2023/06/1296_WEB_00001.jpg', 'https://www.square.mk/wp-content/uploads/2023/06/1296_WEB_00009.jpg', 'https://www.square.mk/wp-content/uploads/2023/06/1296_WEB_00000.jpg', 'https://www.square.mk/wp-content/uploads/2022/12/Logo-white.webp']"
https://www.square.mk/izdavanje-na-stanovi-vo-skopje/10181/,650 €,https://www.square.mk/wp-content/uploads/2025/05/IMG_4491.jpg,rent,650 €,БЕЗ ПРОВИЗИЈА,12 месеци,Трособен,Да,60 m2,Веднаш,Дебар Маало,Инвертер,2,ПВЦ,1,Да,2020,Не,Нов,Не,2,Не,Да,Да,Не,"['https://www.square.mk/wp-content/uploads/2022/11/Logo.webp', 'https://www.square.mk/wp-content/uploads/2025/05/IMG_4504.jpg', 'https://www.square.mk/wp-content/uploads/2025/05/IMG_4491.jpg', 'https://www.square.mk/wp-content/uploads/2025/05/IMG_4492.jpg', 'https://www.square.mk/wp-content/uploads/2025/05/IMG_4504.jpg', 'https://www.square.mk/wp-content/uploads/2025/05/IMG_4491.jpg', 'https://www.square.mk/wp-content/uploads/2022/12/Logo-white.webp']"
https://www.square.mk/izdavanje-na-stanovi-vo-skopje/10174/,400 €,https://www.square.mk/wp-content/uploads/2025/05/IMG_4404.jpg,rent,400 €,БЕЗ ПРОВИЗИЈА,12 месеци,Двособен,Да,40 m2,Веднаш,Аеродром,Парно,1,ПВЦ,1,Да,2018,Не,Нов,Не,1,Не,Да,Да,Да,"['https://www.square.mk/wp-content/uploads/2022/11/Logo.webp', 'https://www.square.mk/wp-content/uploads/2025/05/IMG_4413.jpg', 'https://www.square.mk/wp-content/uploads/2025/05/IMG_4404.jpg', 'https://www.square.mk/wp-content/uploads/2025/05/IMG_4405.jpg', 'https://www.square.mk/wp-content/uploads/2025/05/IMG_4413.jpg', 'https://www.square.mk/wp-content/uploads/2025/05/IMG_4404.jpg', 'https://www.square.mk/wp-content/uploads/2022/12/Logo-white.webp']"
https://www.square.mk/izdavanje-na-stanovi-vo-skopje/1092/,530 €,https://www.square.mk/wp-content/uploads/2023/01/1092_WEB_00000-1.jpg,rent,530 €,БЕЗ ПРОВИЗИЈА,12 месеци,Трособен,Да,90 m2,Веднаш,Центар,Струја,2,ПВЦ,2,Не,1974,Не,2016,Не,5,Не,Да,Да,Не,"['https://www.square.mk/wp-content/uploads/2022/11/Logo.webp', 'https://www.square.mk/wp-content/uploads/2023/01/1092_WEB_00000-1.jpg', 'https://www.square.mk/wp-content/uploads/2023/01/1092_WEB_00011-1.jpg', 'https://www.square.mk/wp-content/uploads/2023/01/1092_WEB_00010-1.jpg', 'https://www.square.mk/wp-content/uploads/2023/01/1092_WEB_00000-1.jpg', 'https://www.square.mk/wp-content/uploads/2023/01/1092_WEB_00011-1.jpg', 'https://www.square.mk/wp-content/uploads/2022/12/Logo-white.webp']"
https://www.square.mk/izdavanje-na-stanovi-vo-skopje/10133/,400 €,https://www.square.mk/wp-content/uploads/2025/03/IMG_3642.jpg,rent,400 €,БЕЗ ПРОВИЗИЈА,12 месеци,Двособен,Да,59 m2,Веднаш,Кисела Вода,Инвертер,1,ПВЦ,1,Да,2012,Не,Да,Не,3,Не,Да,Да,Не,"['https://www.square.mk/wp-content/uploads/2022/11/Logo.webp', 'https://www.square.mk/wp-content/uploads/2025/03/IMG_3651.jpg', 'https://www.square.mk/wp-content/uploads/2025/03/IMG_3642.jpg', 'https://www.square.mk/wp-content/uploads/2025/03/IMG_3643.jpg', 'https://www.square.mk/wp-content/uploads/2025/03/IMG_3651.jpg', 'https://www.square.mk/wp-content/uploads/2025/03/IMG_3642.jpg', 'https://www.square.mk/wp-content/uploads/2022/12/Logo-white.webp']"
https://www.square.mk/izdavanje-na-stanovi-vo-skopje/10167/,400 €,https://www.square.mk/wp-content/uploads/2025/04/IMG_4168.jpg,rent,400 €,БЕЗ ПРОВИЗИЈА,12 месеци,Трособен,Да,80 m2,Веднаш,Центар,Инвертер,2,ПВЦ,1,Да,2015,Не,Да,Не,2,Не,Да,Да,Не,"['https://www.square.mk/wp-content/uploads/2022/11/Logo.webp', 'https://www.square.mk/wp-content/uploads/2025/04/IMG_4176.jpg', 'https://www.square.mk/wp-content/uploads/2025/04/IMG_4168.jpg', 'https://www.square.mk/wp-content/uploads/2025/04/IMG_4169.jpg', 'https://www.square.mk/wp-content/uploads/2025/04/IMG_4176.jpg', 'https://www.square.mk/wp-content/uploads/2025/04/IMG_4168.jpg', 'https://www.square.mk/wp-content/uploads/2022/12/Logo-white.webp']"
https://www.square.mk/izdavanje-na-stanovi-vo-skopje/10159/,400 €,https://www.square.mk/wp-content/uploads/2025/04/IMG_4060.jpg,rent,400 €,БЕЗ ПРОВИЗИЈА,12 месеци,Гарсоњера,Да,31 m2,Веднаш,Центар,Парно,1,ПВЦ,1,Да,2020,Да,Нов,Да,3,Не,Да,Не,Да,"['https://www.square.mk/wp-content/uploads/2022/11/Logo.webp', 'https://www.square.mk/wp-content/uploads/2025/04/IMG_4068.jpg', 'https://www.square.mk/wp-content/uploads/2025/04/IMG_4060.jpg', 'https://www.square.mk/wp-content/uploads/2025/04/IMG_4061.jpg', 'https://www.square.mk/wp-content/uploads/2025/04/IMG_4068.jpg', 'https://www.square.mk/wp-content/uploads/2025/04/IMG_4060.jpg', 'https://www.square.mk/wp-content/uploads/2022/12/Logo-white.webp']"
https://www.square.mk/izdavanje-na-stanovi-vo-skopje/10158/,400 €,https://www.square.mk/wp-content/uploads/2025/04/IMG_4049.jpg,rent,400 €,БЕЗ ПРОВИЗИЈА,12 месеци,Двособен,Да,57 m2,Веднаш,Капиштец,Парно,1,ПВЦ,1,Да,2005,Не,Да,Не,1,Не,Да,Да,Не,"['https://www.square.mk/wp-content/uploads/2022/11/Logo.webp', 'https://www.square.mk/wp-content/uploads/2025/04/IMG_4057.jpg', 'https://www.square.mk/wp-content/uploads/2025/04/IMG_4049.jpg', 'https://www.square.mk/wp-content/uploads/2025/04/IMG_4050.jpg', 'https://www.square.mk/wp-content/uploads/2025/04/IMG_4057.jpg', 'https://www.square.mk/wp-content/uploads/2025/04/IMG_4049.jpg', 'https://www.square.mk/wp-content/uploads/2022/12/Logo-white.webp']"
https://www.square.mk/izdavanje-na-stanovi-vo-skopje/10101/,450 €,https://www.square.mk/wp-content/uploads/2025/02/IMG_3109.jpg,rent,450 €,БЕЗ ПРОВИЗИЈА,12 месеци,Трособен,Да,61 m2,Веднаш,Кисела Вода,Инвертер,2,ПВЦ,1,Да,2024,Не,Нов,Не,3,Не,Да,Да,Не,"['https://www.square.mk/wp-content/uploads/2022/11/Logo.webp', 'https://www.square.mk/wp-content/uploads/2025/02/IMG_3119.jpg', 'https://www.square.mk/wp-content/uploads/2025/02/IMG_3109.jpg', 'https://www.square.mk/wp-content/uploads/2025/02/IMG_3110.jpg', 'https://www.square.mk/wp-content/uploads/2025/02/IMG_3119.jpg', 'https://www.square.mk/wp-content/uploads/2025/02/IMG_3109.jpg', 'https://www.square.mk/wp-content/uploads/2022/12/Logo-white.webp']"
https://www.square.mk/izdavanje-na-stanovi-vo-skopje/10101/,450 €,https://www.square.mk/wp-content/uploads/2025/02/IMG_3109.jpg,rent,450 €,БЕЗ ПРОВИЗИЈА,12 месеци,Трособен,Да,61 m2,Веднаш,Кисела Вода,Инвертер,2,ПВЦ,1,Да,2024,Не,Нов,Не,3,Не,Да,Да,Не,"['https://www.square.mk/wp-content/uploads/2022/11/Logo.webp', 'https://www.square.mk/wp-content/uploads/2025/02/IMG_3119.jpg', 'https://www.square.mk/wp-content/uploads/2025/02/IMG_3109.jpg', 'https://www.square.mk/wp-content/uploads/2025/02/IMG_3110.jpg', 'https://www.square.mk/wp-content/uploads/2025/02/IMG_3119.jpg', 'https://www.square.mk/wp-content/uploads/2025/02/IMG_3109.jpg', 'https://www.square.mk/wp-content/uploads/2022/12/Logo-white.webp']"
https://www.square.mk/izdavanje-na-stanovi-vo-skopje/10024/,500 €,https://www.square.mk/wp-content/uploads/2024/12/IMG_1727.jpg,rent,500 €,БЕЗ ПРОВИЗИЈА,12 месеци,Двособен,Да,51 m2,Веднаш,Центар,Инвертер,1,ПВЦ,1,Да,2020,Не,Нов,Не,3,Не,Да,Да,Да,"['https://www.square.mk/wp-content/uploads/2022/11/Logo.webp', 'https://www.square.mk/wp-content/uploads/2024/12/IMG_1737.jpg', 'https://www.square.mk/wp-content/uploads/2024/12/IMG_1727.jpg', 'https://www.square.mk/wp-content/uploads/2024/12/IMG_1728.jpg', 'https://www.square.mk/wp-content/uploads/2024/12/IMG_1737.jpg', 'https://www.square.mk/wp-content/uploads/2024/12/IMG_1727.jpg', 'https://www.square.mk/wp-content/uploads/2022/12/Logo-white.webp']"
https://www.square.mk/izdavanje-na-stanovi-vo-skopje/1924/,400 €,https://www.square.mk/wp-content/uploads/2024/09/image001-24.jpg,rent,400 €,БЕЗ ПРОВИЗИЈА,12 месеци,Двособен,Да,50 m2,Веднаш,Дебар Маало,Парно,1,ПВЦ,1,Да,2008,Не,Да,Не,2,Не,Да,Да,Да,"['https://www.square.mk/wp-content/uploads/2022/11/Logo.webp', 'https://www.square.mk/wp-content/uploads/2024/09/image007-24.jpg', 'https://www.square.mk/wp-content/uploads/2024/09/image001-24.jpg', 'https://www.square.mk/wp-content/uploads/2024/09/image002-24.jpg', 'https://www.square.mk/wp-content/uploads/2024/09/image007-24.jpg', 'https://www.square.mk/wp-content/uploads/2024/09/image001-24.jpg', 'https://www.square.mk/wp-content/uploads/2022/12/Logo-white.webp']"
https://www.square.mk/izdavanje-na-stanovi-vo-skopje/1136/,600 €,https://www.square.mk/wp-content/uploads/2023/09/IMG_8499.jpg,rent,600 €,БЕЗ ПРОВИЗИЈА,12 месеци,Трособен,Да,77 m2,Веднаш,Дебар Маало,Инвертер,2,ПВЦ,2,Да,2018,Не,Нов,Не,4,Не,Да,Да,Да,"['https://www.square.mk/wp-content/uploads/2022/11/Logo.webp', 'https://www.square.mk/wp-content/uploads/2023/09/IMG_8501.jpg', 'https://www.square.mk/wp-content/uploads/2023/09/IMG_8499.jpg', 'https://www.square.mk/wp-content/uploads/2023/09/IMG_8496.jpg', 'https://www.square.mk/wp-content/uploads/2023/09/IMG_8501.jpg', 'https://www.square.mk/wp-content/uploads/2023/09/IMG_8499.jpg', 'https://www.square.mk/wp-content/uploads/2022/12/Logo-white.webp']"
https://www.square.mk/izdavanje-na-stanovi-vo-skopje/10150/,650 €,https://www.square.mk/wp-content/uploads/2025/04/IMG_3911.jpg,rent,650 €,БЕЗ ПРОВИЗИЈА,12 месеци,Трособен,Да,82 m2,Веднаш,Центар,Парно,2,ПВЦ,2,Да,1984,Не,Да,Не,2,Не,Да,Да,Не,"['https://www.square.mk/wp-content/uploads/2022/11/Logo.webp', 'https://www.square.mk/wp-content/uploads/2025/04/IMG_3926.jpg', 'https://www.square.mk/wp-content/uploads/2025/04/IMG_3911.jpg', 'https://www.square.mk/wp-content/uploads/2025/04/IMG_3912.jpg', 'https://www.square.mk/wp-content/uploads/2025/04/IMG_3926.jpg', 'https://www.square.mk/wp-content/uploads/2025/04/IMG_3911.jpg', 'https://www.square.mk/wp-content/uploads/2022/12/Logo-white.webp']"
https://www.square.mk/izdavanje-na-stanovi-vo-skopje/10143/,550 €,https://www.square.mk/wp-content/uploads/2025/03/IMG_3812.jpg,rent,550 €,БЕЗ ПРОВИЗИЈА,12 месеци,Двособен,Да,66 m2,Веднаш,Водно,Инвертер,1,ПВЦ,1,Да,2024,Не,Нов,Не,2,Не,Да,Да,Да,"['https://www.square.mk/wp-content/uploads/2022/11/Logo.webp', 'https://www.square.mk/wp-content/uploads/2025/03/IMG_3823.jpg', 'https://www.square.mk/wp-content/uploads/2025/03/IMG_3812.jpg', 'https://www.square.mk/wp-content/uploads/2025/03/IMG_3813.jpg', 'https://www.square.mk/wp-content/uploads/2025/03/IMG_3823.jpg', 'https://www.square.mk/wp-content/uploads/2025/03/IMG_3812.jpg', 'https://www.square.mk/wp-content/uploads/2022/12/Logo-white.webp']"
https://www.square.mk/izdavanje-na-stanovi-vo-skopje/10099/,450 €,https://www.square.mk/wp-content/uploads/2025/02/IMG_3048.jpg,rent,450 €,БЕЗ ПРОВИЗИЈА,12 месеци,Двособен,Да,65 m2,Веднаш,Центар,Парно,1,ПВЦ,1,Да,1972,Не,Да,Не,6,Не,Да,Да,Да,"['https://www.square.mk/wp-content/uploads/2022/11/Logo.webp', 'https://www.square.mk/wp-content/uploads/2025/02/IMG_3057.jpg', 'https://www.square.mk/wp-content/uploads/2025/02/IMG_3048.jpg', 'https://www.square.mk/wp-content/uploads/2025/02/IMG_3049.jpg', 'https://www.square.mk/wp-content/uploads/2025/02/IMG_3057.jpg', 'https://www.square.mk/wp-content/uploads/2025/02/IMG_3048.jpg', 'https://www.square.mk/wp-content/uploads/2022/12/Logo-white.webp']"
https://www.square.mk/izdavanje-na-stanovi-vo-skopje/1690/,500 €,https://www.square.mk/wp-content/uploads/2024/03/IMG_6712.jpg,rent,500 €,БЕЗ ПРОВИЗИЈА,12 месеци,Трособен,Да,58 m2,Веднаш,Центар,Парно,2,ПВЦ,1,Да,2004,Не,Да,Не,2,Не,Да,Да,Не,"['https://www.square.mk/wp-content/uploads/2022/11/Logo.webp', 'https://www.square.mk/wp-content/uploads/2024/03/IMG_6720.jpg', 'https://www.square.mk/wp-content/uploads/2024/03/IMG_6712.jpg', 'https://www.square.mk/wp-content/uploads/2024/03/IMG_6713.jpg', 'https://www.square.mk/wp-content/uploads/2024/03/IMG_6720.jpg', 'https://www.square.mk/wp-content/uploads/2024/03/IMG_6712.jpg', 'https://www.square.mk/wp-content/uploads/2022/12/Logo-white.webp']"
https://www.square.mk/izdavanje-na-stanovi-vo-skopje/10137/,700 €,https://www.square.mk/wp-content/uploads/2025/03/IMG_3702.jpg,rent,700 €,БЕЗ ПРОВИЗИЈА,12 месеци,Четрисобен,Да,126 m2,Веднаш,Водно,Инвертер,3,ПВЦ,3,Да,2014,Не,Да,Не,5,Не,Да,Да,Да,"['https://www.square.mk/wp-content/uploads/2022/11/Logo.webp', 'https://www.square.mk/wp-content/uploads/2025/03/IMG_3722.jpg', 'https://www.square.mk/wp-content/uploads/2025/03/IMG_3702.jpg', 'https://www.square.mk/wp-content/uploads/2025/03/IMG_3703.jpg', 'https://www.square.mk/wp-content/uploads/2025/03/IMG_3722.jpg', 'https://www.square.mk/wp-content/uploads/2025/03/IMG_3702.jpg', 'https://www.square.mk/wp-content/uploads/2022/12/Logo-white.webp']"
https://www.square.mk/izdavanje-na-stanovi-vo-skopje/10129/,400 €,https://www.square.mk/wp-content/uploads/2025/03/IMG_3545.jpg,rent,400 €,БЕЗ ПРОВИЗИЈА,12 месеци,Двособен,Да,58 m2,Веднаш,Карпош,Парно,1,ПВЦ,1,Да,2000,Не,Да,Не,3,Не,Да,Да,Не,"['https://www.square.mk/wp-content/uploads/2022/11/Logo.webp', 'https://www.square.mk/wp-content/uploads/2025/03/IMG_3553.jpg', 'https://www.square.mk/wp-content/uploads/2025/03/IMG_3545.jpg', 'https://www.square.mk/wp-content/uploads/2025/03/IMG_3546.jpg', 'https://www.square.mk/wp-content/uploads/2025/03/IMG_3553.jpg', 'https://www.square.mk/wp-content/uploads/2025/03/IMG_3545.jpg', 'https://www.square.mk/wp-content/uploads/2022/12/Logo-white.webp']"
https://www.square.mk/izdavanje-na-stanovi-vo-skopje/10129/,400 €,https://www.square.mk/wp-content/uploads/2025/03/IMG_3545.jpg,rent,400 €,БЕЗ ПРОВИЗИЈА,12 месеци,Двособен,Да,58 m2,Веднаш,Карпош,Парно,1,ПВЦ,1,Да,2000,Не,Да,Не,3,Не,Да,Да,Не,"['https://www.square.mk/wp-content/uploads/2022/11/Logo.webp', 'https://www.square.mk/wp-content/uploads/2025/03/IMG_3553.jpg', 'https://www.square.mk/wp-content/uploads/2025/03/IMG_3545.jpg', 'https://www.square.mk/wp-content/uploads/2025/03/IMG_3546.jpg', 'https://www.square.mk/wp-content/uploads/2025/03/IMG_3553.jpg', 'https://www.square.mk/wp-content/uploads/2025/03/IMG_3545.jpg', 'https://www.square.mk/wp-content/uploads/2022/12/Logo-white.webp']"
https://www.square.mk/izdavanje-na-stanovi-vo-skopje/10118/,600 €,https://www.square.mk/wp-content/uploads/2025/03/IMG_3345.jpg,rent,600 €,БЕЗ ПРОВИЗИЈА,12 месеци,Трособен,Да,70 m2,Веднаш,Центар,Парно,2,ПВЦ,2,Да,2021,Не,Нов,Не,4,Не,Да,Да,Не,"['https://www.square.mk/wp-content/uploads/2022/11/Logo.webp', 'https://www.square.mk/wp-content/uploads/2025/03/IMG_3359.jpg', 'https://www.square.mk/wp-content/uploads/2025/03/IMG_3345.jpg', 'https://www.square.mk/wp-content/uploads/2025/03/IMG_3346.jpg', 'https://www.square.mk/wp-content/uploads/2025/03/IMG_3359.jpg', 'https://www.square.mk/wp-content/uploads/2025/03/IMG_3345.jpg', 'https://www.square.mk/wp-content/uploads/2022/12/Logo-white.webp']"
https://www.square.mk/izdavanje-na-stanovi-vo-skopje/10117/,450 €,https://www.square.mk/wp-content/uploads/2025/03/IMG_3321.jpg,rent,450 €,БЕЗ ПРОВИЗИЈА,12 месеци,Четрисобен,Да,73 m2,Веднаш,Дебар Маало,Инвертер,3,ПВЦ,2,Да,1965,Не,Да,Не,4,Не,Не,Не,Не,"['https://www.square.mk/wp-content/uploads/2022/11/Logo.webp', 'https://www.square.mk/wp-content/uploads/2025/03/IMG_3331.jpg', 'https://www.square.mk/wp-content/uploads/2025/03/IMG_3321.jpg', 'https://www.square.mk/wp-content/uploads/2025/03/IMG_3322.jpg', 'https://www.square.mk/wp-content/uploads/2025/03/IMG_3331.jpg', 'https://www.square.mk/wp-content/uploads/2025/03/IMG_3321.jpg', 'https://www.square.mk/wp-content/uploads/2022/12/Logo-white.webp']"
https://www.square.mk/izdavanje-na-stanovi-vo-skopje/10003/,600 €,https://www.square.mk/wp-content/uploads/2024/11/IMG_1334.jpg,rent,600 €,БЕЗ ПРОВИЗИЈА,12 месеци,Двособен,Да,52 m2,Веднаш,Центар,Инвертер,1,ПВЦ,1,Да,2024,Не,Нов,Не,3,Не,Да,Да,Не,"['https://www.square.mk/wp-content/uploads/2022/11/Logo.webp', 'https://www.square.mk/wp-content/uploads/2024/11/IMG_1342.jpg', 'https://www.square.mk/wp-content/uploads/2024/11/IMG_1334.jpg', 'https://www.square.mk/wp-content/uploads/2024/11/IMG_1335.jpg', 'https://www.square.mk/wp-content/uploads/2024/11/IMG_1342.jpg', 'https://www.square.mk/wp-content/uploads/2024/11/IMG_1334.jpg', 'https://www.square.mk/wp-content/uploads/2022/12/Logo-white.webp']"
https://www.square.mk/izdavanje-na-stanovi-vo-skopje/1852/,450 €,https://www.square.mk/wp-content/uploads/2024/07/image001-30.jpg,rent,450 €,БЕЗ ПРОВИЗИЈА,12 месеци,Двособен,Да,55 m2,Веднаш,Центар,Парно,1,ПВЦ,1,Да,2008,Не,Да,Не,2,Не,Да,Да,Да,"['https://www.square.mk/wp-content/uploads/2022/11/Logo.webp', 'https://www.square.mk/wp-content/uploads/2024/07/image012-10.jpg', 'https://www.square.mk/wp-content/uploads/2024/07/image001-30.jpg', 'https://www.square.mk/wp-content/uploads/2024/07/image002-30.jpg', 'https://www.square.mk/wp-content/uploads/2024/07/image012-10.jpg', 'https://www.square.mk/wp-content/uploads/2024/07/image001-30.jpg', 'https://www.square.mk/wp-content/uploads/2022/12/Logo-white.webp']"
https://www.square.mk/izdavanje-na-stanovi-vo-skopje/10109/,950 €,https://www.square.mk/wp-content/uploads/2025/02/IMG_3167.jpg,rent,950 €,БЕЗ ПРОВИЗИЈА,12 месеци,Четрисобен,Да,122 m2,Веднаш,Капиштец,Парно,3,ПВЦ,2,Да,2022,Не,Нов,Не,3,Не,Да,Да,Да,"['https://www.square.mk/wp-content/uploads/2022/11/Logo.webp', 'https://www.square.mk/wp-content/uploads/2025/02/IMG_3183-2.jpg', 'https://www.square.mk/wp-content/uploads/2025/02/IMG_3167-1.jpg', 'https://www.square.mk/wp-content/uploads/2025/02/IMG_3168-1.jpg', 'https://www.square.mk/wp-content/uploads/2025/02/IMG_3183-2.jpg', 'https://www.square.mk/wp-content/uploads/2025/02/IMG_3167-1.jpg', 'https://www.square.mk/wp-content/uploads/2022/12/Logo-white.webp']"
https://www.square.mk/izdavanje-na-stanovi-vo-skopje/10105/,650 €,https://www.square.mk/wp-content/uploads/2025/02/IMG_2964.jpg,rent,650 €,БЕЗ ПРОВИЗИЈА,12 месеци,Трособен,Да,83 m2,Веднаш,Капиштец,Парно,2,ПВЦ,1,Да,2002,Не,Да,Не,4,Не,Не,Да,Не,"['https://www.square.mk/wp-content/uploads/2022/11/Logo.webp', 'https://www.square.mk/wp-content/uploads/2025/02/IMG_2972.jpg', 'https://www.square.mk/wp-content/uploads/2025/02/IMG_2964.jpg', 'https://www.square.mk/wp-content/uploads/2025/02/IMG_2965.jpg', 'https://www.square.mk/wp-content/uploads/2025/02/IMG_2972.jpg', 'https://www.square.mk/wp-content/uploads/2025/02/IMG_2964.jpg', 'https://www.square.mk/wp-content/uploads/2022/12/Logo-white.webp']"
https://www.square.mk/izdavanje-na-stanovi-vo-skopje/1693/,550 €,https://www.square.mk/wp-content/uploads/2024/03/IMG_5826.jpg,rent,550 €,БЕЗ ПРОВИЗИЈА,12 месеци,Трособен,Да,72 m2,Веднаш,Центар,Парно,2,ПВЦ,1,Да,1980,Не,Да,Не,4,Не,Да,Да,Не,"['https://www.square.mk/wp-content/uploads/2022/11/Logo.webp', 'https://www.square.mk/wp-content/uploads/2024/03/IMG_5842.jpg', 'https://www.square.mk/wp-content/uploads/2024/03/IMG_5826.jpg', 'https://www.square.mk/wp-content/uploads/2024/03/IMG_5827.jpg', 'https://www.square.mk/wp-content/uploads/2024/03/IMG_5842.jpg', 'https://www.square.mk/wp-content/uploads/2024/03/IMG_5826.jpg', 'https://www.square.mk/wp-content/uploads/2022/12/Logo-white.webp']"
https://www.square.mk/izdavanje-na-stanovi-vo-skopje/1643/,400 €,https://www.square.mk/wp-content/uploads/2024/02/IMG_4874.jpg,rent,400 €,БЕЗ ПРОВИЗИЈА,12 месеци,Двособен,Да,60 m2,Веднаш,Центар,Парно,1,ПВЦ,1,Да,1980,Не,Да,Не,3,Не,Не,Да,Не,"['https://www.square.mk/wp-content/uploads/2022/11/Logo.webp', 'https://www.square.mk/wp-content/uploads/2024/02/IMG_4882.jpg', 'https://www.square.mk/wp-content/uploads/2024/02/IMG_4874.jpg', 'https://www.square.mk/wp-content/uploads/2024/02/IMG_4875.jpg', 'https://www.square.mk/wp-content/uploads/2024/02/IMG_4882.jpg', 'https://www.square.mk/wp-content/uploads/2024/02/IMG_4874.jpg', 'https://www.square.mk/wp-content/uploads/2022/12/Logo-white.webp']"
https://www.square.mk/izdavanje-na-stanovi-vo-skopje/10096/,500 €,https://www.square.mk/wp-content/uploads/2025/02/IMG_2991.jpg,rent,500 €,БЕЗ ПРОВИЗИЈА,12 месеци,Двособен,Да,64 m2,Веднаш,Тафталиџе,Парно,1,ПВЦ,2,Да,2019,Не,Да,Не,1,Не,Да,Да,Да,"['https://www.square.mk/wp-content/uploads/2022/11/Logo.webp', 'https://www.square.mk/wp-content/uploads/2025/02/IMG_3004.jpg', 'https://www.square.mk/wp-content/uploads/2025/02/IMG_2991.jpg', 'https://www.square.mk/wp-content/uploads/2025/02/IMG_2992.jpg', 'https://www.square.mk/wp-content/uploads/2025/02/IMG_3004.jpg', 'https://www.square.mk/wp-content/uploads/2025/02/IMG_2991.jpg', 'https://www.square.mk/wp-content/uploads/2022/12/Logo-white.webp']"
https://www.square.mk/izdavanje-na-stanovi-vo-skopje/10096/,500 €,https://www.square.mk/wp-content/uploads/2025/02/IMG_2991.jpg,rent,500 €,БЕЗ ПРОВИЗИЈА,12 месеци,Двособен,Да,64 m2,Веднаш,Тафталиџе,Парно,1,ПВЦ,2,Да,2019,Не,Да,Не,1,Не,Да,Да,Да,"['https://www.square.mk/wp-content/uploads/2022/11/Logo.webp', 'https://www.square.mk/wp-content/uploads/2025/02/IMG_3004.jpg', 'https://www.square.mk/wp-content/uploads/2025/02/IMG_2991.jpg', 'https://www.square.mk/wp-content/uploads/2025/02/IMG_2992.jpg', 'https://www.square.mk/wp-content/uploads/2025/02/IMG_3004.jpg', 'https://www.square.mk/wp-content/uploads/2025/02/IMG_2991.jpg', 'https://www.square.mk/wp-content/uploads/2022/12/Logo-white.webp']"
https://www.square.mk/izdavanje-na-stanovi-vo-skopje/10093/,500 €,https://www.square.mk/wp-content/uploads/2025/02/IMG_2956.jpg,rent,500 €,БЕЗ ПРОВИЗИЈА,12 месеци,Двособен,Да,54 m2,Веднаш,Центар,Парно,1,ПВЦ,1,Да,,Не,Да,Не,2,Не,Да,Не,Да,"['https://www.square.mk/wp-content/uploads/2022/11/Logo.webp', 'https://www.square.mk/wp-content/uploads/2025/02/IMG_2961.jpg', 'https://www.square.mk/wp-content/uploads/2025/02/IMG_2956.jpg', 'https://www.square.mk/wp-content/uploads/2025/02/IMG_2957.jpg', 'https://www.square.mk/wp-content/uploads/2025/02/IMG_2961.jpg', 'https://www.square.mk/wp-content/uploads/2025/02/IMG_2956.jpg', 'https://www.square.mk/wp-content/uploads/2022/12/Logo-white.webp']"
https://www.square.mk/izdavanje-na-stanovi-vo-skopje/1455/,450 €,https://www.square.mk/wp-content/uploads/2023/11/IMG_0898.jpg,rent,450 €,БЕЗ ПРОВИЗИЈА,12 месеци,Трособен,Да,58 m2,Веднаш,Центар,Парно,2,ПВЦ,1,Да,2003,Не,Да,Не,1,Не,Не,Не,Не,"['https://www.square.mk/wp-content/uploads/2022/11/Logo.webp', 'https://www.square.mk/wp-content/uploads/2023/11/IMG_0908.jpg', 'https://www.square.mk/wp-content/uploads/2023/11/IMG_0898.jpg', 'https://www.square.mk/wp-content/uploads/2023/11/IMG_0899.jpg', 'https://www.square.mk/wp-content/uploads/2023/11/IMG_0908.jpg', 'https://www.square.mk/wp-content/uploads/2023/11/IMG_0898.jpg', 'https://www.square.mk/wp-content/uploads/2022/12/Logo-white.webp']"
https://www.square.mk/izdavanje-na-stanovi-vo-skopje/10086/,550 €,https://www.square.mk/wp-content/uploads/2025/02/IMG_2811.jpg,rent,550 €,БЕЗ ПРОВИЗИЈА,12 месеци,Трособен,Да,64 m2,Веднаш,Козле,Парно,2,ПВЦ,1,Да,2015,Не,Да,Не,Приземје,Не,Да,Да,Да,"['https://www.square.mk/wp-content/uploads/2022/11/Logo.webp', 'https://www.square.mk/wp-content/uploads/2025/02/IMG_2822.jpg', 'https://www.square.mk/wp-content/uploads/2025/02/IMG_2811.jpg', 'https://www.square.mk/wp-content/uploads/2025/02/IMG_2812.jpg', 'https://www.square.mk/wp-content/uploads/2025/02/IMG_2822.jpg', 'https://www.square.mk/wp-content/uploads/2025/02/IMG_2811.jpg', 'https://www.square.mk/wp-content/uploads/2022/12/Logo-white.webp']"
https://www.square.mk/izdavanje-na-stanovi-vo-skopje/10075/,450 €,https://www.square.mk/wp-content/uploads/2025/02/IMG_2591.jpg,rent,450 €,БЕЗ ПРОВИЗИЈА,12 месеци,Двособен,Да,52 m2,Веднаш,Водно,Инвертер,1,ПВЦ,1,Да,2012,Не,Да,Не,6,Не,Да,Да,Не,"['https://www.square.mk/wp-content/uploads/2022/11/Logo.webp', 'https://www.square.mk/wp-content/uploads/2025/02/IMG_2601.jpg', 'https://www.square.mk/wp-content/uploads/2025/02/IMG_2591.jpg', 'https://www.square.mk/wp-content/uploads/2025/02/IMG_2592.jpg', 'https://www.square.mk/wp-content/uploads/2025/02/IMG_2601.jpg', 'https://www.square.mk/wp-content/uploads/2025/02/IMG_2591.jpg', 'https://www.square.mk/wp-content/uploads/2022/12/Logo-white.webp']"
https://www.square.mk/izdavanje-na-stanovi-vo-skopje/10043/,800 €,https://www.square.mk/wp-content/uploads/2025/01/IMG_2037.jpg,rent,800 €,БЕЗ ПРОВИЗИЈА,12 месеци,Трособен,Да,60 m2,Веднаш,Аеродром,Парно,2,ПВЦ,1,Да,2018,Не,Нов,Не,1,Не,Да,Да,Да,"['https://www.square.mk/wp-content/uploads/2022/11/Logo.webp', 'https://www.square.mk/wp-content/uploads/2025/01/IMG_2047.jpg', 'https://www.square.mk/wp-content/uploads/2025/01/IMG_2035.jpg', 'https://www.square.mk/wp-content/uploads/2025/01/IMG_2036.jpg', 'https://www.square.mk/wp-content/uploads/2025/01/IMG_2047.jpg', 'https://www.square.mk/wp-content/uploads/2025/01/IMG_2035.jpg', 'https://www.square.mk/wp-content/uploads/2022/12/Logo-white.webp']"
https://www.square.mk/izdavanje-na-stanovi-vo-skopje/10046/,600 €,https://www.square.mk/wp-content/uploads/2025/01/IMG_2094.jpg,rent,600 €,БЕЗ ПРОВИЗИЈА,12 месеци,Трособен,Да,75 m2,Веднаш,Дебар Маало,Парно,2,ПВЦ,1,Да,2018,Не,Нов,Не,3,Не,Да,Не,Не,"['https://www.square.mk/wp-content/uploads/2022/11/Logo.webp', 'https://www.square.mk/wp-content/uploads/2025/01/IMG_2105.jpg', 'https://www.square.mk/wp-content/uploads/2025/01/IMG_2094.jpg', 'https://www.square.mk/wp-content/uploads/2025/01/IMG_2095.jpg', 'https://www.square.mk/wp-content/uploads/2025/01/IMG_2105.jpg', 'https://www.square.mk/wp-content/uploads/2025/01/IMG_2094.jpg', 'https://www.square.mk/wp-content/uploads/2022/12/Logo-white.webp']"
https://www.square.mk/izdavanje-na-stanovi-vo-skopje/10026/,700 €,https://www.square.mk/wp-content/uploads/2024/12/IMG_1752.jpg,rent,700 €,БЕЗ ПРОВИЗИЈА,12 месеци,Четрисобен,Да,135 m2,Веднаш,Тафталиџе,Струја,3,ПВЦ,2,Да,2000,Не,2024,Не,2,Не,Не,Да,Да,"['https://www.square.mk/wp-content/uploads/2022/11/Logo.webp', 'https://www.square.mk/wp-content/uploads/2024/12/IMG_1771.jpg', 'https://www.square.mk/wp-content/uploads/2024/12/IMG_1752.jpg', 'https://www.square.mk/wp-content/uploads/2024/12/IMG_1753.jpg', 'https://www.square.mk/wp-content/uploads/2024/12/IMG_1771.jpg', 'https://www.square.mk/wp-content/uploads/2024/12/IMG_1752.jpg', 'https://www.square.mk/wp-content/uploads/2022/12/Logo-white.webp']"
https://www.square.mk/izdavanje-na-stanovi-vo-skopje/10085/,600 €,https://www.square.mk/wp-content/uploads/2025/02/IMG_2793.jpg,rent,600 €,БЕЗ ПРОВИЗИЈА,12 месеци,Четрисобен,Да,100 m2,Веднаш,Црниче,Инвертер,3,ПВЦ,2,Да,,Не,Да,Не,1,Не,Не,Да,Да,"['https://www.square.mk/wp-content/uploads/2022/11/Logo.webp', 'https://www.square.mk/wp-content/uploads/2025/02/IMG_2808.jpg', 'https://www.square.mk/wp-content/uploads/2025/02/IMG_2793.jpg', 'https://www.square.mk/wp-content/uploads/2025/02/IMG_2794.jpg', 'https://www.square.mk/wp-content/uploads/2025/02/IMG_2808.jpg', 'https://www.square.mk/wp-content/uploads/2025/02/IMG_2793.jpg', 'https://www.square.mk/wp-content/uploads/2022/12/Logo-white.webp']"
https://www.square.mk/izdavanje-na-stanovi-vo-skopje/10084/,600 €,https://www.square.mk/wp-content/uploads/2025/02/IMG_2775.jpg,rent,600 €,БЕЗ ПРОВИЗИЈА,12 месеци,Четрисобен,Да,120 m2,Веднаш,Црниче,Инвертер,3,ПВЦ,2,Да,1989,Не,2021,Не,1,Не,Не,Да,Не,"['https://www.square.mk/wp-content/uploads/2022/11/Logo.webp', 'https://www.square.mk/wp-content/uploads/2025/02/IMG_2790.jpg', 'https://www.square.mk/wp-content/uploads/2025/02/IMG_2775.jpg', 'https://www.square.mk/wp-content/uploads/2025/02/IMG_2776.jpg', 'https://www.square.mk/wp-content/uploads/2025/02/IMG_2790.jpg', 'https://www.square.mk/wp-content/uploads/2025/02/IMG_2775.jpg', 'https://www.square.mk/wp-content/uploads/2022/12/Logo-white.webp']"
https://www.square.mk/izdavanje-na-stanovi-vo-skopje/10084/,600 €,https://www.square.mk/wp-content/uploads/2025/02/IMG_2775.jpg,rent,600 €,БЕЗ ПРОВИЗИЈА,12 месеци,Четрисобен,Да,120 m2,Веднаш,Црниче,Инвертер,3,ПВЦ,2,Да,1989,Не,2021,Не,1,Не,Не,Да,Не,"['https://www.square.mk/wp-content/uploads/2022/11/Logo.webp', 'https://www.square.mk/wp-content/uploads/2025/02/IMG_2790.jpg', 'https://www.square.mk/wp-content/uploads/2025/02/IMG_2775.jpg', 'https://www.square.mk/wp-content/uploads/2025/02/IMG_2776.jpg', 'https://www.square.mk/wp-content/uploads/2025/02/IMG_2790.jpg', 'https://www.square.mk/wp-content/uploads/2025/02/IMG_2775.jpg', 'https://www.square.mk/wp-content/uploads/2022/12/Logo-white.webp']"
https://www.square.mk/izdavanje-na-stanovi-vo-skopje/10013/,700 €,https://www.square.mk/wp-content/uploads/2024/11/IMG_1546.jpg,rent,700 €,БЕЗ ПРОВИЗИЈА,12 месеци,Двособен,Да,50 m2,Веднаш,Центар,Парно,1,ПВЦ,1,Да,2024,Да,Нов,Да,,Не,Да,Да,Да,"['https://www.square.mk/wp-content/uploads/2022/11/Logo.webp', 'https://www.square.mk/wp-content/uploads/2024/11/IMG_1558.jpg', 'https://www.square.mk/wp-content/uploads/2024/11/IMG_1546.jpg', 'https://www.square.mk/wp-content/uploads/2024/11/IMG_1547.jpg', 'https://www.square.mk/wp-content/uploads/2024/11/IMG_1558.jpg', 'https://www.square.mk/wp-content/uploads/2024/11/IMG_1546.jpg', 'https://www.square.mk/wp-content/uploads/2022/12/Logo-white.webp']"
https://www.square.mk/izdavanje-na-stanovi-vo-skopje/1896/,"1,000 €",https://www.square.mk/wp-content/uploads/2024/08/image001-27.jpg,rent,"1,000 €",БЕЗ ПРОВИЗИЈА,12 месеци,Четрисобен,Да,120 m2,Веднаш,Тафталиџе,Инвертер,3,ПВЦ,2,Да,2023,Не,Нов,Не,1,Не,Да,Не,Да,"['https://www.square.mk/wp-content/uploads/2022/11/Logo.webp', 'https://www.square.mk/wp-content/uploads/2024/08/image004-28.jpg', 'https://www.square.mk/wp-content/uploads/2024/08/image001-27.jpg', 'https://www.square.mk/wp-content/uploads/2024/08/image002-28.jpg', 'https://www.square.mk/wp-content/uploads/2024/08/image004-28.jpg', 'https://www.square.mk/wp-content/uploads/2024/08/image001-27.jpg', 'https://www.square.mk/wp-content/uploads/2022/12/Logo-white.webp']"
https://www.square.mk/izdavanje-na-stanovi-vo-skopje/10006/,700 €,https://www.square.mk/wp-content/uploads/2024/11/IMG_1415.jpg,rent,700 €,БЕЗ ПРОВИЗИЈА,12 месеци,Двособен,Да,62 m2,Веднаш,Водно,Инвертер,1,ПВЦ,1,Да,2007,Не,2024,Не,2,Не,Да,Да,Не,"['https://www.square.mk/wp-content/uploads/2022/11/Logo.webp', 'https://www.square.mk/wp-content/uploads/2024/11/IMG_1427.jpg', 'https://www.square.mk/wp-content/uploads/2024/11/IMG_1415.jpg', 'https://www.square.mk/wp-content/uploads/2024/11/IMG_1416.jpg', 'https://www.square.mk/wp-content/uploads/2024/11/IMG_1427.jpg', 'https://www.square.mk/wp-content/uploads/2024/11/IMG_1415.jpg', 'https://www.square.mk/wp-content/uploads/2022/12/Logo-white.webp']"
https://www.square.mk/izdavanje-na-stanovi-vo-skopje/1986/,700 €,https://www.square.mk/wp-content/uploads/2024/11/IMG_1063.jpg,rent,700 €,БЕЗ ПРОВИЗИЈА,12 месеци,Четрисобен,Да,111 m2,Веднаш,Центар,Парно,3,ПВЦ,2,Да,2011,Не,Да,Не,5,Не,Да,Да,Да,"['https://www.square.mk/wp-content/uploads/2022/11/Logo.webp', 'https://www.square.mk/wp-content/uploads/2024/11/IMG_1076.jpg', 'https://www.square.mk/wp-content/uploads/2024/11/IMG_1063.jpg', 'https://www.square.mk/wp-content/uploads/2024/11/IMG_1062.jpg', 'https://www.square.mk/wp-content/uploads/2024/11/IMG_1076.jpg', 'https://www.square.mk/wp-content/uploads/2024/11/IMG_1063.jpg', 'https://www.square.mk/wp-content/uploads/2022/12/Logo-white.webp']"
https://www.square.mk/izdavanje-na-stanovi-vo-skopje/1399/,400 €,https://www.square.mk/wp-content/uploads/2023/10/IMG_9647.jpg,rent,400 €,БЕЗ ПРОВИЗИЈА,12 месеци,Трособен,Да,97 m2,Веднаш,Карпош,Парно,2,ПВЦ,1,Не,2004,Не,Да,Не,2,Не,Не,Да,Не,"['https://www.square.mk/wp-content/uploads/2022/11/Logo.webp', 'https://www.square.mk/wp-content/uploads/2023/10/IMG_9655.jpg', 'https://www.square.mk/wp-content/uploads/2023/10/IMG_9647.jpg', 'https://www.square.mk/wp-content/uploads/2023/10/IMG_9648.jpg', 'https://www.square.mk/wp-content/uploads/2023/10/IMG_9655.jpg', 'https://www.square.mk/wp-content/uploads/2023/10/IMG_9647.jpg', 'https://www.square.mk/wp-content/uploads/2022/12/Logo-white.webp']"
https://www.square.mk/izdavanje-na-stanovi-vo-skopje/1938/,600 €,https://www.square.mk/wp-content/uploads/2024/10/image001-10.jpg,rent,600 €,БЕЗ ПРОВИЗИЈА,12 месеци,Двособен,Да,67 m2,Веднаш,Аеродром,Инвертер,1,,1,Да,2015,Да,2022,Не,6,Не,Да,Да,Да,"['https://www.square.mk/wp-content/uploads/2022/11/Logo.webp', 'https://www.square.mk/wp-content/uploads/2024/10/image011-9.jpg', 'https://www.square.mk/wp-content/uploads/2024/10/image001-10.jpg', 'https://www.square.mk/wp-content/uploads/2024/10/image002-7.jpg', 'https://www.square.mk/wp-content/uploads/2024/10/image011-9.jpg', 'https://www.square.mk/wp-content/uploads/2024/10/image001-10.jpg', 'https://www.square.mk/wp-content/uploads/2022/12/Logo-white.webp']"
https://www.square.mk/izdavanje-na-stanovi-vo-skopje/1932/,"1,500 €",https://www.square.mk/wp-content/uploads/2024/10/image001.jpg,rent,"1,500 €",БЕЗ ПРОВИЗИЈА,12 месеци,Четрисобен,Да,106 m2,Веднаш,Центар,Парно,3,ПВЦ,3,Да,2024,Да,Нов,Да,,Не,Да,Да,Да,"['https://www.square.mk/wp-content/uploads/2022/11/Logo.webp', 'https://www.square.mk/wp-content/uploads/2024/10/image014.jpg', 'https://www.square.mk/wp-content/uploads/2024/10/image001.jpg', 'https://www.square.mk/wp-content/uploads/2024/10/image002.jpg', 'https://www.square.mk/wp-content/uploads/2024/10/image014.jpg', 'https://www.square.mk/wp-content/uploads/2024/10/image001.jpg', 'https://www.square.mk/wp-content/uploads/2022/12/Logo-white.webp']"
https://www.square.mk/izdavanje-na-stanovi-vo-skopje/1463/,800 €,https://www.square.mk/wp-content/uploads/2023/11/IMG_1134.jpg,rent,800 €,БЕЗ ПРОВИЗИЈА,6 месеци,Четрисобен,Да,127 m2,Веднаш,Дебар Маало,Инвертер,3,ПВЦ,2,Да,1987,Не,Да,Не,1,Не,Не,Да,Не,"['https://www.square.mk/wp-content/uploads/2022/11/Logo.webp', 'https://www.square.mk/wp-content/uploads/2023/11/IMG_1147.jpg', 'https://www.square.mk/wp-content/uploads/2023/11/IMG_1134.jpg', 'https://www.square.mk/wp-content/uploads/2023/11/IMG_1135.jpg', 'https://www.square.mk/wp-content/uploads/2023/11/IMG_1147.jpg', 'https://www.square.mk/wp-content/uploads/2023/11/IMG_1134.jpg', 'https://www.square.mk/wp-content/uploads/2022/12/Logo-white.webp']"
https://www.square.mk/izdavanje-na-stanovi-vo-skopje/1525/,550 €,https://www.square.mk/wp-content/uploads/2023/12/IMG_2446.jpg,rent,550 €,БЕЗ ПРОВИЗИЈА,12 месеци,Трособен,Да,100 m2,Веднаш,Козле,Парно,2,ПВЦ,2,Да,2013,Не,Да,Не,1,Не,Не,Да,Да,"['https://www.square.mk/wp-content/uploads/2022/11/Logo.webp', 'https://www.square.mk/wp-content/uploads/2023/12/IMG_2460.jpg', 'https://www.square.mk/wp-content/uploads/2023/12/IMG_2446.jpg', 'https://www.square.mk/wp-content/uploads/2023/12/IMG_2447.jpg', 'https://www.square.mk/wp-content/uploads/2023/12/IMG_2460.jpg', 'https://www.square.mk/wp-content/uploads/2023/12/IMG_2446.jpg', 'https://www.square.mk/wp-content/uploads/2022/12/Logo-white.webp']"
https://www.square.mk/izdavanje-na-stanovi-vo-skopje/1525/,550 €,https://www.square.mk/wp-content/uploads/2023/12/IMG_2446.jpg,rent,550 €,БЕЗ ПРОВИЗИЈА,12 месеци,Трособен,Да,100 m2,Веднаш,Козле,Парно,2,ПВЦ,2,Да,2013,Не,Да,Не,1,Не,Не,Да,Да,"['https://www.square.mk/wp-content/uploads/2022/11/Logo.webp', 'https://www.square.mk/wp-content/uploads/2023/12/IMG_2460.jpg', 'https://www.square.mk/wp-content/uploads/2023/12/IMG_2446.jpg', 'https://www.square.mk/wp-content/uploads/2023/12/IMG_2447.jpg', 'https://www.square.mk/wp-content/uploads/2023/12/IMG_2460.jpg', 'https://www.square.mk/wp-content/uploads/2023/12/IMG_2446.jpg', 'https://www.square.mk/wp-content/uploads/2022/12/Logo-white.webp']"
https://www.square.mk/izdavanje-na-stanovi-vo-skopje/1923/,850 €,https://www.square.mk/wp-content/uploads/2024/09/image007-22.jpg,rent,850 €,БЕЗ ПРОВИЗИЈА,12 месеци,Трособен,Да,67 m2,Веднаш,Аеродром,Инвертер,2,ПВЦ,2,Да,2024,Не,Нов,Не,7,Не,Да,Да,Да,"['https://www.square.mk/wp-content/uploads/2022/11/Logo.webp', 'https://www.square.mk/wp-content/uploads/2024/09/image003-23.jpg', 'https://www.square.mk/wp-content/uploads/2024/09/image007-22.jpg', 'https://www.square.mk/wp-content/uploads/2024/09/image005-23.jpg', 'https://www.square.mk/wp-content/uploads/2024/09/image003-23.jpg', 'https://www.square.mk/wp-content/uploads/2024/09/image007-22.jpg', 'https://www.square.mk/wp-content/uploads/2022/12/Logo-white.webp']"
https://www.square.mk/izdavanje-na-stanovi-vo-skopje/1920/,"1,000 €",https://www.square.mk/wp-content/uploads/2024/09/image004-20.jpg,rent,"1,000 €",БЕЗ ПРОВИЗИЈА,12 месеци,Четрисобен,Да,110 m2,Веднаш,Центар,Парно,3,ПВЦ,2,Да,2011,Не,2024,Не,1,Не,Да,Да,Да,"['https://www.square.mk/wp-content/uploads/2022/11/Logo.webp', 'https://www.square.mk/wp-content/uploads/2024/09/image019-1.jpg', 'https://www.square.mk/wp-content/uploads/2024/09/image001-19.jpg', 'https://www.square.mk/wp-content/uploads/2024/09/image002-19.jpg', 'https://www.square.mk/wp-content/uploads/2024/09/image019-1.jpg', 'https://www.square.mk/wp-content/uploads/2024/09/image001-19.jpg', 'https://www.square.mk/wp-content/uploads/2022/12/Logo-white.webp']"
https://www.square.mk/izdavanje-na-stanovi-vo-skopje/1877/,"1,200 €",https://www.square.mk/wp-content/uploads/2024/08/image001-8.jpg,rent,"1,200 €",БЕЗ ПРОВИЗИЈА,12 месеци,Трособен,Да,78 m2,Веднаш,Центар,Парно,2,ПВЦ,2,Да,2024,Да,Нов,Да,,Не,Да,Да,Да,"['https://www.square.mk/wp-content/uploads/2022/11/Logo.webp', 'https://www.square.mk/wp-content/uploads/2024/08/image013.jpg', 'https://www.square.mk/wp-content/uploads/2024/08/image001-8.jpg', 'https://www.square.mk/wp-content/uploads/2024/08/image002-9.jpg', 'https://www.square.mk/wp-content/uploads/2024/08/image013.jpg', 'https://www.square.mk/wp-content/uploads/2024/08/image001-8.jpg', 'https://www.square.mk/wp-content/uploads/2022/12/Logo-white.webp']"
https://www.square.mk/izdavanje-na-stanovi-vo-skopje/1052/,900 €,https://www.square.mk/wp-content/uploads/2023/01/1052_WEB_00003.jpg,rent,900 €,БЕЗ ПРОВИЗИЈА,12 месеци,Четрисобен,Да,125 m2,Веднаш,Водно,Струја,3,ПВЦ,2,Да,2018,Да,Нов,Не,3,Не,Да,Да 2,Да,"['https://www.square.mk/wp-content/uploads/2022/11/Logo.webp', 'https://www.square.mk/wp-content/uploads/2023/01/1052_WEB_00012.jpg', 'https://www.square.mk/wp-content/uploads/2023/01/1052_WEB_00013.jpg', 'https://www.square.mk/wp-content/uploads/2023/01/1052_WEB_00000.jpg', 'https://www.square.mk/wp-content/uploads/2023/01/1052_WEB_00012.jpg', 'https://www.square.mk/wp-content/uploads/2023/01/1052_WEB_00013.jpg', 'https://www.square.mk/wp-content/uploads/2022/12/Logo-white.webp']"
https://www.square.mk/izdavanje-na-stanovi-vo-skopje/1850/,700 €,https://www.square.mk/wp-content/uploads/2024/07/image001-26.jpg,rent,700 €,БЕЗ ПРОВИЗИЈА,12 месеци,Двособен,Да,105 m2,Веднаш,Трнодол,Инвертер,1,ПВЦ,2,Да,2006,Не,Да,Не,2,Не,Не,Не,Да,"['https://www.square.mk/wp-content/uploads/2022/11/Logo.webp', 'https://www.square.mk/wp-content/uploads/2024/07/image014-5.jpg', 'https://www.square.mk/wp-content/uploads/2024/07/image001-26.jpg', 'https://www.square.mk/wp-content/uploads/2024/07/image002-26.jpg', 'https://www.square.mk/wp-content/uploads/2024/07/image014-5.jpg', 'https://www.square.mk/wp-content/uploads/2024/07/image001-26.jpg', 'https://www.square.mk/wp-content/uploads/2022/12/Logo-white.webp']"
https://www.square.mk/izdavanje-na-stanovi-vo-skopje/1849/,"1,200 €",https://www.square.mk/wp-content/uploads/2024/07/image002-25.jpg,rent,"1,200 €",БЕЗ ПРОВИЗИЈА,12 месеци,Трособен,Да,135 m2,Веднаш,Трнодол,Инвертер,2,ПВЦ,2,Да,2006,Не,Да,Не,1,Не,Не,Да,Да,"['https://www.square.mk/wp-content/uploads/2022/11/Logo.webp', 'https://www.square.mk/wp-content/uploads/2024/07/image019.jpg', 'https://www.square.mk/wp-content/uploads/2024/07/image002-25.jpg', 'https://www.square.mk/wp-content/uploads/2024/07/image003-25.jpg', 'https://www.square.mk/wp-content/uploads/2024/07/image019.jpg', 'https://www.square.mk/wp-content/uploads/2024/07/image002-25.jpg', 'https://www.square.mk/wp-content/uploads/2022/12/Logo-white.webp']"
https://www.square.mk/izdavanje-na-stanovi-vo-skopje/1442/,370 €,https://www.square.mk/wp-content/uploads/2023/10/IMG_0666.jpg,rent,370 €,БЕЗ ПРОВИЗИЈА,12 месеци,Двособен,Да,47 m2,Веднаш,Карпош,Парно,1,ПВЦ,1,Да,1970,Не,Да,Не,4,Не,Не,Не,Не,"['https://www.square.mk/wp-content/uploads/2022/11/Logo.webp', 'https://www.square.mk/wp-content/uploads/2023/10/IMG_0672.jpg', 'https://www.square.mk/wp-content/uploads/2023/10/IMG_0666.jpg', 'https://www.square.mk/wp-content/uploads/2023/10/IMG_0667.jpg', 'https://www.square.mk/wp-content/uploads/2023/10/IMG_0672.jpg', 'https://www.square.mk/wp-content/uploads/2023/10/IMG_0666.jpg', 'https://www.square.mk/wp-content/uploads/2022/12/Logo-white.webp']"
https://www.square.mk/izdavanje-na-stanovi-vo-skopje/1222/,480 €,https://www.square.mk/wp-content/uploads/2023/06/1222_WEB_00004.jpg,rent,480 €,БЕЗ ПРОВИЗИЈА,12 месеци,Трособен,Да,75 m2,Веднаш,Тафталиџе,Струја,2,ПВЦ,1,Да,2015,Не,Да,Не,2,Не,Не,Да,Да,"['https://www.square.mk/wp-content/uploads/2022/11/Logo.webp', 'https://www.square.mk/wp-content/uploads/2023/06/1222_WEB_00011.jpg', 'https://www.square.mk/wp-content/uploads/2023/06/1222_WEB_00001.jpg', 'https://www.square.mk/wp-content/uploads/2023/06/1222_WEB_00000.jpg', 'https://www.square.mk/wp-content/uploads/2023/06/1222_WEB_00011.jpg', 'https://www.square.mk/wp-content/uploads/2023/06/1222_WEB_00001.jpg', 'https://www.square.mk/wp-content/uploads/2022/12/Logo-white.webp']"
https://www.square.mk/izdavanje-na-stanovi-vo-skopje/1230/,490 €,https://www.square.mk/wp-content/uploads/2023/05/1230_WEB_00004.jpg,rent,490 €,БЕЗ ПРОВИЗИЈА,12 месеци,Трособен,Да,72 m2,Веднаш,Водно,Инвертер,2,ПВЦ,2,Да,2015,Не,Да,Не,1,Не,Да,Да,Подземен,"['https://www.square.mk/wp-content/uploads/2022/11/Logo.webp', 'https://www.square.mk/wp-content/uploads/2023/05/1230_WEB_00010.jpg', 'https://www.square.mk/wp-content/uploads/2023/05/1230_WEB_00000.jpg', 'https://www.square.mk/wp-content/uploads/2023/05/1230_WEB_00001.jpg', 'https://www.square.mk/wp-content/uploads/2023/05/1230_WEB_00010.jpg', 'https://www.square.mk/wp-content/uploads/2023/05/1230_WEB_00000.jpg', 'https://www.square.mk/wp-content/uploads/2022/12/Logo-white.webp']"
https://www.square.mk/izdavanje-na-stanovi-vo-skopje/1230/,490 €,https://www.square.mk/wp-content/uploads/2023/05/1230_WEB_00004.jpg,rent,490 €,БЕЗ ПРОВИЗИЈА,12 месеци,Трособен,Да,72 m2,Веднаш,Водно,Инвертер,2,ПВЦ,2,Да,2015,Не,Да,Не,1,Не,Да,Да,Подземен,"['https://www.square.mk/wp-content/uploads/2022/11/Logo.webp', 'https://www.square.mk/wp-content/uploads/2023/05/1230_WEB_00010.jpg', 'https://www.square.mk/wp-content/uploads/2023/05/1230_WEB_00000.jpg', 'https://www.square.mk/wp-content/uploads/2023/05/1230_WEB_00001.jpg', 'https://www.square.mk/wp-content/uploads/2023/05/1230_WEB_00010.jpg', 'https://www.square.mk/wp-content/uploads/2023/05/1230_WEB_00000.jpg', 'https://www.square.mk/wp-content/uploads/2022/12/Logo-white.webp']"
https://www.square.mk/izdavanje-na-stanovi-vo-skopje/1646/,350 €,https://www.square.mk/wp-content/uploads/2024/02/IMG_4940.jpg,rent,350 €,БЕЗ ПРОВИЗИЈА,12 месеци,Трособен,Да,71 m2,Веднаш,Кисела Вода,Инвертер,2,ПВЦ,1,Да,1985,Не,Да,Не,Приземје,Не,,Да,Да,"['https://www.square.mk/wp-content/uploads/2022/11/Logo.webp', 'https://www.square.mk/wp-content/uploads/2024/02/IMG_4948.jpg', 'https://www.square.mk/wp-content/uploads/2024/02/IMG_4939.jpg', 'https://www.square.mk/wp-content/uploads/2024/02/IMG_4940.jpg', 'https://www.square.mk/wp-content/uploads/2024/02/IMG_4948.jpg', 'https://www.square.mk/wp-content/uploads/2024/02/IMG_4939.jpg', 'https://www.square.mk/wp-content/uploads/2022/12/Logo-white.webp']"
https://www.square.mk/izdavanje-na-stanovi-vo-skopje/3301/,"2,200 €",https://www.square.mk/wp-content/uploads/2024/05/IMG_7204.jpg,rent,"2,200 €",БЕЗ ПРОВИЗИЈА,12 месеци,Петсобен,Да,280 m2,Веднаш,Бардовци,Инвертер,3,ПВЦ,3,Да,2010,Не,Да,Не,,Да,,Да,Да,"['https://www.square.mk/wp-content/uploads/2022/11/Logo.webp', 'https://www.square.mk/wp-content/uploads/2024/05/IMG_7223.jpg', 'https://www.square.mk/wp-content/uploads/2024/05/IMG_7203.jpg', 'https://www.square.mk/wp-content/uploads/2024/05/viber_image_2024-05-09_09-37-31-336-1.jpg', 'https://www.square.mk/wp-content/uploads/2024/05/IMG_7223.jpg', 'https://www.square.mk/wp-content/uploads/2024/05/IMG_7203.jpg', 'https://www.square.mk/wp-content/uploads/2022/12/Logo-white.webp']"
https://www.square.mk/izdavanje-na-stanovi-vo-skopje/1575/,470 €,https://www.square.mk/wp-content/uploads/2024/01/IMG_3557.jpg,rent,470 €,БЕЗ ПРОВИЗИЈА,12 месеци,Двособен,Да,48 m2,Веднаш,Водно,Струја,1,ПВЦ,1,Да,2021,Да,Нов,Да,Приземје,Не,Да,Да,Не,"['https://www.square.mk/wp-content/uploads/2022/11/Logo.webp', 'https://www.square.mk/wp-content/uploads/2024/01/IMG_3562.jpg', 'https://www.square.mk/wp-content/uploads/2024/01/IMG_3553.jpg', 'https://www.square.mk/wp-content/uploads/2024/01/IMG_3554.jpg', 'https://www.square.mk/wp-content/uploads/2024/01/IMG_3562.jpg', 'https://www.square.mk/wp-content/uploads/2024/01/IMG_3553.jpg', 'https://www.square.mk/wp-content/uploads/2022/12/Logo-white.webp']"
https://www.square.mk/izdavanje-na-stanovi-vo-skopje/1055/,700 €,https://www.square.mk/wp-content/uploads/2023/01/1055_WEB_00002.jpg,rent,900 €,БЕЗ ПРОВИЗИЈА,12 месеци,Четрисобен,Да,150 m2,Веднаш,Водно,Струја,3,ПВЦ,2,Не,00е,Не,Да,Не,1,Не,Не,Да 2,Да,"['https://www.square.mk/wp-content/uploads/2022/11/Logo.webp', 'https://www.square.mk/wp-content/uploads/2023/01/1055_WEB_00018.jpg', 'https://www.square.mk/wp-content/uploads/2023/01/1055_WEB_00001.jpg', 'https://www.square.mk/wp-content/uploads/2023/01/1055_WEB_00000.jpg', 'https://www.square.mk/wp-content/uploads/2023/01/1055_WEB_00018.jpg', 'https://www.square.mk/wp-content/uploads/2023/01/1055_WEB_00001.jpg', 'https://www.square.mk/wp-content/uploads/2022/12/Logo-white.webp']"
